Первая главная компонента,Вторая главная компонента,Кластер
-0.21048764560484767,0.36722723813408,0
-0.34052498010375215,-0.2306077294814219,0
-0.2438666624329254,-0.12028174436002174,0
-0.1511421317465173,0.055013607035010695,0
-0.012243479312076236,0.06888589137746724,0
-0.06674421725771416,-0.30605087094046346,0
-0.025047260531619337,0.36960321518804123,0
-0.1525703494523925,-0.16247282761862905,0
-0.24030260314587604,0.2626103685288343,0
-0.16280773754901473,0.3624293783652769,0
-0.06893129382650502,-0.013870913710610286,0
-0.08087265775523593,-0.444251515231496,0
-0.12753294667091392,-0.19600959059340037,0
-0.2081589728027559,-0.2155358948205837,0
0.030387644119225548,-0.179961807496666,0
0.06464017781437872,-0.2409907679560943,0
-0.19103120577328794,-0.00568594138011385,0
-0.17393027938446,0.31924655859933415,0
-0.024246185733839302,-0.2899931277978278,0
-0.2063556637933657,0.04526867714036095,0
-0.14746714280968518,0.00581117388752402,0
-0.19349995231023742,0.11736355916113157,0
-0.19446656738379145,0.2752955468469092,0
-0.03685811929150538,-0.37003106412118947,0
-0.3202993617557531,-0.2357425122850612,0
-0.27503833716283294,-0.11585508461648535,0
-0.3433684352297506,0.09004820700742597,0
0.08102780222745015,-0.2670485263187779,0
-0.18364372570603657,-0.03192991208234413,0
-0.17349016212228016,0.047216834604458705,0
-0.19085253261752164,0.04346407652665807,0
-0.14881282953379418,0.23198097792349764,0
-0.12820120430415177,0.361364797160041,0
-0.28312109480152187,-0.044090814017880633,0
-0.08305014618892821,-0.3418710910332103,0
-0.11024027531021119,0.3919470780442227,0
-0.1138809089726492,-0.30760744465749246,0
-0.2412340309331789,-0.27995655587581425,0
-0.3136531283521362,0.18783407133446237,0
-0.20454647688848004,-0.10737795277816076,0
-0.23589252870473976,0.29508820899650273,0
0.04451398063966435,-0.2169638230912277,0
-0.011265339054166443,-0.16111733124231023,0
-0.16019473237791543,0.12639947637325252,0
-0.13235561917649963,0.385800181723252,0
-0.02809627748015708,-0.4350717372588384,0
-0.19634512177824948,0.04627692456893412,0
0.06856238441188123,-0.3333094276325157,0
-0.2149424326171801,-0.14588069856502095,0
0.004946128473217369,-0.23193057327915767,0
-0.03237875292656968,-0.22768857776655188,0
-0.09194995588042941,0.2667779260518897,0
-0.06721938188263224,0.12226001197812676,0
-0.03854918228265488,0.03680198552609586,0
-0.18583824491091064,0.0013689870437269746,0
-0.1443200200022671,0.4160632818845112,0
0.015301700147840437,-0.030685402693187896,0
-0.2650847677336338,0.30188349771533407,0
0.011088229260265032,-0.2045673555716425,0
-0.17478562442670573,-0.15187603216795184,0
-0.019843746307523905,-0.3684958963400145,0
-0.17832588889862952,-0.20481377315030758,0
0.007473804976111304,0.11701543845005206,0
0.07927665143849469,-0.43074844900659365,0
-0.17781737134712827,0.07838990873132065,0
-0.29631888041933757,0.1474315474687369,0
0.06035176953028848,-0.3517927300034664,0
-0.23654824810478234,0.1167794650073572,0
-0.09899485242375954,0.37949415803281533,0
-0.00974447787504634,0.02661725163426737,0
0.02203535796383826,-0.24165105194717326,0
-0.09572247761369417,0.2783270609508832,0
-0.25787617862257933,0.0302044273294607,0
-0.24010741333765365,0.3205553240624581,0
-0.02614920392035387,-0.14678450513045246,0
-0.42403920896041913,0.022777206973685824,0
-0.4079475928598426,0.14888248674368554,0
-0.2037850241839697,0.23888314568849459,0
0.03745866219219108,-0.04957885434897171,0
-0.3128716729642182,-0.13404807071111716,0
-0.11222512470682743,-0.385277912629713,0
-0.070775914961058,0.05798368865528047,0
-0.27944608109939223,0.2973930022657042,0
-0.1693953572342026,-0.2799437490731968,0
-0.06348010697801872,-0.10825550697814845,0
-0.04507605936164286,-0.16262818999663187,0
-0.39092247827233645,0.3594932035598322,0
-0.42718181913020703,0.16103413511070777,0
-0.20210537724165722,-0.2247746633749021,0
-0.2347183882010571,-0.2873841226594326,0
-0.05744515478084052,0.06248454856429721,0
0.02454294737103341,-0.2515467455269174,0
-0.09561469978833637,-0.2914576471266579,0
-0.34176536942141583,0.0987191050288779,0
-0.033050038818274376,-0.3405613458960514,0
-0.2731608982150965,0.18841675033907462,0
-0.11683282604563082,0.22667760840377188,0
-0.2634884821008761,-0.14660209469228017,0
-0.18852223103723703,-0.10607469244081585,0
-0.4056331176873685,0.3121313382607046,0
-0.15983649022279686,-0.28181635702890784,0
-0.09803693044328848,0.25880071392219445,0
0.05830514453449719,-0.25694999457683576,0
-0.02596138207224042,0.4725672295753694,0
-0.20493479178216525,-0.2497248430674224,0
-0.1855337610891709,-0.23204359570487942,0
-0.09766478636796876,-0.2314816511917965,0
-0.3021490583349437,-0.1342604694158027,0
-0.1665791154964631,0.02598628958499603,0
-0.025461445091457032,-0.161639130020424,0
-0.2653174352012334,0.1938873327876817,0
-0.039269043557881696,-0.23153668345897838,0
-0.10651484705591098,-0.042994350099287135,0
-0.06847988696376969,0.03796825560896782,0
-0.08828907094944713,-0.0028174797565751713,0
-0.14602941481079076,-0.05667427636702637,0
-0.24570946792786502,0.42141856459222476,0
-0.4048866592811079,0.3125290348207431,0
-0.02706943433062595,0.22448550832981667,0
-0.2926027157932821,0.330354502441514,0
-0.004114415145329531,0.059355524997243767,0
-0.1190115887696101,-0.1348421886310805,0
-0.27179240381799297,-0.12973146410304084,0
-0.24255527850938877,0.024516003476316273,0
-0.3034695289443916,-0.30711010575674996,0
-0.2945162242415746,-0.05308541807239491,0
-0.38268613016203257,0.3826324271121913,0
-0.2851946566152086,-0.2291805003161434,0
-0.010789417613806761,-0.056069465840084355,0
-0.13041370762975027,-0.11419496742755272,0
-0.28258524375545785,-0.042820320332332,0
-0.007701379108664038,-0.04097225959213921,0
-0.3925608592972352,0.3663459033736015,0
-0.37905732693793387,-0.0484838237323081,0
-0.10367221153788872,-0.24962258276725033,0
-0.02606822184729702,0.1691391872936873,0
-0.2245227408127763,-0.07809243149722808,0
-0.3004800061191584,0.43179483035257576,0
-0.14517407561792928,0.13541958039215327,0
-0.16610560838347854,0.0549651408945824,0
0.010145313473325705,-0.4648015465090111,0
-0.2640895951075972,0.24785082808502,0
-0.3560697424611711,0.19852023182968315,0
-0.13424746629179804,0.08169759609006273,0
-0.05407431112582708,-0.502526183602393,0
-0.1624551438260376,-0.30939538860753263,0
-0.14280397803129055,0.43863982992202916,0
-0.2005780097576746,0.23133891015441954,0
-0.11685987391835054,-0.2772164529378098,0
-0.06199244851357132,0.39858566025815234,0
-0.1873933497835963,-0.30351965546050735,0
-0.2806734845278286,0.19048533807821108,0
-0.09028412391307136,-0.3663030338395418,0
-0.17515300701569153,0.18329946516605272,0
-0.21281023968736612,0.05444286405705928,0
-0.36987702500295416,-0.13241939497882832,0
-0.15120254193515958,0.3340695656703174,0
-0.2933080295670039,-0.048471221664247686,0
-0.19372034231906288,0.005855232903581006,0
-0.3323831653823999,-0.23789604594820454,0
0.046126432511407446,-0.5241494418578668,0
0.042879456771274554,-0.1407559905027896,0
-0.025705837822617435,0.08470113133379156,0
-0.07729137874844148,0.09237671030926357,0
-0.11837237017335969,0.07588898359474198,0
0.06526543873971268,-0.26698945394806023,0
-0.20033649453092137,0.15281820592873577,0
-0.3169362868360148,0.2818994285301116,0
-0.195896343637455,0.13993175657310614,0
-0.16761723214127397,0.4434983985914794,0
-0.2709145685668336,0.35285167966659914,0
-0.07842492663821728,0.3601615802601574,0
-0.3410824656945165,-0.2280770223356059,0
-0.3311623008210598,-0.18276908836802883,0
-0.24796403195771224,-0.1605247729602583,0
0.016665886613621898,0.040534987010556314,0
-0.02170153320965653,-0.17718518702293104,0
-0.17327779312090094,0.29772546314518133,0
0.04379841773204782,-0.35013722503255107,0
-0.03051651360620034,0.005681176848803908,0
0.08072434626962105,-0.38046015445198034,0
-0.18686007408765945,0.3113406102725517,0
-0.2533968399264686,0.0055216304304387545,0
-0.31408768103010526,-0.16238047691840968,0
-0.16496007129860096,0.01052160606354463,0
-0.11988024531234213,0.05019246658712782,0
-0.03751157354758915,0.2911594179388663,0
-0.21281483731123516,0.09999371945970348,0
-0.23394531931691287,0.23032475842412461,0
-0.011657355551297753,0.17229468398907832,0
-0.06466910175746575,-0.1531050246888623,0
0.0225082303401975,-0.1023220932160946,0
-0.3571126907564567,-0.08625655198691795,0
-0.04587912666423049,0.12224924649591111,0
0.11178460193687667,-0.409767723319835,0
-0.12083796039236602,0.36778253088299345,0
-0.14934468372017662,0.13882783069160423,0
-0.049292224748553895,0.3368438912646886,0
-0.2934884030515219,0.14555030664081953,0
0.04696008498036731,-0.4189851509336215,0
-0.06313611653503881,0.1126586919693043,0
-0.1981183913985215,-0.363662104626194,0
-0.23748966453120005,0.003570036454423428,0
-0.14641905834483282,-0.1597500448206938,0
-0.3074232329024166,0.03618548457330833,0
-0.24109853544680213,0.20604139754722106,0
-0.0436705979388761,-0.22212846540554498,0
-0.06802814725457428,-0.4307579156412665,0
-0.21066339703967474,0.2128089519901772,0
0.05848997114867923,-0.23237867151650585,0
-0.19691334982822936,0.20568276872863575,0
-0.052357923961253355,-0.18003873591547973,0
-0.2377894176507568,-0.2457374866270439,0
-0.36550222996493237,0.04339067246028866,0
0.06285719177596658,-0.19732241990467844,0
-0.30778199508881304,0.19588816596556613,0
-0.34759942096581836,0.375777740151828,0
-0.1645693603759421,0.3596858883988309,0
-0.400324795260077,0.039709757737335906,0
-0.02954956840193148,-0.3500119070572674,0
-0.2578302501460519,0.32825975938185886,0
-0.11385543431435242,0.03961012186735256,0
-0.24673050138264935,-0.16759529403585427,0
-0.0988923871510035,0.26270240154673147,0
-0.031018590585915922,-0.18394867651338484,0
-0.14665780164433337,0.1703374470811084,0
-0.05695537413143035,-0.2605012065830337,0
-0.1126721172480035,-0.058056996901584626,0
-0.3419836249459405,-0.03619878157507736,0
-0.39578038647010344,0.27989147179049084,0
-0.1996722689543934,0.03448725631124142,0
-0.034732873362093485,-0.29765246066020895,0
-0.2022553665301253,0.44618385520147397,0
-0.272826279421358,-0.21729753877256336,0
-0.2151549590813998,0.014290140231629913,0
-0.01908057986557046,-0.1839829188130145,0
-0.10972133883568429,-0.12733228344991893,0
-0.17556047339486988,0.05709108693140204,0
-0.14612539949734651,0.16653317876918938,0
-0.07573219412423943,-0.09456009024067534,0
-0.3128734976997278,0.3151136984061603,0
-0.12342846764351165,-0.06372390260512906,0
-0.07805830774274836,0.36421542889532976,0
-0.15782476343977447,-0.11930967079869226,0
-0.2434340620118261,-0.10478107700305732,0
-0.3134106089234331,0.3723649255286334,0
-0.0575597090230754,-0.2077009632889703,0
-0.15001332230012443,0.07096900590311801,0
-0.2006247210869693,-0.24117927625109217,0
-0.3081986552869829,0.4196157537443808,0
-0.326974354601717,0.28427613184964545,0
-0.014605675128934946,0.007605646902283608,0
-0.34713742958589905,0.27649932114604997,0
-0.011411211652121774,0.14896594285611722,0
-0.13221454707467006,-0.128314593256058,0
-0.3453961571004986,0.31357001134528883,0
-0.24715360828200622,-0.14108124809314393,0
-0.038308087851544416,0.356034894691661,0
-0.2125851235565229,0.28417713199007927,0
-0.2907922717890106,-0.07036539369984882,0
-0.3378025319932537,-0.24544407059724346,0
-0.1180239812186727,0.28876564615660494,0
-0.3001594039522415,0.1692648042615858,0
0.03230838604033396,-0.3642258286262983,0
-0.03369181808752505,-0.4799762438895466,0
-0.24168419742214767,-0.05955492399637071,0
-0.40522791534378594,0.050304908441704765,0
-0.2819992477839151,0.13374774584548085,0
-0.29153949276256247,-0.08846009969768087,0
-0.16141799522869787,-0.06696790394268802,0
-0.4156782563826879,0.17182376895636636,0
-0.14181110473371694,0.44072387131411095,0
-0.3068426542984088,0.31258558046620316,0
-0.09617395163205811,-0.40914953551493954,0
-0.09026895722068815,0.07143532057184494,0
-0.2406420033448631,0.020026890314668314,0
0.021335544431845425,0.02589255924244442,0
-0.10947892655934979,-0.24023032740499753,0
-0.28621581328414064,0.3883388674885533,0
-0.18153869971265776,0.3765039007269175,0
-0.0880529154058545,0.19392717361946096,0
-0.3913946161194309,0.019571316039054373,0
-0.04498969541908581,-0.1438935582318697,0
-0.13307234471072207,0.011031895873194045,0
-0.1499333561694772,0.05575725271192356,0
0.03606076553098033,-0.3883124618329224,0
-0.22446508152654912,0.28834790568327284,0
-0.06699578354360917,-0.053912187832301076,0
-0.3455180067202301,-0.033664723666198534,0
-0.3124123246961361,0.026899563737776445,0
-0.2404884748770813,-0.2613760715615011,0
-0.025762635420043572,0.20992215201696127,0
0.02775646664115925,-0.4063137828961884,0
-0.18853661005059838,0.14720328590801035,0
-0.25183375516909867,-0.04050146525962215,0
-0.2556854546644796,-0.005829461888703056,0
0.07053787225972162,-0.29788296794443364,0
-0.15618423605978252,0.04985555580611402,0
-0.10354299722847407,0.18828460777355316,0
-0.08643237274605166,0.44696508370394317,0
-0.11067887422195924,0.12315761314692197,0
-0.09217565052479688,-0.2743606532958464,0
-0.31239014305659957,0.4721821826915783,0
-0.08117659526397115,-0.34077350011419066,0
-0.2375053975419609,-0.027829812422732966,0
-0.3111420314207505,0.31534216863035214,0
-0.3236002740020067,0.1735111637144478,0
-0.365207681797218,-0.04028786574086876,0
-0.28896939774214786,0.16171362043685014,0
-0.2413226088710983,0.34755094174341616,0
-0.09090286370349777,-0.13273402092309747,0
-0.31195643280715635,-0.13702902113286977,0
-0.2894261567722627,0.33651709558082926,0
-0.3036133432172071,0.1854284846541552,0
-0.28055741603573886,0.2226710754685823,0
-0.335975834764658,-0.1282154172866747,0
-0.13971575259641286,-0.19111228730701357,0
-0.25758243555221255,-0.1817028652912805,0
-0.10229460482971037,-0.3868401580017474,0
-0.03480312469372312,-0.2237460255487098,0
-0.3182197757677485,0.15932679714612996,0
-0.013162761904198256,0.35232374112462644,0
-0.30697779748495074,-0.09107700609942868,0
0.016550653746423498,-0.3658661576774983,0
0.050482511758100354,-0.44624359736885083,0
-0.036546489554540075,0.23930657955958748,0
-0.1942628841493433,0.23143692478281705,0
-0.22307276404353094,0.42502455141709355,0
-0.1422003110053998,0.3127217222568627,0
-0.2349875099677145,-0.04265665640997249,0
-0.3645387936179123,-0.03614109842685031,0
-0.15686890492561656,0.11165205746493018,0
-0.36954278082981973,0.166470619231873,0
-0.2866559731350621,-0.2872736754396575,0
-0.32301333028694584,0.03579608501759235,0
-0.11670297367245379,-0.2578091738881148,0
0.0828568536367661,-0.42018241591823974,0
-0.08222950090282748,0.1553316400345807,0
0.004263605049856726,0.2626636965153069,0
-0.09303310064217324,-0.4099141137648016,0
-0.11630210297616139,-0.10710395278528687,0
-0.2506460923160328,0.1839540940088403,0
-0.22228907051550972,-0.10144689545067315,0
-0.3121074438796549,-0.0051091566122898405,0
0.06405052719142575,-0.35469594200061283,0
-0.26661735422191984,0.21129910147738523,0
-0.05432671787410937,-0.4830053282483332,0
0.06922487685293806,-0.3828871643385477,0
-0.11808457048627109,0.2820795657326467,0
-0.4071220829384291,0.2913091414694646,0
-0.22192848960813133,-0.03031165650719949,0
-0.2261875350144335,0.41403635428462604,0
-0.11156203039041546,0.17271411096222042,0
-0.07676007722726459,0.058854751252628325,0
-0.030071822390139856,-0.4337753765589763,0
-0.048996435826880104,-0.48990027533196484,0
-0.3039429782700629,0.3085123187440691,0
-0.1479637216571424,-0.3402173724393862,0
-0.3382835814924731,0.3653047055786419,0
0.02431565171169753,-0.2028870733668848,0
-0.20699224233103933,-0.3006852881516778,0
0.06369392271819478,-0.33721729962287195,0
-0.3630147294425756,0.24086437499624805,0
-0.20705155764306477,-0.3461307408558806,0
-0.03801735900273755,0.3480104142399145,0
-0.1494296258140898,-0.015349636729920707,0
-0.007663026787917967,0.03280913328093723,0
-0.2548150246270933,0.15919840300853066,0
-0.3314658372494098,0.44643897843666797,0
-0.23469838847152882,-0.22597599605723298,0
-0.44764448819867064,0.13817895632264587,0
0.0308478100174081,-0.1375603996238137,0
-0.2704728430006367,0.08083832878141457,0
-0.1956617397348075,0.11030767481273739,0
0.025778833143754756,-0.33284754579577375,0
-0.11220489444292069,0.3555475530373997,0
0.0022524762203341353,-0.1877817456728077,0
-0.2606318441410499,-0.20774488883007663,0
-0.4362239927963573,0.10801858392728228,0
-0.3896859365665199,0.2152436531339961,0
-0.32184769576795563,0.4834714824744687,0
-0.11116977625988927,-0.3922662901550295,0
-0.0924916793002271,-0.39540865569953537,0
-0.32291597513386533,0.22226657281722886,0
-0.08492545843854853,0.42703661062165466,0
-0.04588142688993549,0.3347849563046635,0
-0.18725964603492154,0.3869119576565467,0
-0.08069293373095203,-0.2756013974067916,0
-0.11869742530877048,-0.3362334843079773,0
-0.04854838545198551,0.30182607637096004,0
-0.2660363839111147,-0.20654573131508785,0
-0.355962045254807,0.27860796927452924,0
-0.32106797461276576,0.11528487654014845,0
0.03745188617757072,-0.0862012781047023,0
0.056606698846497695,-0.17942118800812737,0
-0.196554480747845,-0.3281889222681586,0
-0.25175277851565997,0.41212567200005873,0
-0.2660705603797166,0.25884303546474646,0
-0.09916553495316822,0.19622096960139934,0
-0.3057767779269431,0.1635107916342409,0
-0.04534777349386739,-0.5437712921872373,0
-0.186215173451699,-0.23421273727269493,0
-0.36323689625325567,0.1511573110046336,0
-0.0873782428748549,-0.4393302258729354,0
-0.339146053493156,-0.00041408177273368846,0
-0.08492374079122657,0.006750311511353917,0
-0.298306465924669,0.062065477944300396,0
-0.05909768172767806,0.31362318077547985,0
0.07697049924569177,-0.38090616016609696,0
-0.24638525970526806,0.45754641445028116,0
-0.34411756322169734,0.2878432360130679,0
-0.1313521310451423,0.2312472150279297,0
-0.2880152560692968,0.1929539093918743,0
-0.27467811206709264,0.3188064408000362,0
-0.219093193663528,0.4504780251423846,0
-0.2549827800944776,-0.1477203622641374,0
-0.03871393927007288,-0.4357976365417572,0
-0.1978508058877322,0.3378604095423822,0
-0.08949800643144995,0.17545059945516953,0
0.022945745041215253,-0.00730736694745426,0
0.10718417347184765,-0.37358505695911726,0
-0.2681931584091167,-0.16341536448675242,0
-0.08873855123983532,-0.22578503014792828,0
-0.23240247564231317,-0.06432145133696203,0
-0.32544391166834113,0.07297755433283257,0
-0.1217164661450595,0.261083856828593,0
0.09114142667002219,-0.31447138649190753,0
-0.08667673679577693,-0.2517181151522275,0
-0.23522703264165154,0.43906285220973973,0
-0.30151367596278705,-0.17824981013611538,0
-0.3231209442344473,0.37200999646015387,0
0.025982553452939275,-0.20280575975210827,0
-0.1708383909139827,-0.2751164984283896,0
-0.03925140808612093,0.33160123012328,0
-0.2806178444317658,0.05593202272485362,0
-0.2337011441412572,0.3380141240879937,0
-0.4214439089626671,-0.045325689388788594,0
-0.28099066564739256,-0.3781786986146988,0
-0.0903727882302322,0.37413536831365796,0
-0.3215344928665237,0.08873495720154995,0
-0.10940565420397336,-0.4383234323482034,0
-0.11797431179228164,0.1778777495513605,0
-0.2167131022936067,0.32870403575686696,0
-0.06618968781311076,0.015768294776792237,0
-0.05507127861857017,0.002716473987899893,0
-0.22077885404100797,-0.1337951478582783,0
-0.1961589554893532,0.1638577353441304,0
-0.17027010051019198,-0.4112275050215947,0
-0.20443019584356287,-0.01321950869643699,0
-0.20652267805497582,0.18379739116218077,0
-0.017510999180710078,-0.41873488115604257,0
-0.011574202629035264,-0.36922311355073123,0
-0.3649385134018934,0.0035133796211770413,0
-0.3364103747877595,0.43910565340809193,0
-0.3708311809667425,-0.06869052093396201,0
-0.18048833750311824,-0.04455525545799387,0
-0.11059916355719801,0.30890548220379693,0
-0.25760047686167425,-0.11161113254197565,0
-0.24855900451721163,-0.2877551190067262,0
-0.3005758906924717,0.3506702983479838,0
-0.09329822868447368,-0.1811268357435409,0
-0.2815623934427323,0.3129678263638249,0
0.05571700333652905,-0.20099113731426674,0
-0.32868176142285155,0.07509806022623192,0
-0.1286524020592974,0.47376470435602197,0
0.028908422693707386,-0.4249834228250546,0
-0.07218539293332864,0.2961496909099375,0
-0.09636579777507796,-0.07922546310141546,0
-0.40129423379991425,0.2743034080802835,0
-0.18078253966436333,-0.38378890136120797,0
-0.11223284353880426,-0.20111089981703692,0
-0.043542657097390046,-0.2559645416798137,0
-0.16517754995040912,0.061827931272307166,0
-0.375781121705056,0.03192957116075891,0
-0.20740237610508291,-0.11010928947766052,0
-0.16115290519396064,-0.23799954318065997,0
0.021964452615929275,-0.29520101227227674,0
-0.2565799624460136,0.448253008881749,0
-0.0776964602012027,-0.13712035924615976,0
-0.14803606512913306,0.3458592242996081,0
-0.3498789207448367,0.17635838198434398,0
0.062276160978092424,-0.27732646730598115,0
-0.019056606095530424,0.2259123249485825,0
-0.21016839361463435,-0.2532343793710762,0
-0.24631384921770336,0.03660905346266131,0
-0.036895887898662084,0.23472136007409614,0
-0.19659182214085652,0.15196975519624845,0
-0.20812404319500588,-0.017645098010057873,0
-0.26943076795811993,-0.2174652434740155,0
-0.1407784665618145,-0.08256474552809143,0
-0.1318309366914169,-0.379557489075812,0
-0.12907120229556343,-0.31613037629639323,0
-0.007298698251512852,-0.21522421333860908,0
-0.17649652893439197,-0.0846703816354023,0
-0.020060879618294385,0.18930506388458704,0
-0.24502721236600555,0.07559067834925659,0
-0.2913360468227623,0.3364186137781166,0
-0.08698914771237776,0.11194965805824207,0
-0.07849973915862297,-0.3725455596760273,0
-0.34742750480207574,0.06448801185146258,0
-0.04303545862368107,0.3457797815238409,0
-0.23759950028059396,-0.12351951253990663,0
-0.011480341158437466,-0.4255391377326427,0
-0.15936299373688995,-0.31312204123796644,0
-0.38152937000832265,0.1996922070676109,0
-0.002417235179340744,0.04233910152878515,0
-0.15231557122650635,-0.016768379742818047,0
-0.05635773972832508,0.22758107288130064,0
-0.13531286201968912,0.20341061246049405,0
-0.1507847556689086,0.22398416970059987,0
0.045822672050045754,-0.503011605531414,0
0.013294163329980282,-0.20488723951580382,0
-0.23735461725996743,-0.28455943780069054,0
-0.23146854184813337,-0.2711339492345131,0
-0.002784123615477593,-0.41509064957970027,0
-0.06830754002701787,0.35409862461151753,0
-0.09608392615146509,-0.329103349154788,0
-0.026232927413345663,0.3888290128191909,0
0.01840566695562517,0.029278059517987936,0
-0.36161236139381264,-0.07704702464885019,0
0.011893322172463883,0.12177927629358129,0
-0.06373107536481036,0.31244272559126807,0
-0.04302800299736711,0.27276140960923534,0
0.021464874094326902,-0.2751165386828566,0
-0.21080019734269234,0.15465620262922955,0
-0.3094994058448905,0.1688576292857581,0
-0.2545815941285279,-0.37271874708591896,0
-0.057988978712329955,0.3162535284743934,0
-0.10850222439371515,-0.3630225548347021,0
-0.25808477470018915,-0.36628253411561673,0
-0.12056391961732384,-0.07574604101232245,0
-0.18345080479754636,0.2868598508437409,0
-0.4203577561469014,0.30639232813254796,0
-0.08015151677311831,0.18552913869561688,0
-0.3911908739515732,-0.06761343987296485,0
-0.4193508462960949,0.30056012743652405,0
-0.15324579875129304,0.04504415712478009,0
-0.11239272400800908,0.3459091471916794,0
-0.2754220595581798,-0.026625419625339944,0
-0.16958073328106907,0.445717401598451,0
-0.14371310955288144,-0.1734877828407585,0
-0.2446212104261019,0.4048190606268199,0
-0.06854206615880472,0.27067571247411487,0
-0.29722213310801626,0.28728561784539797,0
-0.10967790270469666,-0.2814203278850383,0
-0.2719088445384468,0.39458431195131805,0
-0.21774690992255807,0.06669418256446785,0
-0.09206329845348742,-0.06787679136916962,0
-0.1752130442555142,-0.004127047302612793,0
-0.1615750539868131,-0.14977680048049694,0
-0.2500649381142657,-0.25668544237170693,0
-0.21181820596064962,0.09813306902464403,0
-0.154130280424887,-0.2786251956825242,0
-0.32874299057137735,0.160894144298366,0
-0.0018653809814795507,-0.4663844301181909,0
-0.29126886269064034,-0.0101723745099651,0
-0.08254444056035126,-0.19787695985314951,0
-0.12326911404186792,-0.3217528856269616,0
-0.03396723902824661,-0.24379588236320351,0
-0.12422658205957658,-0.2959618523212784,0
-0.04755713934693487,-0.028043455824264176,0
-0.20619752780595668,0.4121624473240855,0
-0.16868521478831583,0.012292593250617757,0
-0.3916971327257783,0.27329683964358586,0
-0.21568907616514582,-0.33692208945261715,0
-0.13643520108600252,0.22653774879218685,0
-0.021823267467703696,0.23677230609755912,0
-0.2126380875211139,0.2196186201763784,0
-0.045600263753039626,-0.11217096357820322,0
-0.15523200816349023,-0.05418533501841514,0
-0.1404201864446237,-0.40319092885054897,0
-0.061248661242878706,0.07771503831877681,0
-0.14394953984822376,0.18780729576403007,0
-0.07156331335756465,0.41252405176345935,0
-0.12897161055950113,0.47072819998940074,0
-0.19211982537377423,0.1103930644090907,0
-0.2069529142867053,-0.3680762118612512,0
-0.15206040830138862,-0.013887944963497064,0
-0.18562717994040626,-0.3445823023932065,0
-0.34801920696076316,0.3584552812066859,0
-0.2968397407250294,0.3661636009042629,0
-0.05281505952882607,-0.2839471694344933,0
-0.17291574091962728,0.3413894835478359,0
-0.20468976529821947,0.4067592432658339,0
-0.04879191762708674,0.08443896168578129,0
-0.015617272346198722,-0.37151209207091046,0
-0.3096745766219445,-0.1535555035358358,0
-0.07227051997718488,0.35728412624586786,0
-0.1372524130188642,-0.28672399496469275,0
-0.16941831871631732,-0.2933809502690322,0
0.05970135435255455,-0.24633623278949124,0
-0.024822119188859456,-0.3493810837415592,0
-0.08156875381978099,0.22396132986964087,0
0.02670374450955951,-0.4528491924096914,0
-0.3184889293162373,0.15165702322214655,0
-0.10279553813919498,-0.2569359776898969,0
-0.09153905979138932,-0.06082700136548546,0
-0.25556637771390756,-0.2334099663254478,0
0.02026641244654834,-0.10131521118389365,0
-0.07466872529923795,-0.1102170129408698,0
0.004195091796466853,-0.09161949052173261,0
-0.3373393832689219,-0.2363427321377168,0
0.036656641722717306,-0.204395279949555,0
-0.16125860091542585,0.32010320719599583,0
-0.13341066080144687,-0.27461739544368763,0
-0.13097792852154627,-0.019808709692770807,0
-0.32827798430372174,0.15446693422519633,0
-0.011217267806117601,-0.009391949482715661,0
-0.01882783664447487,-0.4286376644083159,0
-0.2665844692884593,-0.30942225582107385,0
-0.018785768902740734,-0.28352415619230753,0
-0.28237476398667444,0.030967156247393535,0
-0.2676807874764238,-0.2339472327560628,0
-0.3204052739145812,0.09497362564997262,0
-0.06830033560731437,-0.1473632206172575,0
-0.11761630581889426,-0.11669203830213387,0
-0.13237382768331907,0.21997880250611393,0
-0.13953068142198585,0.20464945309612714,0
-0.24361629382860492,0.3945978598542027,0
-0.4047505719033211,0.31482086683559435,0
-0.31833479979934665,0.057213591204409255,0
-0.06325596641951899,0.019147261639407373,0
-0.2560081138519577,0.28729619370805204,0
-0.34728171430578614,0.07242678150695143,0
0.0057671735764133454,-0.08859918659053248,0
-0.051246449113032555,0.23333189352193584,0
0.02140373695358885,0.13907496283777834,0
-0.26846534545699763,0.11416485176582934,0
-0.18508249836469476,0.002081196498032975,0
-0.04010484611558585,0.11720795478340267,0
0.06430027055568185,-0.19769623027266622,0
-0.0013517800484041434,0.15170096134005198,0
-0.2662426739595857,0.057382859510746106,0
-0.052696071210658904,0.1040891508909718,0
-0.11309827869128018,0.277983308748616,0
-0.13703612203231938,-0.14042316251867687,0
-0.35354200356110055,0.22311392363644617,0
-0.03743186150299595,0.17796982015662444,0
-0.03008786555686872,-0.24319599074210924,0
-0.13707661662328072,-0.39574021361647355,0
-0.10134646122989842,-0.1376724155279988,0
0.058081545722857036,-0.3599727450602725,0
-0.02894478557924996,-0.3003650167684369,0
-0.03253495004148651,0.02363753112783211,0
-0.1611414532351564,-0.2293758675438057,0
-0.28813386647888345,0.14177967538146194,0
-0.23891809066672118,0.032679939207522525,0
-0.25549561264223,-0.0295172141738068,0
0.01722764410362032,-0.41541191988083337,0
-0.12172804609655259,-0.29934399506945486,0
-0.40102732486115594,0.011015435099758945,0
-0.13261173324225867,-0.12171114903461688,0
-0.0961438089162972,0.26266592447787035,0
-0.038073807576175615,-0.26008040742105165,0
-0.09361917764243952,-0.04413163570353725,0
-0.31323114594588075,-0.02341334417921572,0
-0.08053183037713287,-0.2186288780517859,0
0.005736761137520777,-0.1062482830109647,0
-0.03666331158478278,0.38861978114128537,0
-0.3119249909266619,0.18287291718378415,0
-0.4015073655104666,0.2811374197888662,0
-0.24142380173748354,-0.1947636236676463,0
-0.030686883398527598,0.42645246273623205,0
-0.08757876599022367,0.2594727953045244,0
-0.2864991577992518,-0.07886810879417441,0
-0.1664503358208079,-0.15544683257655906,0
-0.03949984748340885,0.0030650016545744046,0
-0.10776309392954662,-0.31102677339132484,0
-0.25645791420740277,-0.37229827618600164,0
-0.24355179883000594,0.32524098179037825,0
0.08596639710065616,-0.40629792075959287,0
-0.34755410366681067,-0.09595931250834287,0
-0.31899209535098577,-0.11083383187985131,0
-0.3849247838033802,0.3556481390621532,0
-0.22095051657739911,-0.10350297451910652,0
-0.07085978763130012,-0.1925993526764424,0
-0.28844891084431645,-0.06489511137720838,0
-0.2931398094860324,0.36158263779077143,0
-0.2323025122925649,-0.012405242941103527,0
0.05482657744774317,-0.3912070308528887,0
-0.08048561991321727,-0.18817460858860038,0
-0.033616312311063726,0.3149206374748461,0
-0.07762976966125125,-0.41562933061436835,0
-0.04145961845785432,-0.4179369567691258,0
-0.2974426272807933,0.28301357159032453,0
0.08655916518578805,-0.2485110619816779,0
-0.03149497667211786,0.08482944696266893,0
-0.07756488425818385,-0.06556998981301868,0
-0.27794176968143064,0.04909684075437577,0
-0.14179544078228648,-0.23480249526688807,0
-0.019419733799390063,-0.5297010908666523,0
-0.05285209609304644,-0.2595001221972387,0
-0.20118448405960082,-0.3854569396047052,0
-0.10164383926071778,-0.3903347251240819,0
-0.07160238449440755,0.3642098338044654,0
-0.3339226539233062,0.2117093137753544,0
0.006771051577744608,-0.18187744261880365,0
-0.310104726967428,-0.07225463933828498,0
-0.21054317370742065,0.40526996216137473,0
-0.38690231615413556,0.3651029483603186,0
-0.28759345090869215,-0.008723383500305078,0
-0.006746073515741813,-0.09328449282777636,0
-0.19790059309011915,0.29014963252554277,0
0.022471029256784902,0.29110613239526545,0
-0.3602871953084539,0.3293260569510251,0
-0.34678362225915843,-0.05018609968545649,0
-0.07319905437714433,0.46822090165185287,0
-0.3857392591041065,-0.05655226444693821,0
-0.38761111533626935,0.017008598957591187,0
-0.17108022932476327,0.03421574102272129,0
0.04449342799372715,-0.14599494240551297,0
-0.3391721647637769,-0.013394248900237448,0
-0.14462638019430463,-0.19170174674430235,0
-0.09656330779984747,-0.21809082486735717,0
-0.05156889603763903,-0.37361961254145004,0
-0.21692316885244628,-0.24622504773571194,0
-0.33337302927664175,-0.017027083013525186,0
-0.3130367981673168,0.010185306853903321,0
-0.3231636052596845,0.22738028579548542,0
-0.36889865715039866,-0.08505714700119059,0
-0.1236729550970592,0.31464465117621276,0
-0.2801071562371076,-0.3761809507409948,0
-0.30029970708843146,-0.29911612884099514,0
-0.16395934126803705,0.32976536178791094,0
0.0471185691410291,-0.23663763140654845,0
-0.2073571813961814,0.33091963932600177,0
-0.09006459687629556,-0.18461950415735456,0
-0.11814093444014873,0.3700627578725399,0
-0.1279617845422224,0.01812193872062081,0
-0.16585543070403758,-0.1275749121390844,0
0.028840451132324012,-0.18206420842962762,0
0.0016253409318401119,0.07525776851432799,0
-0.14868724210222045,-0.3674246967601261,0
-0.25018638679771515,-0.22750748511915295,0
-0.223954174582574,0.2519029024193098,0
-0.035775301213259884,-0.1381183593304823,0
-0.10192169376109053,-0.18916962067304008,0
-0.29197086521415444,0.14649600228025975,0
-0.13054608709436671,-0.1992404072673022,0
0.002897905306401124,-0.34554062774492744,0
-0.12981063613275318,-0.2668173575609312,0
0.03674062618085239,-0.2194235289542585,0
-0.18875058978525874,-0.10928164900290684,0
-0.21466891105096236,0.20431796968772184,0
-0.04505658417135966,-0.24732777168776202,0
-0.024654487359742915,0.117804612869984,0
-0.3852466294916722,-0.02532599761644992,0
-0.080626572390542,0.16297670694384447,0
-0.31886011372691764,0.15954065046186364,0
-0.08191626212100342,0.30476614714646805,0
-0.06271039492616655,-0.4153512039815831,0
-0.1744658587573503,0.310425808281955,0
-0.3837874664187138,0.3627460651685119,0
0.0845616192207687,-0.38377653247951315,0
-0.21067759430848088,-0.041061771668634936,0
-0.33973283363586065,0.04888537178490113,0
-0.261540579203778,-0.19680739119291288,0
-0.20251029611325905,0.09468943194291629,0
-0.20652179600216278,0.3303585465737207,0
-0.21530100460404863,-0.1877450279733635,0
-0.090472934009126,0.2848409506415439,0
-0.10431536351830459,-0.03905610174840711,0
-0.09215951302533126,-0.39693916640541327,0
-0.2871482608839914,-0.3951232701909162,0
-0.23392001172145435,0.12089783616410638,0
-0.11379869544795287,-0.2375487352265449,0
-0.24911455232188925,-0.0887760364613759,0
-0.27075421784856113,0.02324169451061308,0
-0.37555767208208485,0.3119031472835961,0
-0.17243206558988597,0.11582424250665589,0
-0.23694859452738384,-0.11987967147153121,0
0.050050520284662725,-0.46853651513664507,0
-0.07695463381884987,0.4811960312628594,0
-0.30324710220845585,-0.17963340936558936,0
-0.08771752237536258,-0.2984191006380917,0
0.07657408912788424,-0.4022103402587338,0
-0.29494361003383723,0.062456283908871014,0
-0.40406451113907593,0.3428473714374385,0
-0.1487672607940832,0.19721108680694527,0
-0.22089420843570876,-0.3002989093188701,0
-0.047055371213889224,-0.32771535062958934,0
-0.1269058331546013,-0.10847429938740932,0
-0.048226988011075125,0.33464440520894084,0
-0.18298653932878486,0.33512528858872176,0
-0.02057576459974929,0.026956597575529987,0
-0.19167431559571071,-0.06462159279304304,0
-0.3003890199078642,0.43167313779232347,0
-0.07741106788118464,-0.1520713179625074,0
-0.33162651369378066,-0.03081591157105669,0
-0.14137322372809474,0.4623034366598949,0
-0.27867424499502935,0.3671461794485693,0
-0.3714028915070816,0.04140456811972782,0
-0.2742372771190503,-0.18914201255563165,0
-0.23728881067046512,-0.28056699912999195,0
-0.31832617689254206,0.06138201997189239,0
-0.2973517032527976,0.17591878967363048,0
0.004117113060114162,-0.4284402763956431,0
-0.1231506692906185,0.03173896920015894,0
-0.3379286857310939,0.15216426839636837,0
-0.3636204581048553,0.049901720978377376,0
-0.1793788272367894,0.4512352957791354,0
-0.37144087342093074,0.17310384898687073,0
-0.23612927616221982,-0.003680120774475582,0
0.033911395779430566,-0.361521425773959,0
-0.12679113653473978,-0.19706298425866323,0
0.07037650370323983,-0.24455098903613756,0
-0.27151846800325696,-0.032618765411935355,0
-0.2483114903889018,0.3485208009748363,0
-0.19899384377156956,0.10024679146787237,0
-0.045793601340364025,-0.5390569258982693,0
-0.09193341914757432,0.4109575933748289,0
-0.16914531064260194,-0.3244760826622388,0
0.04474624114828702,-0.14236544966539177,0
-0.22969938055187872,0.19164519659047732,0
-0.06623486412642267,-0.2402068187526299,0
-0.16721767974608345,-0.2910312719835559,0
-0.24027717032733079,0.41448877794525274,0
-0.21601237827981024,0.3423917900806907,0
-0.15103350787924483,-0.14215786798118044,0
0.06088610958389081,-0.5746006499294097,0
-0.18467011966907165,0.44217185088201477,0
-0.1617641464293251,-0.13253119152041742,0
-0.1683587755383561,0.3210784966683647,0
-0.11522355838299206,-0.11647287377591535,0
-0.34279409278567896,-0.09540485162709202,0
-0.021487977981779136,0.372843759924275,0
-0.15839107326006924,-0.15147748760516846,0
0.10355957098898735,-0.3372410021026472,0
-0.05072510086805175,-0.31896827818457063,0
-0.029250559825301944,0.4385572214824398,0
-0.40274310031840116,0.21446898982692933,0
-0.3465820684165703,0.2266465217203323,0
-0.0812271656421762,0.04804028671085653,0
-0.20035986125288743,0.3088193641757519,0
-0.009265385672439359,-0.30847022764155746,0
-0.2823947704475471,-0.23025075410425128,0
-0.09703285425487544,-0.2597958440423676,0
-0.44918855577452443,0.26659038460170476,0
-0.04222181836305328,0.4572988380000503,0
-0.25038297904585255,-0.3583033525587232,0
-0.17301999110467797,0.18448945159243738,0
0.01759404919094578,-0.1194231483964136,0
-0.0650722940702791,-0.3535882468059746,0
-0.15455253227188775,0.42259719205390045,0
-0.12159021155593035,0.4828968824772056,0
-0.13495195862331114,0.48334609079918117,0
-0.304976952462171,0.30457978480222186,0
-0.27338559220475295,0.40652229992538047,0
-0.029816481334285275,-0.2769181191407317,0
-0.14546804930496243,-0.07989137039527625,0
-0.1781724349293445,-0.457468382261123,0
-0.22139889972379073,-0.2549151566265818,0
0.07914733784693137,-0.4219803351444601,0
-0.2586724079717206,0.23014366590700278,0
-0.3668892418979756,0.18449094580818154,0
0.01944901798417017,-0.298925691948822,0
-0.1246960506047401,0.22513094849746643,0
-0.24345996773983905,0.3966387836057562,0
0.009320442162615654,-0.13857555837688743,0
-0.29480793482236994,-0.2629702566789808,0
-0.02445821181244016,-0.4326331411638995,0
-0.17521147281675217,-0.3674904488843497,0
-0.06721426865215564,0.332434875062085,0
-0.22816143283060128,-0.22870112177906285,0
-0.1207373410197452,-0.30446624348060286,0
-0.006826596289890574,-0.16767929266212533,0
-0.07040471959191359,-0.2696642499143561,0
0.00944109010676501,-0.291156684233617,0
-0.0545179348247895,0.050671830033570946,0
-0.2791978004839602,0.41893717160516536,0
-0.05022964593836728,0.037438373335079704,0
-0.1856128246408538,0.2568349465876132,0
-0.043976949699843206,0.3397655358063258,0
-0.013912278457221561,0.33234740771064614,0
-0.15273280942008988,-0.17151613267399193,0
-0.286493396262146,0.0013832352247342035,0
-0.3551386679498312,-0.02338323971145524,0
-0.11750372984615172,-0.19884956056552255,0
-0.11316831130464879,-0.04137518718783201,0
-0.024961714590629416,-0.10497268367215946,0
-0.004346142861363335,0.36992357158632133,0
-0.12135234703318239,-0.29899675161291833,0
-0.043046683366536345,0.048031293605765406,0
-0.1224979973521693,0.30614057378886045,0
-0.053000899165343084,-0.26704857150314565,0
-0.29138068619512636,-0.19542045504933306,0
-0.024903073669430953,0.40256208488411344,0
-0.3510451647451439,0.2660821282240601,0
-0.08816003125688333,0.4563506983590299,0
-0.17763729958312474,0.20552782131693687,0
-0.27286684740852085,0.36164724057431336,0
-0.010298132190028448,-0.18410099550537073,0
-0.38563308375718375,-0.020338341473604103,0
-0.03575568317177036,-0.4598154286745352,0
-0.2518317878716454,-0.20586464788931286,0
-0.0504407260572016,-0.08845708951741818,0
-0.36398479167978687,-0.0011207304709690011,0
-0.08105555601756,0.4070773637290497,0
-0.09364543631677905,0.38749429965616056,0
0.00877082013254216,-0.09765712196668047,0
-0.3232557066976642,0.48523507018849865,0
-0.14842579638916056,0.42051807663772556,0
-0.27835548929039794,0.24540351345322836,0
0.011257088292001985,-0.3333650983357596,0
-0.0661274660973361,0.04005841791860468,0
-0.07334209288673342,-0.1729331689277872,0
-0.020866652163147443,0.0784772096742807,0
-0.1254347811181735,0.284834368435117,0
-0.11181146901318907,0.11272113311612106,0
-0.1844019981506468,0.3666876945532811,0
-0.16241942729463466,-0.22528051735256033,0
-0.38657246859778793,0.28008540996365716,0
-0.1693710722683012,0.11539032814379808,0
-0.17894672957031565,-0.4543020047683319,0
0.060081254957348916,-0.07467214169738302,0
-0.12509725802197247,0.04312528065153078,0
-0.18863474289912113,-0.03261337229352349,0
-0.30387635145502095,-0.24297333933492657,0
-0.12466913230603051,0.22169709638711244,0
-0.27400355410243077,-0.11055358741001017,0
-0.08337335494947727,-0.3262382702333159,0
-0.39893166926116824,-0.05893367122518588,0
-0.056014632856239234,0.05550910077539392,0
-0.2259020523182887,0.30908418730033493,0
-0.4177812568135189,0.22178089732549683,0
-0.1043944287359746,-0.3984091631035093,0
-0.08911797545957621,-0.026858637516039188,0
-0.041645474899832835,0.17283254399987694,0
-0.040404439403000224,0.07572121470192279,0
-0.29255782089782467,-0.06106459768616691,0
-0.3282843630002886,-0.025218727762021446,0
-0.12905989548838212,-0.16336343403200412,0
-0.440468853910874,0.21498124003149313,0
-0.25322321678804,-0.12396460478262139,0
-0.31208027308264374,0.049862077104086154,0
-0.05009014452850309,-0.38334787807707904,0
-0.016210317300737184,0.29729000002449796,0
-0.05256657463659289,0.3101417227944802,0
-0.022099533302065006,0.035176479340579686,0
-0.05511588883487499,-0.0050025494940053395,0
-0.039870718491646986,-0.15703333902368,0
-0.055278232681558646,0.08190028276793758,0
-0.03317574384654825,-0.3588885643369057,0
-0.1881466813826617,0.02134321495745541,0
-0.3523806603312006,0.32584996986936177,0
-0.24673500076179736,0.3349184417597641,0
-0.06504003262260727,-0.4415295421284973,0
-0.2461050927982981,0.31740354824093236,0
-0.07792607980546497,-0.4006285100471721,0
-0.11099775958121297,0.1953627407674899,0
-0.2802719094564674,0.36453532774568365,0
-0.34714628839231637,0.16860959466456985,0
-0.30691557658444857,-0.08975119453906807,0
-0.032015151948913405,0.06925041255239457,0
-0.012144076591922064,-0.23193580116897586,0
-0.13765165074101376,-0.0825501621808596,0
-0.19208334395307847,0.0808974074736826,0
-0.14079335817246943,-0.1069858937908766,0
0.09175179922995653,-0.4430025863993222,0
-0.39214048926676554,0.07636699309035784,0
-0.0037924245198079276,0.3054517146083052,0
-0.07826383628629777,0.08779176675848045,0
0.03011152172004127,-0.2905440084463934,0
-0.16013463640500883,0.2391454088830678,0
-0.07934505833377493,-0.40590262345101086,0
-0.18599681911879823,-0.0705129043681171,0
-0.0069178957941210635,-0.07564715145551788,0
-0.0978567089534861,0.1636271528872599,0
0.013725971771536751,-0.36308491511977586,0
-0.17492657722066016,0.42041962343315187,0
-0.12689037215920504,0.16855348045264046,0
-0.03388940038939816,0.07294187978328075,0
-0.17138279614247176,0.024306410071456196,0
-0.1937685678707326,0.019394360223179415,0
-0.14487674281017707,0.31318196289169875,0
-0.4758947492723964,0.23769835370593545,0
-0.3450099184882966,0.3582456025280357,0
-0.38862105504671846,-0.05357254506754208,0
-0.38141623703502925,0.13293609599685122,0
-0.20023765853422282,-0.04782162601571013,0
-0.3684095461396011,-0.07694759650690218,0
-0.16585212846875969,-0.17357023389200585,0
-0.3160591676407978,-0.036224476956685854,0
-0.035073277836207443,-0.1189835927227852,0
0.03931455954879581,-0.06509533908423595,0
-0.15446512962415326,-0.12421714392465387,0
-0.35274768366156967,-0.0926517912577132,0
-0.20921878846962905,0.16036769354997768,0
-0.34623864413116556,0.219486696670722,0
-0.117394133660592,-0.24056934042732073,0
-0.13115229435766937,0.13966580739516926,0
0.0253531728555433,-0.03508669879341022,0
-0.17276434685452458,0.2664665561736991,0
-0.29084453350758716,0.0627254866918509,0
-0.3874171672345518,-0.023940955547971043,0
-0.320840586149339,-0.09644773715335245,0
-0.07715851332881069,-0.022807797360425843,0
-0.262083796815808,0.12159167782365174,0
0.02573769580866068,-0.42125901397215954,0
-0.26737810506094445,-0.009063452651932589,0
-0.11057748312241814,-0.2583694600251473,0
0.02112371376344413,-0.19232453599763655,0
-0.09892095147003326,-0.04029876902657502,0
0.03732292168745214,-0.3316953211501232,0
-0.15242422155609237,0.3257714348530698,0
-0.2517124179062472,-0.36620890179916316,0
-0.2550816605779053,-0.303356372531202,0
0.0039002832158141743,0.011078438303052999,0
-0.06448630011452872,-0.19222311376093593,0
-0.3662364591875374,-0.01705441528779123,0
-0.11873897924881922,0.20275315435844063,0
-0.09508745312395653,-0.24948956095768607,0
-0.4064418884386213,0.22354172168388986,0
-0.07591019842606254,0.1735798749758375,0
-0.09761275789966715,-0.006692118848965325,0
-0.0935126755290494,-0.292427440990574,0
-0.12240589320047955,0.10536565259034361,0
0.014322513868337187,0.012286694424425676,0
-0.27115576514091577,0.42567844618245376,0
-0.05253350604512771,0.3472326484791634,0
-0.13447808553906415,0.3954903399547799,0
-0.13053232548522342,0.3808186750627562,0
0.014697378059041963,-0.3108728626177032,0
-0.045786358356643984,-0.290242041463512,0
-0.07836326472882464,-0.27357366270021516,0
-0.20184760253933054,0.4045326945639624,0
-0.24052591034696594,0.3844367557691042,0
-0.07000515358848136,0.19218227094187582,0
-0.2902460521308483,-0.05269620086718281,0
-0.21608554705840932,0.14302033015681279,0
-0.22989390732922296,0.011420153065314001,0
-0.13699362047580224,0.29220295383411304,0
-0.0666659025073505,-0.19179836513197582,0
-0.17131949394150833,0.16312255253813143,0
-0.031207060148043655,0.3898042047029367,0
-0.12564721030531628,-0.20130272223043902,0
-0.004089666028795388,-0.34697093321032946,0
-0.015355565744944195,0.4682779427738697,0
-0.16519087977020083,0.0524393847641532,0
0.06542511092677107,-0.27914522589022145,0
-0.2875813029964588,-0.16490163869986166,0
-0.047286496172772884,-0.3070560778429199,0
-0.23743938087608285,0.07748452347916351,0
-0.39731013051423847,0.11316663193589875,0
-0.12703462493167492,-0.16971969203646256,0
-0.4219277228807546,0.30112321084047566,0
-0.1356757432170185,0.23039933142890348,0
-0.1255052791716758,-0.07584357382113036,0
-0.1140283058494258,-0.1411308224401911,0
-0.17468753254433114,0.33751997165806336,0
-0.06411428048243094,-0.0015463673642400527,0
-0.31897742946262203,0.11527066228105684,0
-0.3110607660624929,0.004635065392680261,0
-0.17477171874710037,-0.4129627879773381,0
-0.06346750459656626,0.3777888684515766,0
0.04843107893641161,-0.5120537269801372,0
-0.33958801810479106,0.043372677296457295,0
-0.22102409839393303,-0.2266099355231022,0
-0.1781018535616469,0.0641266301759594,0
-0.21606540507229538,0.16213896002456882,0
-0.10642609594046612,-0.22893934114222117,0
-0.21319416656810836,-0.14759468301600379,0
-0.01485818971477743,0.3140760246553956,0
-0.0009719919229406213,-0.16395983198158798,0
-0.04146372085986434,-0.210386620999245,0
-0.2838033224758893,0.1077210598282137,0
-0.2603633165697342,-0.36679263561457803,0
-0.378779209318209,-0.1202952852545523,0
-0.2923808536068419,0.14386464059618567,0
-0.30533751561777694,0.46449867057992295,0
-0.2642353988305895,-0.13971423582982065,0
-0.09157558709291769,0.2588455937929616,0
-0.21597169962999954,-0.21549532707191438,0
-0.34222772661038103,-0.01553991966891317,0
-0.04835851942023177,0.02571796856848191,0
-0.1313911206075332,0.29543699936003925,0
-0.14569606290898635,-0.17495936186534772,0
-0.08615161591043302,0.2978932762999993,0
-0.170175128750793,0.07505107074803966,0
0.07052883251462916,-0.2869864937455207,0
-0.00873256854980521,-0.36490312783119216,0
-0.02769811647847697,-0.47605446029382403,0
0.03605596169089722,-0.4138703943707529,0
-0.026997306820737574,-0.04784564611959958,0
-0.0018124543174900104,0.262608537123044,0
-0.1753913148137869,-0.2948621796005298,0
-0.17362188211175647,-0.25709238795691325,0
-0.021536676112686694,-0.48621439173558334,0
0.023896677908381545,-0.1197947455536338,0
-0.08141923935381001,0.31657361998099354,0
-0.11234011928964235,0.002873668268160887,0
-0.1528694963868365,0.044245686261441805,0
-0.2776148460139891,-0.297739669642066,0
-0.3759626332204016,0.094262944959997,0
-0.24509640686162468,0.14615142770678619,0
-0.22540844772932053,0.37687157191277154,0
-0.08496006582523472,-0.28967090441098614,0
-0.03368423117300889,-0.21648096209670437,0
-0.0999513335561265,0.41638001384702233,0
-0.2861349428289815,0.05843893555733434,0
-0.21869199209255383,0.01834951158246536,0
-0.04188629628717757,0.03286149060511422,0
-0.2528470056417919,-0.3670674780544177,0
-0.07729949126308934,0.30622964450887324,0
-0.07417994117542344,0.17345921724983723,0
-0.07140361244944364,0.278201575462545,0
-0.2560128081976207,0.22789026043416266,0
-0.08349041639644983,-0.3520626253973959,0
-0.02800195145493437,-0.38962435731936285,0
-0.2748549884429162,0.41540068524702956,0
-0.1431125539375071,-0.1076812574095086,0
-0.4275176037261374,0.23132673140466278,0
-0.0007109858508774738,0.2725817409491493,0
-0.050056495966447706,0.1789003073139289,0
-0.1405734500992607,0.2702641720125289,0
-0.23549648273305565,0.003961360264163312,0
0.05577260203852705,-0.5195851328800104,0
-0.09057767892768313,-0.06292983271372195,0
-0.10395961328216644,-0.18153302067540045,0
-0.1398325259714898,0.00617758981798536,0
-0.2473490411718101,0.4583925746726173,0
-0.38463455155423226,0.3756942628507241,0
-0.07662257241151005,0.198870141168779,0
-0.31879093083750754,0.22473270104842222,0
-0.27811843140239717,-0.29510769498950484,0
-0.16088374728001326,-0.2982821449393284,0
-0.04674104589038401,-0.3041979670944324,0
-0.0440147129693436,-0.12065817539417595,0
0.0076490814595860206,-0.03556939686888463,0
-0.27390730887817843,-0.11900566287265424,0
-0.02316522017564517,0.0851804421227098,0
-0.244684737379814,-0.1475160260031466,0
-0.17498222134012026,-0.2552345356761768,0
-0.284792390312128,-0.22593609170801898,0
-0.043434049362406316,-0.08751700401401553,0
-0.12188362071251291,0.4004621611191301,0
-0.21397995639019385,-0.18422861460367823,0
0.011554102466890015,0.12086351241783871,0
0.058262214701647455,-0.2077618279854669,0
-0.4105155969725801,-0.028549935111342094,0
-0.17322392742544102,-0.32799853327082307,0
-0.41279444159221007,0.1381181132285007,0
-0.1807954266162088,-0.37264347294050293,0
0.012976431380589709,-0.2949363420595462,0
-0.24112271902435234,0.15152498760339217,0
-0.18806300438457535,0.020063046014747312,0
-0.10168549784357797,-0.018830405791312434,0
-0.04291451348022558,-0.22284554664661838,0
-0.34016244943894264,-0.15664431000436096,0
0.009461339427576121,-0.30189091394590845,0
-0.3301229235212656,0.11451721486446559,0
-0.22846083304861792,-0.001404698562913908,0
-0.38194137456528954,0.06434422352323449,0
-0.045637084575319974,-0.3583723253984652,0
-0.30492409531067727,0.16920243839975516,0
0.02251282107109834,-0.06553559071189846,0
-0.08309197294802877,0.3398538228654008,0
-0.24884895267359539,-0.3001378622550736,0
-0.06752569123641286,0.09606915650037333,0
-0.009636361309155359,0.14129255744459931,0
-0.3861046118316105,-0.060926470810403845,0
-0.008578689409645181,0.002833948799551356,0
-0.22475124440023048,-0.2971590080327891,0
-0.08765699723985929,-0.022127928858598784,0
-0.01349140201406576,-0.006125917914172964,0
-0.11874858709969394,0.34672549059145746,0
-0.354946553942121,0.44644919486728996,0
-0.1498744979392568,0.0852291697653904,0
-0.039736153759770944,-0.5433922756796803,0
-0.1372751331054634,-0.3631005652751834,0
-0.19906047691546389,-0.11056840508343624,0
-0.32006063732702766,-0.10800571285180299,0
-0.10852015596684735,0.08823444485210494,0
-0.26098113775478327,0.2831251638076388,0
-0.13003664521895827,0.46849962708351744,0
-0.3292812032392689,0.1338331185480255,0
-0.16735983075419977,0.16573697218976013,0
-0.145806219536288,0.27567989486258265,0
-0.1013509089411125,0.21354087309258304,0
-0.35414483540161623,0.4369177455977853,0
-0.23318791241600562,-0.08021530077895261,0
0.09759762747029715,-0.3748940806353929,0
-0.050806419467108455,-0.15778541484227365,0
-0.16631492111411988,0.038682310695234694,0
-0.09359352695188557,0.0676171097559531,0
-0.34286090353609355,0.16493623067895585,0
-0.3340774171929579,0.3085338120352098,0
-0.13116957829100348,-0.07993689914527738,0
-0.0661852319202009,-0.04878289242457066,0
-0.02471197138186229,0.4780216639972378,0
-0.195901273372802,0.07794706965610011,0
-0.11935670900492507,0.19383606941933643,0
-0.170678501639199,0.28775782499025415,0
-0.0001943598428041022,-0.15822452194409223,0
-0.20379242933811886,-0.016010087151866963,0
-0.30043562512862243,-0.10958199407408206,0
-0.22845391536442575,-0.17891698400164996,0
-0.004410318798489498,-0.46511208755476097,0
0.08500365872131742,-0.25544037129221364,0
-0.07264968443463461,-0.09339534067948235,0
-0.19369310316253394,-0.3194262254937207,0
-0.1194717471629417,0.020554484790310964,0
0.05653858769901825,-0.4619697742167172,0
-0.15432667640767161,-0.22223222433450618,0
0.016105420303486336,-0.12740075005030024,0
0.07934221383004915,-0.34362245351839477,0
-0.3036362722573734,-0.010520013906876126,0
-0.19811807996778044,-0.1880562533444438,0
-0.07063220428120769,0.18350679834630634,0
0.08150046908610357,-0.4131084568706551,0
-0.34513220741732803,-0.09781773961972907,0
-0.24611218711067287,-0.2330435265045247,0
-0.20302101163521244,0.03380578745417959,0
-0.324215592085267,-0.3173557640468924,0
-0.1206973666467251,0.3912762218532487,0
-0.40026645471833355,0.3421926250913476,0
-0.2909264717154487,-0.005139569883397862,0
-0.20595156416040034,-0.1942449616509546,0
0.049756625475757134,-0.2616069062212626,0
-0.3259433663353579,0.05401471291809194,0
-0.19022470451611803,-0.11809243432855918,0
-0.08188125338291943,-0.039935367404204475,0
-0.024439064413747196,-0.4191447751836279,0
-0.3249616550718682,-0.12864728028757758,0
-0.35531518381032895,0.07104484239214355,0
0.06167713394417567,-0.43400958011472396,0
-0.09816276686711914,0.3453245577763101,0
0.011460877361911669,-0.4638423907312749,0
-0.3004566728941066,0.3086299878437547,0
-0.3003028032114745,0.18135011241062568,0
-0.16258280940631675,-0.2741631225218961,0
-0.003850061991829636,-0.1955673194278395,0
-0.0862995394157631,-0.43099786857492794,0
-0.17529520722274805,-0.2152072272831576,0
-0.13727225653127278,-0.11427137756756744,0
-0.32867467937097095,0.13582819874483879,0
-0.32504866136058896,0.4898606645531292,0
-0.21570920685580716,0.3285497344446778,0
-0.2770473746686901,0.17891196970045245,0
-0.14530197020610508,0.41037798592710373,0
-0.08570737795576815,0.00021846082488165944,0
-0.18990576654108976,-0.2402040197606108,0
0.09094467152677572,-0.42035357302498766,0
-0.31098214058677487,0.006641380892891496,0
-0.12485012800530494,-0.31932049828992054,0
0.013281680067696604,-0.4674398010134401,0
-0.26215953373149664,-0.3125232606195938,0
-0.3456716637830253,0.029070023481994764,0
-0.39493767904170923,0.14740763936719112,0
0.015876564907396327,-0.44657378988075186,0
-0.1698632462484166,0.22494177879762178,0
-0.01394828207467315,0.07526926434358625,0
-0.1394568454241971,0.38372517874335604,0
-0.29047211212504404,-0.25059068191581707,0
-0.1573048086492595,-0.1212747611966317,0
-0.23693175402147557,0.36974616128031856,0
-0.20648091982524722,0.2417848623377979,0
-0.13438846133284363,-0.0391180849022885,0
-0.24714449224673762,-0.02848579421932551,0
-0.10174827035036589,-0.25528605906050117,0
-0.2110189611346906,0.20459979620564595,0
-0.02496925881806017,-0.3764861572834307,0
0.0219777030781395,0.04669911578469593,0
0.04434700612586095,-0.27478308399429113,0
-0.29245986942174473,0.2302603434292529,0
-0.31378873654363826,0.4262805085587712,0
-0.3290936096092651,0.39252029502420055,0
-0.3309638351131355,0.11540588165248412,0
-0.05391404697479914,-0.40674725750035984,0
-0.15087797300482483,0.407053246977205,0
-0.0359525599578987,0.11696922646877882,0
-0.11999770412922633,0.3511662458447142,0
-0.1253647878991302,-0.37597302326271226,0
-0.2163280775989113,-0.14108692841232154,0
0.058734704186420066,-0.2162587638644716,0
-0.25465494576479164,-0.18187346675310664,0
-0.28024823245366887,-0.12838646991947217,0
0.05787883193606415,-0.22748875372196692,0
-0.3140897965420678,0.4690683695179769,0
-0.12679076715722246,-0.31621541185164387,0
-0.26036013385713136,-0.19869407269283448,0
-0.34621545716027113,-0.2034180343817192,0
-0.23894343723163425,0.09955381935545646,0
0.08735806820198906,-0.2570702032374938,0
-0.04537556955055706,0.10529708255071575,0
-0.11245292566599688,0.4086029941750592,0
0.0634690968234736,-0.35105805098097526,0
-0.08627403611527537,0.2362318531261561,0
-0.2979851244566154,0.36000001996730047,0
-0.22162350898819624,-0.09605684630713768,0
-0.25728573124014287,0.2293519751640332,0
-0.1435631001311631,-0.3037256817681087,0
-0.10633174554211676,0.056394119440639504,0
-0.12296606959053377,0.49186593170422743,0
-0.07265057099737829,-0.40275221058629945,0
-0.3913192100721725,-0.00711178484043737,0
-0.3035216427969642,0.20680422575755159,0
-0.30432662726213255,-0.14917619246924926,0
-0.22972392463522598,-0.025786648396978258,0
-0.23714454684193445,0.42608456313747206,0
-0.07626611316271388,-0.21068456174724756,0
-0.10786544849447251,0.09166440222443246,0
-0.12199365367982559,-0.16685741743727908,0
-0.16726356872412457,-0.3414373553937998,0
-0.19998030113499235,-0.09168298030679711,0
0.028952412225539247,-0.13973221931411936,0
-0.10005826145312438,0.20875248930933427,0
-0.42908069852682573,0.22341707577878142,0
-0.282873073287277,0.0717687790993554,0
-0.26401125489154403,-0.3015971181144239,0
-0.08287225369699465,-0.014367516794225498,0
-0.06235216070675165,0.13589359204972892,0
-0.22381042800266188,-0.23008293503458987,0
-0.17421268161725223,-0.3087351255997725,0
-0.03671981431387934,-0.3522983098019322,0
-0.09159694319669508,0.17604431331230672,0
-0.062822488408553,-0.17757529792300625,0
-0.268398408567126,-0.06919018575969499,0
0.0001572583650433858,0.05328135166993577,0
-0.011599208182592337,0.08881417777850845,0
-0.2881056073600086,0.34589770193601854,0
-0.23314490399290752,0.1965313596592067,0
-0.2811389696783621,-0.03867583468086483,0
0.05204353221393936,-0.33409228972743105,0
0.025044934729946938,-0.31689920400245647,0
-0.04878449670132505,0.2714830893320389,0
0.0390590270813744,-0.14734696115328771,0
-0.24005291196698977,0.3735228488583194,0
-0.26355115300005383,-0.14427292295385638,0
-0.25963478176572413,0.14465261041282151,0
-0.3023665657183142,0.038290846616389325,0
-0.3380966065761655,-0.1757376490886888,0
-0.10798578613417302,0.06868124570476083,0
-0.26296031098904765,-0.2560547923573722,0
-0.14746517854521893,-0.020390948811456453,0
0.06335716565715828,-0.5684719392584793,0
-0.3733947839812594,-0.11168049562667623,0
-0.115619689659192,0.17250601417965875,0
-0.06636738153828889,-0.23243878279733268,0
-0.23589614168968615,0.08385944739497146,0
-0.02038432192154949,-0.022651689528519408,0
-0.1331726141881199,0.315377977215367,0
-0.22352626147602406,0.33339796296860624,0
0.047441765282893,-0.05252676292794161,0
-0.1962907815926299,0.27626352228516066,0
-0.03096251360572779,-0.5407465719444882,0
-0.18676188187122622,-0.3066022312733656,0
0.054892520765478486,-0.16023013310627843,0
-0.2716484084427032,-0.1986282691805304,0
-0.23613307907231323,-0.07241352957403048,0
-0.058352585978723885,0.3908486564359128,0
0.02398301005756969,0.09483577161842253,0
-0.13760400177663296,0.012710450549815337,0
-0.10066771646916887,-0.3601003409207703,0
-0.22340206208447327,0.2462813244340032,0
-0.369719902188684,0.005709940845591207,0
-0.36209352616604695,0.13761507035036308,0
-0.19140885362934357,0.3264460632507099,0
-0.10484430395382509,0.3589677188698961,0
-0.2296536864873578,0.11581422736438705,0
-0.23154793414693298,0.3715468918816516,0
-0.268492185551471,0.38696848925690724,0
-0.37933839767168304,0.12950038453446566,0
-0.15715173992824277,0.2633980094011475,0
-0.2412763771148603,-0.0428024973557795,0
-0.2856025714817865,0.44090671575374385,0
-0.391410860913401,0.16607532459506347,0
-0.08629032495415763,0.04319817939311095,0
0.07539635165713646,-0.41906932811624803,0
-0.1818706660419435,-0.098634124388453,0
0.1057282853231128,-0.33036557784288945,0
-0.041864968549782285,0.1359665481330639,0
-0.3245473974444979,0.04627134809410037,0
-0.0648407713505917,0.07700436595616601,0
-0.15855473754796523,-0.3303589865310706,0
0.01184798310121644,-0.41642087611044837,0
-0.06868361388372303,-0.4207140772198052,0
-0.2273521074490623,-0.2131470855404066,0
-0.07803714519943585,0.0017776891598679724,0
-0.15781796114985533,-0.03313719136380984,0
0.04762330520218317,-0.4561373373741179,0
-0.09966529303730423,0.18422772276991736,0
-0.30024186773035083,0.14265564239928308,0
0.09711543339752038,-0.33848037468022013,0
-0.11141055474922906,0.10243333264378467,0
0.0024454458567994665,0.22748794986774645,0
-0.16574221239411782,-0.05344200738299354,0
-0.36315836866623485,0.1522013145437818,0
0.07262036989551847,-0.33452453870526583,0
-0.11799241945168838,-0.34838117183228623,0
-0.13015139755173938,0.16514860047298593,0
0.02091998384798777,-0.016862435715052495,0
0.08860803638535697,-0.4743684261154625,0
-0.2168877346836341,-0.1993033114609218,0
-0.09860908584717001,0.2404431680540017,0
-0.1800985866736245,-0.0744148658746472,0
-0.1879966814203224,-0.09294552438151904,0
-0.0013445091609729128,-0.12509022909380724,0
-0.28528158038324875,0.4370768737941246,0
-0.004571711856458702,0.1755904293611155,0
0.04184247087464509,-0.30633340816630344,0
-0.24949370587976277,0.22217110971194193,0
-0.37458646333143153,0.1703717698924854,0
-0.0033224003534536046,0.1558518990789169,0
-0.2769902243527833,0.28655766770684427,0
-0.07378409712619854,0.3034488708965377,0
-0.24651352485452369,0.1340696496953926,0
-0.22690971418486008,-0.31499601775185665,0
-0.27613166631969094,0.5088323714341381,0
-0.31893969313008363,0.18773524689822796,0
-0.3990656517704858,0.39859774089981664,0
-0.009899792408931875,-0.04505387051948386,0
-0.00490992974943753,0.2201291019458984,0
-0.15490688311078182,-0.25362983191639615,0
-0.33781930741849636,-0.06820255373288271,0
-0.3455587023074858,-0.24392606621550791,0
-0.10528739873587888,-0.10902722621456178,0
-0.24298189795776906,0.06183799943221713,0
-0.07207024834214855,-0.3120215059534293,0
-0.32940306713487844,0.025652076027910736,0
0.0802639340194436,-0.3987282521389931,0
0.09465327881045746,-0.49916768789808885,0
-0.0683969171629883,-0.06974943611591256,0
-0.34871756545976673,-0.14719436010720086,0
-0.3186665419564064,0.20909699243104354,0
-0.18743281032597936,-0.2733792444505543,0
0.03211507093904018,-0.14549542531435247,0
-0.03912192324228018,-0.34172089765375835,0
-0.018870896525741088,0.20873372002036306,0
-0.09177451415335602,-0.23525316875581523,0
-0.35791617657701214,0.02497373739220788,0
-0.06600613595195556,0.2784158888649231,0
-0.006538333461181623,0.29027478862593487,0
-0.3439984966108263,-0.04760026236322227,0
-0.11032458396353806,0.15644499528723504,0
-0.3047014988472132,0.3593127955503403,0
-0.1484727091232689,0.07003358785840287,0
-0.08250509113217543,-0.1242154382563284,0
-0.18059929707276176,0.15335212066299356,0
0.09210934448666279,-0.4083248098403118,0
-0.24659361869042498,-0.23278950006002597,0
-0.26438159990303606,0.0018247907886478443,0
-0.20717258219997212,-0.38676803379601793,0
-0.018690883477979068,0.0638414251976902,0
-0.012884669700050873,0.32224291883863815,0
-0.22230096163997232,0.4317633377002648,0
0.07677019451768236,-0.3798097232419885,0
0.12600449946059303,-0.4110943461119644,0
0.06163428208508677,-0.19698962584179058,0
-0.10554218852201741,0.3582647054075141,0
-0.16745129369104564,0.17824363269981944,0
-0.11293016739992692,0.4198812756460054,0
-0.030183806074052504,0.39789560816730074,0
-0.37634334948326226,0.22751157391475113,0
0.02225451606564448,-0.05534876415697322,0
-0.19746975080905607,0.3888142968836343,0
0.017009071100659617,-0.4613578877325017,0
-0.22215974365511357,0.03963904354651492,0
-0.1660536215019118,0.20339943187466922,0
-0.1548814006641569,-0.008786704565482308,0
-0.042840033192984246,-0.24945691198458042,0
-0.383558190702577,0.17035755307909814,0
-0.07794578209838687,0.4137179371432524,0
-0.07044143740598503,0.4007261033999669,0
0.006931901379650287,-0.3045087313681578,0
-0.07879156177104037,0.34321490298888563,0
0.028815044267742604,-0.11414692154049481,0
-0.014972766738864201,0.11042064038244881,0
-0.15718500102820362,-0.23669915619558124,0
-0.02066057330198459,0.3917560709634632,0
-0.09544894385985714,-0.34276703094922883,0
0.0031901034008026638,-0.17206868802569308,0
-0.3942762667514647,0.04346646708355425,0
-0.09857298379425551,0.2651515458452955,0
0.05499382474391875,-0.44776060967638054,0
-0.34699491775821284,0.17325420642943348,0
-0.17723293264899453,0.008216860014582907,0
-0.11417360258042392,0.0926604226103067,0
-0.36652381068200685,0.23595002048441505,0
0.004508327239311833,0.07009597167816166,0
-0.315491225711502,0.3017031318931311,0
-0.27764557596329903,0.5105058020585849,0
0.014085603558685022,0.18373406556844107,0
-0.013501216371088276,0.3433043153192098,0
-0.3230606384426863,0.0771698397326121,0
-0.17766320977889377,-0.31031174962752617,0
-0.3383622159202915,0.294597673577103,0
-0.2730047166479404,0.5303546051605628,0
-0.1628796300308022,0.35372416338829166,0
-0.08193529691818599,-0.0030114584256793215,0
-0.23245277512432336,0.2033263577025923,0
-0.34082320398384625,0.016394672980337945,0
-0.29564602067157736,0.440397575254963,0
-0.36729162543277005,0.15150989474941132,0
-0.28996815315745317,0.07838433828754791,0
-0.3089126391881851,0.061895062520227626,0
-0.0010262725231067447,-0.03691553511612076,0
-0.06235651452232653,-0.2308028985041617,0
-0.4211668898583821,0.03195900707349354,0
-0.1677582953797092,-0.29405814586648077,0
-0.38205968486438546,-0.020855248257785924,0
-0.3108751912864734,0.20530355092657768,0
-0.2528589468471053,0.23213228290141757,0
0.004137332922347424,0.15674525419971527,0
-0.2874340232459912,-0.07087568691651182,0
-0.08451962915314318,0.22813044382804037,0
0.06330289795974764,-0.35962980904090347,0
-0.20171043668882116,0.023995108828647208,0
-0.07660317704254069,-0.3075824766728405,0
-0.14156192811284965,-0.14973800865600484,0
-0.33297447767053107,0.13605358824227384,0
-0.4271060579277593,0.23763944949824314,0
-0.29875478506964753,-0.20419989361161014,0
-0.3056412783742928,0.15234034648213848,0
-0.23628755818235644,0.21634079600194797,0
-0.034057541614367894,-0.3801569210063843,0
-0.17270005626238003,0.015894060103076563,0
-0.18594274429843313,0.40326814218873996,0
-0.30577187614266094,0.010040451449369811,0
-0.19432491453254716,0.036935478054151885,0
0.03716339796377781,-0.318058487068202,0
-0.1283617678550435,-0.17713454860063202,0
-0.1941311895707175,0.27788336690193577,0
-0.10434354351425747,0.30564488893442815,0
-0.09277814829861027,-0.079900933664452,0
-0.09672524957540694,0.40712271729603794,0
-0.17265960747349393,0.15634790980009197,0
-0.2735970835584432,0.3244904778426127,0
-0.30010837061842,0.44529706461706975,0
0.0943979319826863,-0.36500869454537466,0
-0.1186040077243827,0.3649384579460282,0
-0.1948738169491155,0.4651874696138022,0
-0.2125185385413018,-0.3867215552161667,0
-0.33463179257213044,0.2700105259340932,0
-0.23694640165971725,-0.26956045732390316,0
-0.2162416528474883,0.4272287545314972,0
-0.41769442388923844,0.2946590877842914,0
-0.2504891603626141,0.3417955213526262,0
-0.2694358830521996,-0.17130772848053585,0
-0.10010936929433843,-0.09848116839912432,0
0.030951276498056554,0.024292886806490752,0
-0.215554114560877,0.2251929828473853,0
-0.2863560814973413,0.3581109315858706,0
-0.06529754398532747,-0.04979306089732721,0
-0.33185003635709737,0.22930772528244875,0
-0.2925951511978439,-0.07110201579608201,0
-0.24697448154237647,-0.14807420103947427,0
0.017903681344555826,-0.29823374328746166,0
-0.02203720936035042,0.012598308422646393,0
-0.3137602442898457,0.4841270754249436,0
-0.05513652213287281,0.19123296757729386,0
-0.1631810429834643,-0.2992849508324919,0
-0.21070605246159038,-0.028732240514276853,0
-0.32016075416325257,-0.10097313938538167,0
-0.23734583513978527,0.03188442114152945,0
-0.3147359567753659,0.29383887074668924,0
0.018293883283652283,-0.3430224852149362,0
-0.07343735793189735,-0.2321398081446601,0
0.0508075065981903,-0.505180094657563,0
-0.21846740082829144,-0.3057560151547277,0
-0.20773360401250868,0.18171835835532313,0
-0.150599579210944,0.22027339320198286,0
-0.38488367951252545,0.2184643791395572,0
0.08953410919925935,-0.3625394938839202,0
-0.30740605463666026,-0.043291381273193826,0
-0.34767080566230435,0.03862144652174756,0
-0.0027061885359111262,-0.43640117819194935,0
-0.1355538320371496,-0.07888887123581813,0
-0.07069094612224529,-0.35451409518477295,0
0.027042387038987366,-0.4623638971506364,0
-0.32036421047190894,0.37788278959586985,0
-0.10316818054310721,0.12435836652330444,0
0.06644126028377063,-0.19293976734933196,0
-0.08385522180618483,-0.267483303120799,0
-0.04280409050507044,0.3082593634176575,0
-0.2615169643778158,0.1618996686281049,0
-0.1259759338906405,-0.040693660174843944,0
-0.22065612575278581,-0.2562104045298077,0
-0.19386460241924547,0.3465729140444157,0
-0.14690532645337434,-0.08463873601148467,0
-0.10852602670533318,0.1756031807522667,0
-0.4719639644400204,0.2469086727268746,0
-0.2615323248145212,-0.009777987536974227,0
-0.04328248411736685,0.07799239459394931,0
-0.42388101933223976,-0.11364450858540319,0
-0.4374646916382336,0.1571849095965556,0
-0.21890934360479278,-0.2745108065387579,0
-0.15065293771032487,0.38451892245576946,0
0.08556918941074139,-0.3114714285750263,0
-0.16953226871133356,0.4351001673707287,0
-0.10124665445056645,-0.19873748188918194,0
-0.3346131828957581,0.1329115471324289,0
-0.20158472082087206,0.10447535911595962,0
-0.34643866738710066,0.4445444658022333,0
-0.15529140706047265,-0.1670920315606438,0
-0.1863150807299329,0.2920114586836199,0
-0.37654732300376637,-0.13000294897647646,0
-0.1619673014693708,-0.19374821112006657,0
-0.26593609567265786,-0.294139199763427,0
-0.32715284861937266,-0.17140881227910254,0
-0.015521419611863811,0.17732042791819785,0
-0.04684591737454856,-0.20064866513512447,0
-0.16477811138007914,-0.27568869850222355,0
-0.08031741064744742,0.16178118746759454,0
-0.1728105917744688,0.3345904967113325,0
-0.06449270820536991,-0.33707978831349966,0
-0.14238062858959516,0.31421340474186626,0
-0.04593916350581628,-0.06518349162319138,0
-0.2265447032278898,0.22773922680566952,0
-0.20970361701737886,0.338535587097193,0
-0.3420325478877995,-0.2369209431813879,0
-0.09603130714951362,0.3077782106333405,0
-0.23710513361511798,-0.1383250466377199,0
-0.05865617096107444,-0.16281913116651978,0
-0.0633052168773443,0.39588139274774276,0
-0.14191435953438614,0.2802555071866523,0
-0.18980121061553834,-0.2466922270867289,0
-0.2670319933607607,0.0068563942252126255,0
-0.28246541981366635,0.3350396655566141,0
0.10605452014733235,-0.4927880710487144,0
-0.3846603923795259,0.20218327799854155,0
-0.326906099201732,0.4924791196028802,0
-0.10945420332499864,-0.37177267811518433,0
-0.18553886623779497,0.44895152692796925,0
-0.04478251989663582,-0.03967555875779776,0
-0.049464985858737875,-0.5046894782181395,0
-0.32563775810005,-0.05909188984897882,0
0.005217403382201066,-0.06906214589406426,0
-0.2207316239989066,0.09606002731438473,0
-0.02853196433448072,0.3331782933988558,0
-0.35354189988342366,-0.055233700039524665,0
-0.18961067507632892,-0.3491212159272903,0
-0.30493102593247823,0.3636618564259208,0
0.05654960500873431,-0.32759690338549285,0
-0.26949243730355976,0.08198892891930068,0
-0.1110129115087588,-0.02774904753535111,0
-0.21449516234402363,0.29154287511716076,0
-0.22498838436175364,-0.09870518307209666,0
-0.22127541710005041,0.2765271466241972,0
-0.1325407471977705,0.19944545657436552,0
-0.03284377205379658,-0.18091489577475733,0
-0.1496592705355744,0.4072324083304219,0
-0.36019014477552874,0.04807487520204823,0
-0.33265078252097197,-0.08405253307342682,0
-0.2428411591151944,0.32075501618543484,0
-0.4109627111048818,0.18051209276452435,0
-0.01305585643412834,0.13123087830722205,0
-0.06732952634261145,-0.13099128020929393,0
-0.07599410613448399,-0.4464274098135487,0
0.04980125158219368,-0.2897165283176344,0
-0.05543312673597285,0.27904416711371727,0
-0.18824627145321138,0.4514245189989342,0
-0.23227747665746493,0.40638315985629664,0
-0.14914168302813918,-0.07656661924879879,0
-0.3164190048568495,0.2996503380423626,0
-0.2524699745902039,0.23397698285810156,0
0.09930044426729075,-0.29637354708058494,0
0.10699359218623528,-0.324036287306829,0
-0.17961784267673875,-0.2916687887886342,0
-0.26997000561102735,0.21457986311980318,0
-0.2343282126384429,-0.0974024569781647,0
-0.1743702183642872,-0.0953781056748513,0
-0.05436385497800974,0.27513513019248126,0
-0.013604432089144122,-0.038050510928551017,0
-0.31038369007924904,-0.009608003453684457,0
-0.1676461507017585,0.09806544689107986,0
-0.2695988701119496,-0.20875653345022402,0
-0.2591940439841809,-0.14485246669659485,0
-0.32012601399222934,-0.021052381837266456,0
-0.0711680075231584,-0.18869907191301571,0
-0.25628998398304753,-0.21889828530502117,0
-0.0002722031696696904,-0.047060882765802635,0
-0.3273259062034535,0.199783665466014,0
-0.2930666723590654,-0.2220313896723798,0
-0.33624320131001734,-0.17685704910327618,0
-0.0373191360745954,-0.4640814495887875,0
-0.22320294157622672,0.31458738607300396,0
-0.2959209285216028,0.07716667081117665,0
-0.10181386397851833,-0.3682952031781918,0
-0.3956970611366243,-0.012721765849008342,0
-0.02917378321004855,-0.388628061361116,0
-0.019261712595526705,0.4641452228517431,0
-0.028360019615468194,0.4272316692475579,0
0.07197608890616465,-0.24856158000014686,0
-0.2719956647978332,0.1271857613704388,0
-0.38087918995416903,-0.020158313307523903,0
-0.018160600884914807,0.0662687454139109,0
-0.23468477672997676,0.08167483585609991,0
0.04582357046727594,-0.3858458880676237,0
-0.17730213287000052,0.36043800250132185,0
-0.202643019583952,-0.23415352338414192,0
-0.13678504389034032,-0.3431465150621436,0
-0.22135414157715388,-0.12553246691478953,0
-0.3706858426239432,0.08846014459506908,0
-0.021180159931727005,0.29686436742064876,0
-0.2505692134094154,-0.15316666504637505,0
-0.12706843980672522,0.02982185829652005,0
-0.2897678977079015,0.3080772071408588,0
-0.06676626786067774,0.12066466028992588,0
-0.017531214178340297,-0.42256515054926597,0
-0.3206910327607136,0.1982772694422076,0
-0.09491934739173484,0.2813528724214508,0
-0.36846715293539317,-0.14906853404264725,0
-0.18258192380186997,0.2724794451452412,0
-0.08969560016602895,-0.36020996006654393,0
0.013592039327745909,-0.3058744149698313,0
0.002478155108120867,-0.45898546089211967,0
-0.2619703351711428,-0.3630851263532208,0
-0.3039160359002036,0.22812218469650972,0
-0.30925872340002647,0.2524259953495379,0
-0.14096994032123839,0.14069820565820895,0
0.03723362422505271,0.02490834199974942,0
-0.007923237601821955,-0.3240108847405571,0
-0.04581863962483429,-0.19539861434207656,0
-0.17287022023077592,-0.11863636006219132,0
0.03565061058724593,-0.3276335142606424,0
0.03951282145178234,-0.12111660440802038,0
-0.12640738034841092,0.10749514148034774,0
-0.18799255767063947,0.08432280025830084,0
-0.02839358259420836,-0.007542876640079732,0
-0.2942620682782694,0.36639141086349025,0
-0.3331201858744075,-0.2031890876203684,0
-0.10998684581252789,-0.12141558050232118,0
-0.012973396756853666,-0.19590236213291687,0
-0.09640985738415477,-0.023209505164140984,0
-0.08091357481947117,-0.23440653636618566,0
0.03211505798781776,-0.3982635576637157,0
-0.3932677646204291,-0.06204500374134796,0
-0.003923128412443536,0.04800867324778174,0
-0.17844372937772549,0.3476058488420717,0
0.042241065369426525,-0.22973714411477025,0
-0.2231201968808798,-0.34896864537698763,0
-0.18346610178966125,-0.16162829441981844,0
-0.10776875278463903,-0.3143829657424411,0
-0.038847579928202286,-0.30881430885062316,0
0.00026706616964885046,-0.24867138959944704,0
-0.11065491868284028,0.003484895297907841,0
-0.2921038865951472,0.3587984491284529,0
-0.258440732023178,0.497523601508258,0
-0.16521918202720576,0.2547288672612616,0
-0.36404884966482903,0.06678663333218848,0
0.04478489617000159,-0.20341823785377564,0
-0.10587830634049118,0.0347701750509825,0
-0.0795972426961362,0.44490470900509055,0
-0.24928780138090006,0.25463574074202655,0
-0.1712821658942214,-0.45613392984149703,0
-0.016047654329854718,-0.46995452762449696,0
-0.04162596352637706,0.10955967316608357,0
0.06158992479254378,-0.2529016434090647,0
-0.038567985502351326,-0.17396593316622377,0
-0.2142619768688668,-0.37837142804919877,0
-0.12088616844390937,-0.3299492397602513,0
-0.243425038497078,-0.10521893279159474,0
-0.038500651539616064,0.09051146668655735,0
-0.2115639618840682,-0.11018454680425964,0
-0.15443723054178968,0.1575403100818994,0
-0.03963632573578845,0.1308745505314609,0
-0.10744981523563817,-0.08782764793724614,0
-0.10969344499375536,-0.053285043147420885,0
-0.24702697841570612,-0.055864005395630294,0
0.022921132054172844,0.09699434486579404,0
-0.03224788678490772,0.08608080829622324,0
-0.1749989405348328,0.46002318391462743,0
0.022669757896046354,-0.08203421838457273,0
-0.25705203630586054,-0.055248793655904786,0
-0.03847693288881473,-0.3843402043184719,0
-0.3242690305319,-0.008082610337502334,0
-0.3409189603327647,0.023654369167253136,0
-0.18743293233885752,0.38931133368640425,0
-0.20412640862269454,0.2679611902415419,0
-0.04211288520446256,0.1427781590164865,0
-0.02941177418855838,0.11010089413083303,0
-0.3017082543288433,0.1154536267491433,0
-0.11712198120382504,0.09193418853566479,0
0.0005651344533404767,-0.21885045287841864,0
-0.03852713813562585,0.32457765166365676,0
-0.05140827295663714,0.1480470815359185,0
-0.29664475058180967,0.2945962218003147,0
-0.29150226748873637,0.16537242647227543,0
-0.33487871195824354,-0.15612149938841663,0
-0.19806903340501328,0.4068209950855098,0
-0.1939517140249936,0.1438937619647097,0
-0.2477494967378457,0.4423273716670345,0
-0.0154162401620339,-0.40672139261654117,0
-0.21693615445751427,-0.18310037317045919,0
-0.327523095812884,0.22357235139722517,0
-0.4478820731213115,0.25616724637977606,0
-0.09113931133971737,0.3643824802289464,0
-0.413486249877546,0.025354339428606515,0
0.034438115287068374,-0.2103135817647633,0
-0.0912522299825494,-0.0663535238930016,0
-0.20593677342668418,-0.3247728317404019,0
-0.3991097721268771,0.14224252434408408,0
-0.10167809283948342,0.19890837006785336,0
-0.04093231873074836,0.018114356284217568,0
-0.14279186712177017,0.2647764942186344,0
-0.08355514642655248,-0.4423174485368932,0
-0.3706993367278162,0.2657087606789403,0
-0.36817309880472915,0.02383507406778443,0
-0.0504012595327751,-0.013929093213287759,0
-0.2708926369547499,0.393863450488577,0
-0.21327593531411818,0.025624639291447093,0
-0.30256977274035424,0.04504597356353399,0
-0.06720969406024914,0.21322954611760572,0
-0.20412656736436205,0.32727525230051885,0
-0.17030967934696375,0.40532161805623174,0
-0.13163405731642377,0.47235940881169297,0
-0.4150615446758258,0.02081790183452624,0
-0.11609685675397238,0.36472582324521724,0
0.03779884095481815,-0.41708502065100433,0
-0.14131165422034614,0.22058009008895804,0
-0.13419569316814364,-0.1210032830385207,0
-0.08165332023109793,-0.1390364491653012,0
-0.17422305248195594,0.00760441650601359,0
-0.09637472986369795,-0.33530981128995985,0
-0.2308504355716387,0.3461668870480277,0
-0.18522781342753195,0.2316634598318966,0
-0.07615802182628306,0.2207298340775809,0
-0.028712218730771205,0.31504461411072415,0
-0.4088896617663324,0.17625752988451568,0
-0.36416914316564347,0.15802113978273238,0
0.05106460298098615,-0.22116592626215092,0
-0.006935005203113422,0.1723084616474987,0
-0.24453898598546853,-0.31852514525571846,0
-0.10987974979740187,-0.22132342870432287,0
-0.17843520319347672,-0.35421774606590467,0
-0.08322325765129891,0.35128314781963715,0
0.006526288771546871,-0.46604541183447556,0
-0.02176061174845724,-0.0857930594653458,0
0.09141124142140983,-0.4555252304841504,0
-0.12001271160425354,0.1243954871535937,0
-0.07492471712918751,-0.4129100185000308,0
-0.12968169295248963,-0.06711938268465138,0
-0.17136041304181213,0.38061332648620316,0
-0.2856243836333928,0.07927990551825922,0
-0.37111316272167794,0.3183514780887156,0
0.08738803146011276,-0.39649163418172834,0
-0.3793513389666033,0.17013844834282305,0
-0.13441743568646974,0.2374036152702495,0
-0.12089626246521204,-0.04144539362247518,0
-0.0755800253934671,0.06743242269527723,0
-0.05756013626609036,0.3548007770285062,0
-0.2594667027465094,-0.27057314125718196,0
-0.1900278089717644,-0.29647669567612184,0
-0.06605215989174848,-0.2073326229713003,0
-0.3266655508259917,-0.0994708885406093,0
-0.3206612378480872,0.08176098109878527,0
-0.31709029107483777,-0.016846215126493966,0
-0.21343945854624877,-0.014299616687008701,0
-0.2238193654804222,0.2918277664262612,0
-0.323965670599487,0.3727636923312713,0
-0.3645280031029447,0.21242609822915615,0
-0.36189242987258674,0.039012626588403834,0
-0.3356794006797938,0.2942735718922338,0
-0.1894147605281145,0.35048911842938735,0
0.00619511707038285,-0.3067299476511951,0
-0.41004531447656273,0.10652189569433451,0
-0.07993118768840983,-0.06731904813247734,0
-0.10870858653342097,-0.01660772509615227,0
-0.20719002623678925,-0.20017496074418611,0
-0.266408879413126,-0.2038716589820713,0
-0.19059094396190873,0.17726945199238595,0
-0.23720212879384675,-0.30270012354838305,0
-0.10169062317244654,0.11302464414299852,0
-0.13410326163793096,-0.2935799331046329,0
-0.35178802901742245,0.08005071566340097,0
-0.1721977324768387,0.3476338879440232,0
-0.007908323557430411,-0.2256742720863379,0
-0.09962469971755245,0.4416498351679614,0
-0.1851658415169387,-0.23188892322779853,0
-0.25114504803304155,0.4173752530378979,0
-0.12335456414832008,0.24970963257134432,0
-0.14018030644193036,-0.08306326508954008,0
-0.1977989237650499,-0.38857088034282766,0
-0.14666243241562854,0.0831151378568321,0
-0.00880721429438631,0.3395475297381012,0
-0.4233940831951942,0.23273768118194976,0
-0.0853850893100246,-0.34191249324505024,0
-0.3107771659841689,-0.18662719881334336,0
-0.19757453806846717,0.3547660739771606,0
-0.3594827944172418,0.09957009790709029,0
-0.04558116494675864,0.2100912663248353,0
-0.19280732387940616,0.2883892289967983,0
-0.06598094671713649,-0.2980204665555141,0
-0.15499383506780343,-0.09675254103582144,0
-0.3231698587423779,0.2772328627967785,0
-0.013907122907329393,-0.12419392397235673,0
-0.10766847372052939,0.07193496800773345,0
-0.1801950246721286,0.3899058480074184,0
-0.2957684995927632,0.03405538788726732,0
-0.06142160189762659,0.2640396527277909,0
-0.0629666720271272,0.22982017822686418,0
-0.19793931373969217,-0.31798979045005366,0
0.07230462764507836,-0.1726035698186862,0
-0.2477466699136254,0.32019448763413777,0
-0.08569267514109019,-0.30076506733429403,0
-0.0777850571602333,-0.05950830484821884,0
-0.19406968609530942,-0.32108118792480617,0
-0.21737646018574874,-0.20368608131758864,0
-0.22369622157293145,0.14310990220575137,0
-0.35895046980225315,-0.024504625127756658,0
-0.1889640336358319,-0.02424909940907008,0
-0.3349894573308584,-0.18131340367579266,0
-0.391357701660448,0.22004240771631592,0
-0.36958873000990566,0.14310233616993723,0
-0.13644621567128865,0.22391122845385547,0
-0.1528788121604149,0.1726103600186069,0
-0.17632785341970367,0.3003265499326802,0
-0.0848382237118774,0.42956937844555343,0
-0.16515045512798068,-0.3906280679183852,0
-0.10037636692036074,0.379520591090365,0
-0.06318742215227735,-0.3314591008645261,0
-0.14230140798134921,0.49385584900549606,0
-0.18820131732367723,-0.2409787079107082,0
-0.28345852374546804,0.15185292122760696,0
-0.3649422947822378,-0.016162402549297152,0
-0.159647625081921,0.19850071138863434,0
-0.1572968014571434,0.008553679831384334,0
-0.4040399717820768,0.045355732606381385,0
-0.37044456847254265,-0.02475143332115761,0
-0.26018599197495923,0.09837957215730943,0
-0.03208871681033624,-0.025003626184572185,0
-0.23035171045498326,-0.2748248251078414,0
-0.16718650815772032,0.059757863696858364,0
-0.12434969156249095,0.11517081420615831,0
-0.28653630964752885,0.3246195537555119,0
-0.055919417477869514,0.11621359384617574,0
-0.28314571107214437,0.3319883423367728,0
-0.19523664616767883,0.27224173375399524,0
0.024308530951053748,-0.39805000696479365,0
-0.18403996684382742,0.3674015079993279,0
-0.32244294313988575,0.020978943102285555,0
-0.2875861365696979,-0.2921428843819681,0
-0.04911297156487779,-0.40701778487339985,0
-0.3589648634366598,0.3173864204323484,0
-0.16095800262867763,0.2997015439547419,0
-0.34001725866022287,0.11541640431343778,0
-0.30835914339824133,-0.04564482216716191,0
-0.1290501853970299,-0.419892659938066,0
-0.3149946653608971,0.2558751978512211,0
-0.01959736752367708,0.29681540553370866,0
-0.3679751302716325,0.212022107718884,0
-0.2271135688727516,-0.31782496512341574,0
-0.11619389872369469,0.4319498859782934,0
-0.40505818123510917,0.10385151074870225,0
-0.2886041601333303,0.3378826553000425,0
-0.17413326477780425,0.29954564139561624,0
-0.22945488819152657,-0.3645974101800726,0
-0.2742797895762061,0.5054834629672383,0
-0.14828289920415533,0.16084501927424036,0
-0.08563149367819461,-0.36443390224200356,0
-0.20291531083617909,-0.09020606819600863,0
-0.180074094922109,0.3819416577747031,0
-0.3300536196141705,0.029300655722558508,0
0.023452519592168385,-0.43537293732349985,0
-0.2573772430374636,0.08504337132784533,0
-0.1144527719173567,-0.019194620695502637,0
-0.007086284636511664,-0.016702538298066692,0
-0.16699544292446517,-0.1336345033237681,0
-0.11181334546762664,0.2798767647273979,0
-0.03780475782461922,-0.2915979021888824,0
-0.018514184162695305,-0.47433347130508513,0
-0.2815731888187811,0.3153823712620389,0
0.06143936599369145,-0.2701254310523519,0
-0.1637151103465523,-0.26678585527690024,0
0.07864368666620843,-0.20194099121143178,0
-0.18268375385403338,0.1134689811816429,0
-0.1321446197633447,0.031812903394825176,0
-0.14625683077159438,-0.2955973120549124,0
-0.11100836741238516,0.30448713958202295,0
-0.06731033033076313,-0.2823904035371876,0
0.04658000143541555,-0.3716839151854526,0
0.04649587939460572,-0.15267436076722082,0
-0.3511641857880339,0.1367502867011765,0
-0.41980670813848114,-0.045168874185647044,0
-0.2448352462783081,0.4117336143527726,0
-0.06712762013355303,-0.3797306173912916,0
-0.17893497070841136,0.13479946996111303,0
-0.26488810035829086,0.39655207015808863,0
-0.1668664215113513,-0.23536789202193212,0
-0.2024733036563223,-0.13171813027092136,0
-0.06146899805251067,-0.10247725995493966,0
-0.13126485619458542,0.4032467367341208,0
-0.023088049104150344,-0.21216642319043438,0
-0.07750549969640283,-0.11395860578085915,0
-0.2872564206780744,-0.24582334268187866,0
-0.3106317606846707,-0.28481756212461434,0
-0.3596250854594655,0.2553293862349284,0
-0.21421977659569552,0.25284850612183174,0
-0.15533365340805735,-0.3699313596568637,0
-0.14860574210716787,-0.017924655423284645,0
-0.31282471898327885,0.05358562323838286,0
-0.07483479261112365,0.18029754943319679,0
-0.22248250698702887,-0.11841249551442208,0
-0.25766400377135545,-0.2153738854453378,0
-0.25492184504742504,0.5095845484471253,0
-0.1534061071549435,-0.03493744391246561,0
-0.05612765143099188,-0.49747179876961223,0
-0.06054517547028482,0.191708680155685,0
-0.02778157105130664,0.19346640776736207,0
0.009446314142235122,-0.33143069843246037,0
-0.0706071026398341,0.3932830562616672,0
-0.31620697120942476,0.08847085698075058,0
-0.16541775688490665,0.03415113897745856,0
-0.03029671837517388,-0.25073457938823246,0
-0.03442212603554659,0.31860229073212154,0
-0.2447313685295533,0.06251088451449326,0
-0.18649082629553823,0.3075598502353883,0
-0.062312721612405905,-0.23853244990966627,0
-0.10670007741768066,-0.11329007350646132,0
0.024666893053765293,0.005381569318750448,0
-0.3241597756834322,0.09679889145872314,0
-0.06506516826025077,0.3085367946840392,0
-0.10522633638462711,-0.3736690587391257,0
-0.06807324252870807,-0.12137060607917886,0
-0.15744260804885946,0.15254999506629593,0
-0.05226258601406591,0.07812267122401433,0
-0.0066479912322405105,-0.18930687069553787,0
0.0014537158088046454,-0.18219033637776672,0
-0.1471207055002374,0.03815452716183855,0
-0.22309954411484487,0.17107254628601307,0
-0.25480418563177704,-0.1260384294321326,0
-0.1000855643133496,-0.13029345743728216,0
-0.3611531340748769,-0.08288473209141964,0
-0.31685610890920485,0.37730044176802197,0
-0.4339931610483508,0.022737303562720457,0
-0.03544926680351667,-0.09004046685114644,0
-0.18944706851517976,-0.4079864150760812,0
-0.25896217662553533,-0.020223484795606653,0
-0.12790108070958783,0.13368550875161514,0
-0.08313993052244584,-0.047604875932729794,0
-0.3016073032854766,0.28258121974642614,0
-0.38269889103865073,0.3627406673212467,0
-0.19405432149088014,-0.14819835227430628,0
-0.05501109322774696,-0.46511904164723783,0
-0.16607429527678375,-0.2925714700836172,0
-0.19249226277914347,-0.060339450604650256,0
-0.26836066224703753,0.4193570108617596,0
-0.025860677133098267,-0.47242111430193506,0
-0.33321330772243307,0.04965096238090825,0
-0.05377138091551988,0.18259190566345762,0
-0.018259482776696957,-0.3385850230524425,0
0.06233621476032494,-0.20869059432871287,0
-0.22276485916759076,-0.21604918387881777,0
-0.17188338015083704,0.19195450397316707,0
0.11030032867855621,-0.483675926445349,0
-0.18459319623998818,0.03965451814900055,0
-0.0870828425349441,-0.0210878847620565,0
-0.01721613445962648,-0.2075111043014596,0
-0.2474911178623327,-0.12726130101447647,0
-0.24394115019347623,0.2880749390959992,0
-0.2817233087978255,0.171200050147985,0
-0.16202973312838986,0.11905816104021513,0
-0.14200864860593856,-0.39983125483101933,0
-0.06094484592497632,-0.183760078015308,0
-0.04664502995545803,0.1153393504570029,0
-0.2617254558092935,-0.19739732813518363,0
-0.05500278387006422,-0.19673428493084083,0
-0.10435118262252782,0.0986682807733138,0
-0.21634461007443956,0.08847538567439092,0
-0.06925380662250993,-0.3384006113832179,0
-0.42545116828575785,-0.03871656363731111,0
-0.2682365502070343,0.3111906046497548,0
0.036280940567810054,-0.1871241633062289,0
0.029714672755755445,-0.07087048501752885,0
0.01948035238475297,-0.0006784359165870132,0
-0.16187809686746257,-0.18887844985232002,0
-0.08570237565815099,-0.34628183548144653,0
-0.35126963408631556,0.1462994191797214,0
-0.29110020160375827,0.06673792405544107,0
-0.09642281656590197,0.27203791306265446,0
-0.20272102284442317,-0.11328509232158443,0
-0.28634049206247797,0.08788440623704853,0
-0.18446936339969539,0.13409963875585343,0
-0.28637835476610984,-0.16308533343666484,0
-0.18880724820821254,0.08747991193816508,0
0.0009611397638902222,0.024712142057829553,0
-0.33388757079260967,0.057382853324718444,0
-0.1898043479783293,0.21144687209874483,0
-0.2586903429307195,0.3344574627393136,0
0.07915308557742508,-0.2739688344698011,0
-0.18552229545868154,0.36592394107015425,0
-0.03182674081392684,0.15127353623637274,0
-0.2988213459033759,-0.14173254021346374,0
-0.006361729267095078,0.3277791635992809,0
-0.11172338646168956,-0.12248787705782553,0
-0.12631988155308999,-0.19549800162102668,0
-0.2118673991589158,-0.13455649356225793,0
-0.2957089162987098,0.16751015283369222,0
-0.15731393977070424,0.44737614386687974,0
-0.158275536324761,-0.3343102745191187,0
-0.1740874480195841,0.15120700728799874,0
0.07036644662262341,-0.25615374309153177,0
-0.03588574523579301,0.2612074974554383,0
-0.40793700263047566,0.28629215347100934,0
-0.04090692907260518,-0.23436500141699573,0
0.09575985614036091,-0.387343515691898,0
-0.1196760072000514,-0.3104432641226149,0
0.04141738761230828,-0.2059278752804843,0
-0.292069842383228,0.21815376617265542,0
-0.1309629502476293,-0.3616718263923073,0
-0.23796473572097498,-0.13524874447478563,0
-0.273130932675922,0.28289743100152326,0
-0.3495210043737436,0.3262438282462701,0
0.08102501772420874,-0.31421873273841283,0
-0.1766347193690373,0.19445707789102878,0
-0.16528879024001547,-0.22405597159182902,0
-0.1924337150134656,0.3142552575515808,0
-0.08420236100563494,0.18842782208392692,0
-0.2852146443494511,0.18778233135817213,0
-0.3447927735187955,0.1912626452327249,0
-0.32553099729720497,-0.14316450263179795,0
0.09076338910829083,-0.36137674943874426,0
0.08022400380402855,-0.3576226481683728,0
0.06738555368887243,-0.2011421936308316,0
-0.044456332269963435,0.2613965715752614,0
0.020704396146190112,-0.42061951712850904,0
-0.3644686704266905,-0.029023698085541248,0
-0.08007103204174604,-0.043079844660797235,0
-0.26456921447303244,-0.16920742459847743,0
0.024175734920864857,-0.22099058163009264,0
-0.0999358253288596,-0.4070177111488118,0
-0.022099954736180955,-0.06608595859464805,0
-0.2840803869919073,-0.08709712760013585,0
-0.05608589705289069,-0.19854471729339354,0
-0.029104192683983347,0.21867434756816423,0
-0.30989825963756346,0.16426154252669053,0
0.01045634892538264,-0.09440355863026717,0
-0.07418797576612529,0.39707120048278494,0
-0.3536091909888353,0.15375515253793465,0
-0.2704518550889767,-0.18020928717826468,0
0.032791719415161985,-0.44157388483939247,0
-0.06278626976356076,-0.008651541336461928,0
-0.3716274818271952,0.0939946628697258,0
-0.29003555472483916,0.05079575542143391,0
-0.20075096525601707,-0.14852257179151282,0
-0.33500389644092704,-0.03165399172157693,0
-0.06447775557522999,0.44289639316661705,0
-0.018610186405508447,-0.026395937760384017,0
-0.31600096722944077,0.09109131780493009,0
0.03302700425994942,-0.15667160175894088,0
-0.11300881877180272,-0.3234976137317096,0
-0.05771162017782702,-0.42135197335093716,0
-0.25128892368186484,-0.08646042647614721,0
-0.3217048175710033,0.12393119661019011,0
-0.07039134427598767,0.05047795271247088,0
-0.03423837011500938,0.28238979122327074,0
0.05207165242790706,-0.3835283494450184,0
0.06970292064434389,-0.30304951144607556,0
-0.06945262514207795,-0.3058286191677664,0
-0.33646604449937906,0.1498802306556069,0
-0.030389023999852532,0.15299178576637096,0
-0.037388066472351614,-0.3054475623181136,0
-0.32958385276948743,-0.03385546728029639,0
-0.1137860077859563,-0.1733335891266523,0
-0.2930388559262644,0.0160347456434799,0
-0.28579084517154335,0.05043798449158119,0
-0.11672008774808842,-0.11187679579951428,0
-0.1157871663904353,-0.2664340694836101,0
-0.21018804388132756,0.1466616744708711,0
0.0284367362723594,-0.25458718404700315,0
-0.22631071022650925,0.23176131472831302,0
-0.2695553809308753,0.07844815549143301,0
-0.25071046850043743,-0.36116909742789777,0
-0.08851459325934517,-0.4062077228413574,0
-0.1490676961339379,-0.37185057347459743,0
-0.23367304836863464,0.16359118620830737,0
-0.213690874513793,-0.2934817635803931,0
0.07803546133127415,-0.3795922258791846,0
0.11141126855807784,-0.4430654895742818,0
-0.2041191732844819,0.4542925745315963,0
-0.14394399047352208,-0.1981562456715539,0
-0.05261128943821741,-0.5365017220528157,0
0.0214908412705048,-0.2173128683575199,0
-0.34526459829161277,0.2295519877868522,0
0.042888817361678176,-0.22257255852993982,0
-0.08380607192388762,0.35151611908763486,0
-0.07762593855520339,0.02218404417300618,0
-0.2885727872983426,-0.10366198159357856,0
-0.003070295405675694,0.04157877191524927,0
-0.11560417677867534,-0.16877270878253034,0
-0.00398977128202022,0.2202573453190314,0
-0.09929665202163532,-0.0897045500940373,0
-0.11664429170593484,-0.10974144458401593,0
-0.29393405400164924,-0.10781758280853015,0
-0.11595343136411802,0.1831421337898819,0
-0.25207855370805043,0.16666630667629354,0
-0.34851671562222725,0.21707192877444986,0
0.0031855715062441446,0.04239620755508237,0
-0.15628046801784237,-0.07232046641963304,0
-0.3182192103065689,0.12211876794420552,0
-0.30728455936927507,0.08563648717729644,0
-0.21175763287966898,0.1894453756924238,0
-0.35049164406477507,0.24273083293060632,0
-0.22679979362473357,-0.12530402981971722,0
0.046671723077059316,-0.2682840550651185,0
-0.28472617967912633,0.18476149316409204,0
-0.13693874763303182,-0.3028640837278079,0
-0.19905722204529733,-0.060134493250101825,0
-0.1974950687489492,0.28901738559932594,0
-0.11366246628585078,0.1191594769478497,0
-0.25767484251185324,0.4735546338926882,0
-0.19373661981869347,0.41550143018034646,0
-0.3364029288894065,0.14091630719589113,0
-0.34595969721266306,0.03565418219590655,0
-0.09332536926202957,-0.24831442774846196,0
-0.20394666117490884,0.32191326363721423,0
-0.14354685957558797,-0.2920504379974605,0
-0.09350809035037051,0.23366341978266297,0
-0.2589833287977959,0.3182567532551717,0
-0.1140530096420271,-0.16199895029096872,0
-0.24961827144320375,-0.2330911716957979,0
-0.3239335025454595,-0.07920313790540831,0
-0.0753516489356666,0.33888516624285325,0
-0.1576789638681913,0.3398751920776058,0
-0.3472783183005788,0.09761253758171194,0
-0.1598488645218148,0.042507092921739514,0
-0.0457376245442459,-0.5544065414005909,0
-0.19927297783841774,0.1878026007039771,0
0.005149818372599669,0.2674132482555377,0
-0.129795008470677,-0.398013947809006,0
-0.3096062383643591,0.3050801819575921,0
-0.2611700043985013,0.4401420928969211,0
-0.04766771080105506,0.07016705741214489,0
-0.1453474720787272,0.09051286352645309,0
-0.2422256930710276,-0.10262150399534328,0
-0.07084839099869811,-0.3254098027064203,0
-0.21078016430698412,-0.38110795877975784,0
-0.06590276264699406,0.18669243147924267,0
-0.17991480420495948,-0.45964248632561255,0
-0.04329580835960901,-0.10505076037915806,0
-0.18641806541090478,0.3877367266525176,0
-0.1428313707140455,-0.3902962239863954,0
-0.3381434336085604,0.31642698758360965,0
-0.12762212465193568,-0.05998693537590737,0
0.05164768937621044,-0.24361265815836688,0
-0.20407866715543393,0.2184717151221353,0
-0.20145038500005638,0.20128689069559175,0
-0.34093978198341335,0.022550200845807084,0
-0.24146342216140207,-0.3257738138837131,0
-0.32805170018718527,0.2507280780606596,0
-0.0869343463073135,-0.12893506772828112,0
-0.23420524712580076,0.041035695117513905,0
-0.04364748179207031,0.3574840446554476,0
-0.25379276611946927,-0.17154024648203978,0
-0.19172829818886664,-0.2769242742219813,0
-0.2729030604303437,-0.05802795050409175,0
-0.04148428226521272,0.27679111860143046,0
-0.024981357815078147,0.30398087745346397,0
-0.3457821542727809,0.0677758002559906,0
-0.38546757854672975,-0.005285506722986946,0
-0.22003748583182015,-0.04008074064012422,0
-0.3222930921694124,0.22397260039229644,0
-0.08240325855229236,0.0006990259716609982,0
-0.3354810150981003,0.17505390132437637,0
-0.07296313128309616,-0.15267268709646237,0
-0.25909706612522354,-0.25000041205342854,0
-0.1143133444160199,-0.12289912322419216,0
-0.27106128186134004,0.5228401945401747,0
0.0021420509634656883,-0.4871460363878264,0
-0.23592896361052118,0.4374394627729667,0
-0.06651825048873883,-0.5770844979803774,0
-0.09395172798916777,0.4261456608039781,0
-0.11665135938331526,-0.010209836104335002,0
-0.29386458303362584,0.35314392181367077,0
-0.3538620268547387,0.35807123885853864,0
-0.11771431641311939,-0.14700937849058715,0
-0.12778624837839883,-0.18960035894279048,0
-0.020325057156279566,0.3407914291512873,0
-0.08024734946719028,-0.44581212232539036,0
-0.36730938920057726,0.15222194646556259,0
-0.2820588041896819,0.15592985058133882,0
-0.010597145166986824,0.18110664780038813,0
-0.12049604345854285,0.039836997042074065,0
-0.20088279538763432,0.2810791661084682,0
-0.13336799920332923,0.06606792246650026,0
-0.3056831529833324,0.2551873704482038,0
-0.3403796713997712,0.39818027816975227,0
-0.07962048374533655,0.11270675602718891,0
-0.298002224811445,-0.1386820264048576,0
-0.25341806325599664,-0.2183156640663815,0
-0.33288258062071596,0.12928434480986079,0
-0.22555157335191986,0.15494176408407048,0
-0.11510905793625636,-0.24686543892361515,0
-0.09354897786158714,-0.15109924495029645,0
-0.2507099817353421,-0.2843434213143211,0
-0.2461076875348445,-0.35625311580968555,0
-0.20223221654083784,-0.2768028534893057,0
-0.14905869355690515,-0.38548393539132575,0
-0.3875044809408073,0.07215849763607497,0
-0.01669219313455648,0.09248518400554506,0
-0.14598918113216258,0.15394170462617263,0
-0.4166378662403912,0.23242494082369772,0
0.05804203882529434,-0.20374762618268866,0
-0.07453339249158099,-0.175748483387295,0
-0.23454944503301703,-0.2520589564162433,0
-0.24484537326518963,0.296108591643672,0
-0.04452711378580168,0.010070076779561532,0
-0.1901082622539965,0.24079255867712798,0
0.0475110117471451,-0.33387187402668084,0
-0.36813048295307793,0.20301821069707282,0
-0.04664013909729558,0.3143825567811679,0
-0.4252248363810935,-0.05542631572909027,0
-0.18360067526636104,-0.32221587282617725,0
-0.030733942345963782,-0.3569743376320211,0
-0.20468643103904433,0.35803051769923994,0
-0.28683915894705114,0.15739185604649159,0
0.0026439374920330344,0.306144830078944,0
-0.2875268959462393,0.16755145038813643,0
-0.10569807840434799,-0.022690712057245897,0
-0.0685226483772492,0.19062128059343134,0
-0.2040145428501808,0.3813106797640831,0
-0.26129771174841404,0.0018507072864496733,0
-0.0742294669695994,0.40088874347596015,0
-0.23564836532994748,0.2474144931179715,0
-0.1868469456478968,0.6326133051202711,0
-0.2552804357890335,0.376162452237825,0
-0.23667184815305994,0.047609451897973436,0
-0.18402507536795584,-0.29957561664619176,0
-0.19712701243499348,-0.23646882001977151,0
-0.11641631071401082,0.3537863561218115,0
-0.10397719038052122,0.4290224849775746,0
-0.03389550694784386,0.14452115493207932,0
-0.17757811901437534,-0.12103813445549876,0
-0.27353521727315816,-0.20929950799915728,0
-0.23525903862484163,-0.27418475244717216,0
-0.2147888739997985,0.14205088494840276,0
-0.1579068402663027,0.28849032248100825,0
-0.2773354603909141,0.441294563356906,0
-0.3435177760206865,0.31072035394769176,0
-0.2515466220074386,0.3890678093541685,0
-0.09992000071701851,-0.30703921456700994,0
-0.20349197548583886,0.2039679739487492,0
-0.24296361947652073,-0.28160625213063367,0
-0.0747720706094791,-0.03922605608312994,0
-0.08712899546055024,-0.02600562415239892,0
-0.2878712163585606,0.04066363210215514,0
-0.16560769923279647,-0.2733010925879964,0
-0.21524207499111297,0.41865464132381675,0
-0.39087758485062246,0.36048634164036825,0
-0.358455848345417,0.06639899717451235,0
-0.06172490813285703,0.10151490461333353,0
-0.1597888012800231,-0.04048349491818056,0
-0.19947673869572227,-0.20343045138815533,0
-0.3110479672834918,-0.06643997204433534,0
-0.44647965933512657,0.21477972161653713,0
-0.02786608584729312,0.15071475222179911,0
-0.1541646283489452,-0.20512304438295514,0
-0.2430152086834424,0.25588271722807565,0
-0.3392460324582731,0.0017751931039038027,0
-0.13215339531337733,-0.033514215728328176,0
-0.10851865159726475,-0.2052969977543257,0
-0.09109567882047236,-0.1764169184125893,0
-0.3877521157711017,0.026776878543496304,0
-0.04032078702062256,0.1675406969754735,0
-0.20744134397311273,0.11475838918375506,0
-0.003405717475026953,0.07585939839968756,0
-0.2733295230551421,0.24631765349789786,0
0.004949724628751844,-0.09627130449897717,0
-0.19636339969370542,0.26026458752284976,0
-0.3520402987031757,-0.12431616620839613,0
-0.3095799431927507,-0.21199958125599097,0
0.0369146297067643,-0.4229705130769389,0
-0.29580579456052997,0.3378805905140393,0
-0.06256022960379255,-0.21142036407646114,0
-0.00431536705939156,0.3794420087395934,0
-0.1611086021392973,0.1322898261856146,0
-0.05574004475123106,0.28221376540343684,0
-0.0029669774996795542,0.29632373650326704,0
-0.1804257164236494,0.2831546282767055,0
-0.12008046050003318,0.42016086338277553,0
-0.2515715935383043,-0.27277732719214004,0
-0.2410462180217983,0.3870779068834016,0
-0.14530451024743749,0.08803152607466533,0
-0.2247850109211303,-0.16131689308688357,0
-0.009068363292659245,-0.4774562787567373,0
-0.11516554763579734,-0.30120368548189425,0
-0.06661649473645344,0.3211953161368446,0
0.09503401185836416,-0.47934413234636636,0
0.01121323453848169,-0.1234970920489711,0
-0.31047564545991846,0.28450777518197773,0
-0.05632857857783092,0.04653786158841716,0
-0.04997072589926138,-0.3652122299854325,0
-0.3202230872097341,0.09958943966243636,0
-0.36573888768427026,0.27426547797470585,0
-0.1178688650941184,-0.32668641834545004,0
-0.08939537562070733,-0.4068412806523187,0
-0.09173046906342677,-0.4411900688982539,0
-0.13616483060775145,-0.40852217518394474,0
-0.062140131009643086,-0.31371388472001815,0
-0.3379206771719629,0.04050716509765176,0
-0.044658272654214265,0.26829599174253926,0
-0.26816610985483175,-0.09133907652050982,0
-0.016591965642876464,0.23686008363821112,0
-0.3543364662521139,0.022260835596185094,0
-0.021327210886798297,-0.11952210692609015,0
-0.0003868372817461615,-0.3890735313572345,0
-0.137900858740571,0.18688682704182502,0
-0.17173441166015208,0.2108805605638596,0
-0.26896980664918296,-0.19916559806104056,0
-0.12629177906305347,0.46963645904841067,0
-0.09572232489029661,-0.05056500361223781,0
3.5769700978452844e-05,-0.20341667202035343,0
-0.04607383935647564,-0.033167332473875544,0
-0.11403426452528162,0.10183277670557847,0
-0.10537415441483527,-0.2792566258937882,0
-0.13362567090173272,0.1145734946165629,0
-0.3008800575046749,-0.18086840318714764,0
-0.03055632318475371,0.03416299386348675,0
-0.20349692880131895,0.43285101768571405,0
-0.25474279321416543,-0.015034664441985857,0
-0.03971690094505058,0.39823452206494053,0
0.07237643570710048,-0.3754276066712428,0
-0.006168987979257423,-0.0826798552460911,0
-0.43181278287907493,0.1082962289652553,0
-0.01054536521945317,0.018726825504580623,0
-0.30267200629101,-0.09994579823601331,0
-0.32568549290548754,0.20512040901506057,0
-0.2718194240403996,0.1858603370565945,0
0.01110048191184053,0.07634176927058398,0
-0.17887929056448693,0.2103546267741631,0
0.0221986617133249,-0.214299180829824,0
-0.3132307064496777,0.34629971753151756,0
-0.03339921836486519,-0.28055747943768666,0
-0.3882985031684783,0.13289844721059701,0
-0.05930482999744677,-0.04861250594878692,0
-0.04984914723010913,0.3088083695579664,0
-0.2862576029335157,0.10338433632113085,0
-0.14520926696551492,-0.21372226908415579,0
-0.19545008761385968,0.19577335178230226,0
-0.20310707275240197,0.3234535056791991,0
-0.06775992175582013,-0.01815753726307321,0
-0.35257060081139824,0.291447806853799,0
-0.027712391313156816,0.16395577465963876,0
-0.18907131116627432,0.04474116876361426,0
-0.032943028705672055,-0.04996875586364084,0
-0.14602442929879608,-0.11198411790496542,0
0.005605410459088591,-0.1489606785689471,0
-0.020288717697508826,-0.29053535359636606,0
-0.09004084459079797,0.3882758071352339,0
-0.3925811082633559,0.1172130436537071,0
-0.2803284332650013,0.5296088517495368,0
-0.1344831720164053,0.4694101869447761,0
-0.29548272540049253,0.25081462386023157,0
-0.17191657589993017,-0.08097178383792282,0
-0.041148778467530685,-0.3391584707462102,0
0.03714433819376777,-0.2254230355022385,0
-0.32739279272990723,-0.12436011073386836,0
-0.03847718784253758,-0.23519733400270335,0
-0.29228285303884455,0.28249654026340815,0
-0.008813690787017743,-0.29340378340269774,0
-0.015202004773027612,-0.3451027384313844,0
-0.38761402906731796,0.3557748428124383,0
-0.4065650147649275,0.030112301497630906,0
-0.24011722743327737,-0.283887331244246,0
-0.34988844478418607,0.02527048357448082,0
-0.3373967927794005,-0.2909106798001935,0
-0.015399259382023547,-0.37780526163977357,0
-0.11235614100343128,0.02634737626812586,0
-0.19072789669113283,0.3937240805908159,0
-0.1101710962130918,0.14130281909313835,0
-0.17517924699009665,0.2525870802649424,0
-0.1944210943453588,0.031034599575669435,0
-0.1806845241995062,-0.07537120565024212,0
-0.07823355276444022,0.03245202240952698,0
-0.38887981063030785,0.2683859463269048,0
-0.0896236044621237,0.17088166267902063,0
-0.34239653195791814,-0.1556642840843178,0
-0.13963102509841382,0.43554351105818395,0
-0.3852983603536089,0.25898257297737126,0
-0.05074597616020315,-0.34899815797552947,0
-0.055542139986497575,0.36490240771478455,0
-0.3316118853290703,0.076570150529849,0
-0.10287599495939749,0.2611371110317034,0
-0.17444663706846616,0.3543831658904248,0
-0.07162136066833236,0.06839592119375,0
-0.13764033456841318,-0.004783489861394724,0
-0.0701178348023982,0.2845525095871184,0
-0.2041536809293576,0.3724942813454012,0
-0.14590933981572707,0.32530070017738444,0
-0.28386808662253205,-0.11894207766758762,0
-0.17721676547678636,-0.3089457911918309,0
-0.17701162046361754,0.2812821361728262,0
-0.37235523266590775,0.15804507327705694,0
-0.39876148444169235,0.14134531144634044,0
-0.23753219716287383,0.12013782685024209,0
-0.20277538261520214,0.2209021593250629,0
-0.2650996636869847,0.4040382402568877,0
-0.31945998911859314,-0.013328301978343629,0
-0.06478706986720348,0.12579855665429404,0
-0.21223288702895304,0.14260410312538482,0
-0.44768037227204094,0.20353349143399113,0
0.09098342036623797,-0.38029996579265046,0
-0.215577333762382,-0.08819435615534531,0
-0.39099403690773027,0.07617791465555923,0
-0.3669407902006292,0.2553562393785702,0
-0.27736820658455336,-0.25406362418287304,0
-0.002667033903351016,-0.33416782596319083,0
-0.3353266523186519,0.4276724606922488,0
-0.1829433258405337,-0.37946077331579164,0
-0.1947029137802373,-0.16434506083758307,0
-0.298512580615223,0.3560194201475299,0
-0.02827750062645395,-0.21834605196389917,0
-0.07476559856233779,0.3449242164251934,0
-0.0853645606785198,0.40315708839470044,0
-0.16708319555330786,0.3405554300998224,0
-0.36227744592517824,0.03960071120970724,0
-0.2532597990104507,-0.10111430630459202,0
-0.352770336553065,0.08155846428612114,0
-0.17367226493552831,0.33692400889448765,0
-0.23677979586253184,0.2640792690872797,0
0.07290781051911982,-0.2973913081700449,0
-0.0144013600949012,-0.4250593521628937,0
-0.20508284020468603,-0.2152199299991984,0
-0.04430474579999089,0.35299591909315575,0
-0.06362698074539921,-0.27141681256310424,0
-0.2448003137116245,-0.1553153600441059,0
-0.1327234464137013,-0.008770251034178202,0
-0.15939924480447404,0.31903845981892237,0
-0.025072580417828963,-0.5277120808186636,0
-0.31207884015441134,0.05391018839499984,0
-0.09370029668936744,0.4136403176330339,0
-0.3136214567988087,0.24955644476725902,0
-0.12079502526505682,0.08890776967162502,0
-0.038151758643205164,0.38834515687743454,0
-0.1896977900620512,0.1566509808321178,0
-0.2114051434798497,0.02998729858557238,0
0.08994676081713361,-0.39770152226800076,0
-0.3560336343765361,0.3642822412802064,0
-0.06613005551327343,-0.05934862473210088,0
-0.02783841219690158,-0.36261141904464145,0
-0.0865088674088091,-0.2526763839852332,0
0.005527907755794307,-0.3671161429966751,0
-0.1601754060062356,0.2842679703312513,0
-0.23887408980043132,-0.2468723872116317,0
0.019350690978307383,-0.45561555110394764,0
-0.26953599334032075,0.14968548193659445,0
-0.044466359908688496,0.009148501875904817,0
-0.18050095816014392,-0.017899603878877676,0
-0.07324056509368211,0.003341643074259082,0
-0.04431498721276808,0.1778094095754464,0
0.01541734339352731,-0.43533685602362454,0
0.025787059007584646,-0.4110363476063458,0
-0.2757713459686513,0.10771184515713361,0
-0.2492488765684677,-0.2594581287580779,0
-0.32036240385413167,0.09308005608299948,0
-0.11614120576392477,-0.24812341590839257,0
0.035364627279943966,-0.07212335343910845,0
-0.3710137925152553,0.027730747965875276,0
-0.18843256556758697,0.3323925039711422,0
-0.24763519842938644,-0.12113795855500437,0
-0.23102341742946939,0.15530776428788193,0
-0.276214467310429,0.24919918163807797,0
-0.323668185984679,0.2664339249356451,0
0.004469201618955055,-0.4528103040681445,0
-0.05114200230796594,0.3510685258058177,0
0.08060773306326437,-0.24650884890688962,0
-0.0075434692168191275,-0.3138596527719983,0
-0.26033765556911437,0.4328609385081936,0
-0.004887434011209787,-0.07598547396231987,0
-0.38452073856477725,-0.061702485288785615,0
-0.22745877222517608,0.11683821156503942,0
0.030857268361575256,-0.13686176067392078,0
-0.09741338053157368,0.0767037249259738,0
0.025526250105543675,0.05552807741381314,0
-0.2817975730831064,0.05974335686508934,0
0.04798182676971458,-0.2572495967583876,0
-0.4224475114220479,-0.11290300612095004,0
-0.13051051898697635,0.10535623599845849,0
-0.04426780482281458,-0.37138887852838326,0
-0.09996389147516242,-0.2541351627603114,0
-0.2847244704636142,-0.38536377160607593,0
-0.10604958535048895,-0.19667924262677447,0
-0.10926982585131902,0.09908874297411246,0
-0.07609772297479732,-0.22665522914981273,0
-0.11767319840960186,0.15289987540818187,0
-0.14787167588092304,0.19685587135091726,0
-0.05358668106860124,0.04773274745202642,0
-0.043076832176877695,-0.43678249711755596,0
-0.2804481500074537,-0.05469945814235332,0
-0.1542541424655933,0.10522350593654402,0
0.0010992243001090125,0.029863269968563574,0
-0.18425188707752124,0.18659382323069934,0
-0.022777878356304015,-0.13470980774645352,0
-0.07316152410117067,0.13142316935654338,0
-0.3215672368202232,-0.034247916964240725,0
-0.33533496865065643,0.10765182453793913,0
-0.31348369214919447,0.15210529998400849,0
-0.10727382757869809,-0.4341667767786454,0
-0.03471006449673776,0.14049788845775682,0
-0.05569247697510836,0.3912090950292823,0
-0.20354708712973044,0.0982151513868238,0
-0.39776429094971083,-0.019658763424228804,0
-0.0828427120633008,0.36689359876126665,0
-0.1945711523488468,0.1674057801603573,0
-0.06184878344429592,0.2988383331372,0
-0.09947584576021629,0.007930078141474065,0
-0.15401297762825641,-0.18903356747260816,0
0.04284531146408749,-0.4333380612014207,0
-0.05858243683019475,0.10041150721585454,0
-0.08243912456703748,-0.31164832002374,0
-0.26836362106497647,0.2500977830618105,0
-0.08423827921149224,-0.23555453461712791,0
-0.27185084160669837,-0.04553418844503707,0
0.05847187844212485,-0.2125380404733698,0
0.004914498940348214,-0.21031743021561733,0
-0.3561956036505181,-0.020407264140336147,0
-0.45289286153278885,0.2065704425398954,0
-0.1126162137225547,-0.01976044485394416,0
-0.0028381239839377365,-0.27436157077241324,0
-0.043310782155247245,-0.43126334983878606,0
0.10606087486558735,-0.37203558324708386,0
-0.39300445916239546,0.26972733120648174,0
-0.2957945655691157,-0.07400027501757102,0
-0.18048316906941286,0.3521899029504574,0
-0.01590158367031001,-0.1371783089361933,0
-0.05468317364934876,-0.49011461912993415,0
-0.10003779797121827,0.40594690057598964,0
-0.3541876017408354,-0.13279819778938393,0
-0.19343397917571933,-0.3975116326764172,0
0.05587130244205046,-0.30004726227945505,0
-0.4111114622080466,0.09250340229600122,0
-0.29200506020259426,0.3481913537278931,0
-0.14741146935388058,-0.3765303799986386,0
-0.19093780503666638,-0.3734650087162505,0
-0.13959194465265828,-0.06986241500478448,0
0.06855299488146704,-0.4551393985400694,0
-0.06867839122594879,0.49095790357420954,0
-0.3591225023836559,-0.09794770879000106,0
-0.29652533471787407,0.41836045616384787,0
0.009961224528233512,-0.39043480174614303,0
-0.213522806517569,-0.14370339930522671,0
-0.08893776982766144,-0.3621143409400154,0
-0.26933967794234537,-0.045840154482988345,0
-0.09781620649195019,0.37068930276341,0
-0.21625486629804536,0.4387085136763779,0
-0.4478218207028574,0.1413409603209608,0
0.02487276984473143,-0.19676082371590203,0
-9.780160147282605e-05,0.3043625101751566,0
0.03935427106186294,-0.3018334886891263,0
-0.13946721537274961,0.22679169013223277,0
-0.04771874969317927,0.0010307138111048325,0
-0.3642679044338835,0.26039677919343596,0
-0.21063219004079983,0.030281941548232442,0
-0.30261602971980006,0.041725289982588086,0
-0.1236195285097604,0.4813547989717193,0
-0.30032827677826146,-0.0610510463754884,0
-0.23729277845181285,-0.24234705845546267,0
-0.20512380589292128,-0.3831134660229918,0
-0.30611657071617104,0.14027868414356842,0
0.08961473121224332,-0.32514981099412604,0
-0.24517567294638742,-0.32023300912636565,0
0.06783324031435346,-0.47087680279669064,0
-0.27880817003143205,0.11630285787216245,0
-0.15923071954941018,-0.29423170981186103,0
-0.32466393252322184,-0.04915067998344703,0
-0.06380220868810735,0.3981608183947204,0
-0.2588144709711492,0.19552642053214306,0
-0.32838192941500827,-0.14343773242465624,0
-0.2943210836226551,0.294629680516565,0
-0.14405088563238816,0.06233216423022297,0
-0.15756504513825595,-0.2349323786769166,0
-0.22548097174298712,0.302096380830489,0
-0.012046803992650927,0.006925836621509294,0
-0.2220044945709634,0.24681993354666049,0
-0.06261899987615718,-0.020470639706400107,0
-0.3621873210767341,0.2212674011501272,0
0.07654079962563734,-0.43201156839530636,0
-0.053474839008468576,0.377723548803612,0
-0.061013675847081575,-0.42090559347144957,0
-0.1783667859763414,-0.24570191422994078,0
-0.191283344537553,-0.30366998465889966,0
-0.0687647668286648,-0.2996867171038136,0
-0.055007563091160706,0.271228695758633,0
0.09337815224179624,-0.37790112716001395,0
0.024550354903356462,-0.0774886018752599,0
0.08525876326432343,-0.42035289385389635,0
0.00775292483163292,-0.3209360876775564,0
-0.03835673652233993,-0.05915527233067594,0
-0.03836898095096716,0.11371181880214348,0
-0.1824368391419868,0.33965399186929096,0
-0.08202160497494992,0.3489884533799026,0
0.028017329001394944,0.09153932786323007,0
-0.05519138029533488,-0.2663281729701134,0
-0.13140110249477702,-0.00045005228273794275,0
-0.3550246386772909,0.0241073136739114,0
-0.1858912380595345,0.22232417905197024,0
0.0108151263727518,-0.04542734077139644,0
-0.4221851499768989,-0.11986303034488138,0
0.049538516492948756,-0.45286107317553087,0
-0.2746686516500807,-0.19303594063156676,0
-0.354859499057496,-0.0830028823583775,0
0.056410773121367545,-0.35575341613922057,0
-0.10098253598275489,0.06484437317355814,0
-0.11936593005674122,-0.3870306181890689,0
-0.3153549669760591,0.11391419444563541,0
-0.22625769577557772,0.3255364425466805,0
-0.1971781300399038,0.0761946235315827,0
-0.07011105344956314,0.32749059138401726,0
-0.4109008381254115,0.3330442666400249,0
-0.16942400753696255,-0.3296795348645305,0
-0.12344854943237117,-0.24641511862426962,0
-0.358035491613122,0.24316268686655618,0
-0.04097689194969507,-0.29226985455281324,0
-0.38948193995407077,0.389400674337833,0
-0.1462232292751679,0.19094687840255453,0
-0.2910165238915625,-0.17280602056349714,0
-0.03741260072645614,0.1721904388845794,0
-0.10509508124532739,-0.18607262157172752,0
-0.22688982910394034,-0.32722415494879037,0
-0.08930798198588315,0.39364059056459755,0
-0.18761106931050606,0.4428609979452113,0
-0.16652234074630903,-0.38712602703444887,0
-0.314215472529016,-0.011503515212689667,0
-0.37043923055776506,0.0012469789974156092,0
-0.11659553913106627,0.030977468151898415,0
-0.3183456105942984,0.05852740559210014,0
-0.17358217681888025,-0.15951700309764133,0
-0.016218979689694126,-0.05874420467205243,0
-0.1936630250766073,0.28665381224019243,0
-0.2177893698555048,-0.09594027828651143,0
-0.13424587970494964,-0.1308352782436629,0
-0.0631961938952964,0.33651462584023245,0
-0.10115088875460582,0.10767731578651892,0
0.012827207281119765,-0.24550419989368613,0
0.018919801501607582,-0.09637114853299457,0
-0.19617901243259125,0.3178354250815351,0
-0.29165393248183114,0.4178114065330924,0
-0.2081767268349206,-0.059497625084367976,0
-0.011861094250929126,0.032688960780776835,0
0.10240429298736535,-0.4193457279595132,0
-0.006673539554477108,-0.018044581187645667,0
-0.14108051553282216,-0.38563291355457296,0
-0.30791644018132913,0.24716872222450972,0
-0.341108208936954,0.05096755417207987,0
-0.039069728847107806,0.31117780783965504,0
-0.09119228877358673,-0.05298385287788362,0
-0.2999368389799182,0.27029824095029414,0
-0.3025273482481687,0.011499202247489513,0
-0.3479055306242654,0.13847394869543714,0
-0.37810325360757385,0.2707879153289332,0
-0.09998175964323691,0.3590736267817214,0
-0.3616519088972203,-0.008260704598489706,0
-0.18902490405653305,-0.3948037151109599,0
-0.31697617959964824,0.26381754723720924,0
-0.33744450866845604,0.08712665887097525,0
-0.15756881293836653,0.24075437654391463,0
0.007990774786861315,-0.26060258525313407,0
-0.29950988026751973,0.06880053155417129,0
-0.12569288227570113,-0.44112231720832895,0
-0.07334118337178513,0.23121279365085295,0
-0.11653357547829454,0.36945017943752123,0
0.0009649349236478803,-0.06486035131209866,0
-0.2600011061710938,-0.12371406572169247,0
0.10201534365543544,-0.4804484470308422,0
-0.30388483180723247,-0.3164116501454687,0
0.011974813111847839,-0.3378704980521173,0
-0.2276367664064795,-0.10967014905176437,0
-0.04420195200947979,0.13079568854371929,0
-0.25631934575488774,0.061915932505445366,0
-0.30393326041525426,0.31753450723439425,0
-0.3529279160456427,0.06045982651992362,0
-0.4112677380184486,0.12131130157884543,0
-0.20905962209547796,0.429018807820725,0
-0.1502333899821027,0.2624235243576729,0
-0.39636289400026065,-0.031029440830914752,0
-0.42038046956874364,0.1139557795777395,0
0.03900648567236575,-0.4904806232706915,0
0.03527279397061583,0.021702229333642017,0
-0.07806434237586787,-0.41527129729269985,0
-0.11609543237973595,-0.12882523823075787,0
-0.22465888953292165,0.4228141729704418,0
-0.3142073555087273,0.26297897014650773,0
0.0719052548829072,-0.17253882287966188,0
-0.24373468244395596,-0.034622153979892954,0
0.027289041793592008,0.1708177713760185,0
-0.04371932099849981,-0.013559086015250996,0
0.023036585205028767,-0.3507154519344026,0
-0.11165211847086788,0.10072233767193857,0
-0.1909917446503333,0.41341156386961136,0
-0.20948581640745292,0.1597961236847051,0
0.04513774763387549,-0.3885184469517356,0
-0.10615510064060345,-0.21431628299375258,0
-0.06644615937008445,-0.28763186126401263,0
-0.06110268749955635,-0.361075186623555,0
-0.13549532609346002,0.3318152768042351,0
-0.06231561850389623,0.18272099527074667,0
-0.1374232563908197,0.39880497698295514,0
-0.3187871481765275,0.48148403576258847,0
-0.21578276145558867,-0.2865379901974582,0
-0.08854515522394064,-0.389220947263108,0
-0.013018886026661696,0.30017073342004563,0
0.04390436845224233,-0.17836813625975453,0
-0.34799456892929825,-0.027347269730376673,0
-0.2828305488197958,0.3814520971282006,0
-0.026950402693354546,-0.3620288853493682,0
0.1074469301438713,-0.3169613272228381,0
-0.3625032568188677,-0.046675799913280955,0
0.04485294106382065,-0.1731168663785088,0
-0.37431912787280025,0.08973526934302095,0
0.002575791116857167,-0.24282119779688807,0
-0.3058934138660503,0.049655814725005326,0
-0.010459027734071112,-0.47848022283879993,0
-0.24951560963967023,0.3936958829900943,0
-0.26726489392798536,0.2863056445694362,0
0.08141474969178028,-0.42494762365270283,0
-0.19247284029041864,0.1780442967277189,0
-0.2643988243398422,0.16415023849907512,0
-0.27819219991530614,-0.24214981829119456,0
-0.1206262676145948,0.28089994932020595,0
-0.15257369158491554,-0.01021566925023176,0
-0.2697918511868667,0.18314828464231045,0
-0.011198490671090765,0.26446476992790674,0
0.07324899986488112,-0.42643066611005526,0
-0.10723809167454997,0.2598955429192967,0
-0.14198994863698036,0.3613684452082182,0
-0.00923625972922021,-0.1400892934924967,0
-0.20209173366138125,-0.31420872657366855,0
-0.2625030760560914,0.32682590390941185,0
0.03859918317108964,-0.17582032942059544,0
-0.15661367754100125,-0.029083735350802605,0
-0.2466223890607815,-0.2877003354329476,0
-0.0113345299904034,0.32911226431112767,0
-0.04853734983261709,-0.4456531447228001,0
-0.32249266242258884,-0.10595620429722766,0
-0.011545925423896162,-0.2988943595561962,0
-0.017727953156998058,0.11574421760021311,0
0.09324472730821134,-0.388556411399873,0
-0.26569066063653823,-0.11146511263975012,0
-0.014616981297948075,0.3308378741671914,0
0.030233907871213717,-0.3675589807925129,0
0.03427329883837231,-0.2402386375912762,0
-0.2615415796077505,0.17139510845432238,0
-0.13812177888901594,-0.02957886921140052,0
-0.234644131628036,0.09740030128129559,0
-0.07024211827830647,-0.027177226863520303,0
0.06954487441705665,-0.43207549412216967,0
0.10463183069083774,-0.34735333291195397,0
-0.12420064814751523,0.23978153929189633,0
-0.09966212277963565,-0.4340180141964495,0
-0.3321925845948326,0.04886626812531715,0
-0.08690104272257833,-0.16158972136703345,0
-0.03883427032863074,-0.22184112812137624,0
-0.11474848177963932,0.021340887612411614,0
0.022433923925482345,0.04169751950200132,0
-0.008786271078876444,0.041957249583654536,0
-0.2002056681788061,-0.3081126544555108,0
-0.09307136067649273,0.10582618726730791,0
-0.20324454954470988,0.1932555121104772,0
-0.09852931847933166,0.12166557659975501,0
-0.051565833691918375,0.26295863191173297,0
-0.10038589189397423,0.09572288270754131,0
-0.3989449769102294,0.33663205818456865,0
-0.13160367720298874,0.37191730183057425,0
-0.009893879199446332,-0.1836224317257353,0
-0.2741282332096185,0.37414777083274614,0
-0.22435159654932382,-0.05393209128510415,0
-0.18596178725968773,-0.23252607324971258,0
-0.30291067425688284,-0.1909080505387339,0
-0.12693896397661603,0.05043429837371461,0
-0.26395863287263405,0.27031421981159726,0
0.015148026001353542,-0.3786873809871457,0
-0.13583440573390695,-0.28633916812126664,0
-0.3308429487882323,-0.08854475325673368,0
-0.2749043726064537,0.370531291253568,0
-0.027634300153717917,0.4314223878729517,0
-0.39303920259228065,0.16149967756401254,0
-0.09116389732502961,0.29688417477078444,0
-0.17033255455134508,-0.3104004017544815,0
-0.2967333132266107,0.25320953822021214,0
-0.06646804304219052,0.1875180560677591,0
-0.0664242673568297,-0.441890435426212,0
0.04835498849876113,-0.263224306748186,0
-0.38938723669389935,0.24772281653993014,0
-0.17870976443581513,0.1057015251788959,0
-0.19863458448457724,-0.005584317544157904,0
0.04168093373449133,-0.13634912814388947,0
-0.2856953012740563,-0.38894117734806205,0
0.069336049245624,-0.32627659653157454,0
0.06935225493319856,-0.44342168819337624,0
-0.20467562253670338,0.41289388010333483,0
-0.2109304955459662,0.22344361901011486,0
-0.20475011478454305,-0.047540895232694814,0
-0.08870664338420613,0.406626526916858,0
-0.04171384270034874,0.12371932663483329,0
-0.420182147119925,0.30338118804377273,0
-0.20871909942954353,-0.3805357785284497,0
-0.21168281878615208,0.3939562260168661,0
-0.06897727667937212,0.3184169880707231,0
-0.027335762521936858,0.2671013707164647,0
-0.02467490894543423,0.3121637153461393,0
-0.16475680174937435,-0.04855657363682045,0
0.005608978692677218,0.11840011585208471,0
0.10873385816041374,-0.35239502729794103,0
-0.24146736523636791,0.20536643409619978,0
-0.37303420918386165,-0.029201007931513496,0
-0.22998603148396463,-0.12900979414514724,0
-0.33002570109129087,-0.10291798219974728,0
-0.27149030074219405,-0.24601600427478387,0
-0.17743959420569208,0.25820924318724703,0
-0.22428521143562574,-0.0028152750187205367,0
0.038031482983036116,-0.2536238524594972,0
-0.1095907065936827,-0.3134808477545508,0
-0.12291354893613869,-0.09230242579998922,0
-0.2355536486527288,-0.11845409495819431,0
0.057259913101704994,-0.3152066801575637,0
-0.09206142397778601,-0.10366251188316279,0
-0.14271511053048705,-0.39797127190339443,0
-0.25709335070951866,0.32687074029803354,0
-0.08231973274911165,0.12996978486380564,0
-0.36921212846946033,0.3388428180093661,0
-0.39305257624263784,0.366349907169637,0
-0.09684243827913111,0.03301004185638248,0
-0.36037498838144794,0.24288628895005085,0
0.04503985619666041,0.08539180383856679,0
-0.34123854716361657,0.04919542981070124,0
0.038377802482387174,-0.09408168054346429,0
-0.1658753513045392,-0.3935297049780698,0
0.006138117039230703,-0.29660960004923587,0
-0.28500682772875213,0.10938340091225177,0
-0.3387834355556247,0.15162149119864402,0
-0.07050252760443537,-0.22251770460169862,0
-0.25790337490001247,0.32852242542865573,0
-0.2296961036552307,-0.028924888546489815,0
-0.004184381969619417,0.06007906897998821,0
-0.13223013423517033,0.28234195325766326,0
0.03164167006265736,-0.09865633496691543,0
-0.3053108902720107,0.15051700691289327,0
-0.39174014864664364,0.2752442762440467,0
-0.04274212412742224,-0.12271345451721824,0
-0.3437684941933003,0.2877017601453344,0
-0.19854699208423837,-0.13760488723067116,0
-0.026440128567309325,0.29684440149388364,0
-0.13825482067255004,0.05886894153338218,0
-0.15118376926442859,-0.2549805484621177,0
-0.32340607725894455,0.22709829561687045,0
-0.24391060062500033,-0.22427972559390832,0
0.014532442165788544,-0.1834065307347178,0
-0.022390200468823656,-0.3471005739365386,0
-0.42284203144086285,0.28943287825340064,0
0.0383693524612254,-0.17548593557844303,0
-0.12448150019908703,-0.3852520531231884,0
-0.26568845495681526,-0.22099734349732503,0
-0.38321926124417727,0.2685289275213181,0
-0.025056340798049855,-0.2745452544984796,0
-0.09344061186356467,0.3468048222384861,0
-0.09599151949423533,-0.0694365063594741,0
-0.21246327834348147,0.005439464001703982,0
-0.14787976572091646,-0.02013821004456866,0
-0.05898672410472686,-0.014327581309068927,0
-0.15887302645828802,0.4303563781618344,0
-0.08060552631908158,-0.0015062426565826794,0
-0.12146349061438702,-0.3845510773848582,0
-0.1738052510022392,0.05725606487209389,0
-0.29324360533378413,0.19356884407869757,0
-0.0033261566794138275,-0.5050495789848547,0
-0.09200088556631983,0.36001245258816933,0
0.0015466309993110525,0.013943534737930852,0
-0.28402550134317955,-0.009453761655971974,0
-0.05667075837210841,0.016398016193218273,0
-0.14570792916343242,-0.36613361372808295,0
-0.23400579117740292,0.06694823219942356,0
-0.08247846406079325,-0.4327653743804024,0
-0.34448956866224784,0.3842267841746539,0
0.018996347999794747,-0.1881645309326043,0
-0.2147234990639485,-0.06995411371277872,0
-0.39139673459093843,0.2240041987532032,0
-0.033272209729584494,0.24024989108160036,0
0.013256228719211447,-0.17817887090946263,0
-0.03727778619956896,-0.10974174980948,0
-0.11249663404473469,-0.0911859511272702,0
-0.08532463655242709,0.409850953081162,0
-0.22512674016498566,-0.077689518409262,0
0.05282955257521706,-0.45540719723753514,0
-0.015301045725788092,0.4495246244454901,0
-0.10300180082525542,0.026260507037159785,0
-0.39715092349568565,0.01537580470607365,0
0.04516487659199443,-0.34711830937637006,0
-0.023619158533186736,0.19178812764552816,0
-0.4461695141148173,0.022262471668475788,0
-0.0036882553975007885,-0.1753893984574949,0
-0.04144762195355248,0.39438306887394187,0
-0.28730735125907275,-0.26440511182424836,0
-0.02084654893049012,-0.2741661010743433,0
0.008059042173065783,-0.1793100507541822,0
0.004811584840861778,-0.11912023111070323,0
-0.13779686566483604,-0.20074893910941383,0
-0.2848756416794474,-0.24338554508441265,0
0.08779656800046019,-0.3506593465129976,0
0.008631285023550308,0.06923792890807602,0
-0.06939337849397985,0.04385131141522475,0
0.03280671365404787,-0.1116368595420376,0
-0.3462860761207202,0.2638366490357699,0
-0.10099427205142919,-0.30090151192478626,0
-0.11664216606483688,-0.23158765645339133,0
-0.2860014192486202,-0.10702117811890012,0
-0.0009023974212868983,0.17615671177476375,0
-0.11005864153147533,0.1365091426691186,0
-0.10686954928870784,0.05232126951824535,0
-0.2713024816607658,-0.1273709810404598,0
-0.060544406503992676,-0.2309107214300988,0
-0.3621606257043431,-0.14466242200493237,0
-0.11047363300292089,-0.3776623635330876,0
0.026665665668227336,-0.4138437190044959,0
-0.07101234261683759,-0.1720771112114878,0
-0.16277015348772608,0.10984814248483261,0
-0.026666687433699515,-0.07915053305964743,0
-0.08663654942254238,0.06968908180557959,0
-0.17933288501143554,-0.10352642459852249,0
-0.256697783587242,-0.2663419303527097,0
-0.4296410036732032,0.11865573117933488,0
-0.05597788942512116,-0.005031605865346568,0
-0.09905871268501777,0.4061886813481758,0
-0.004572670495103434,-0.194895328990079,0
-0.29171496974521516,0.01128213034447275,0
-0.36806697309791203,0.031295908048149926,0
-0.3500970227551117,-0.03056844107246697,0
-0.1317194812507589,0.24252091283393,0
-0.21147788603834486,-0.07131796310727193,0
-0.11145356884437498,-0.20301474391791677,0
-0.21493330931880508,0.1307342339943794,0
-0.029697471490954745,0.32818861291457574,0
-0.027718950117684826,0.0942968839135313,0
-0.3331009565600041,0.25698342039780053,0
-0.1299857336755428,0.11467089316687515,0
-0.17617552587529559,-0.1025424841350941,0
-0.09536796749851421,0.3459983104108239,0
-0.18712148553048097,-0.2055763553697029,0
-0.16126155366164252,0.24085426995536863,0
-0.012474954519686422,-0.3446687668348302,0
-0.20776169254489618,-0.1903173970637455,0
-0.23064953001897212,0.20781084060825342,0
-0.1776700998676486,-0.04234067884626807,0
-0.24400277402760626,0.3491598797955202,0
-0.31608870035996833,0.35827419970567315,0
-0.05062913178693498,-0.4112356082549628,0
-0.02634774115847094,-0.2506449915158907,0
-0.23543000348984558,0.3077473285525639,0
-0.052643078965830724,0.19299580074057637,0
-0.05291642716316919,0.269490899372816,0
-0.34198475507797355,0.09473281839943615,0
-0.16717822548915423,0.1833160364476023,0
-0.3373610381059477,0.14686252153567825,0
0.004163458110221947,-0.015197572856578327,0
-0.1665855405224963,0.2729340503810392,0
-0.24237234952934955,-0.32846096668663116,0
-0.15423110340979868,-0.192538932540774,0
0.0784385587397589,-0.21625746800666978,0
-0.28858590570791154,0.28443946504817147,0
-0.3122888341078373,-0.1682647024909292,0
0.045898881308487814,-0.2861287160101417,0
-0.2095428413885783,0.28639285016979765,0
0.04600123965478399,-0.20377498320801243,0
-0.010532925338231231,0.1265716207868907,0
-0.09535152544402743,-0.24867214729436501,0
0.01932150854858189,0.026389970200562187,0
-0.07031425705271335,-0.25425385480566737,0
-0.22403477109393904,0.31444635140056126,0
-0.056071752386128236,0.10447707366195202,0
-0.10756272868191508,0.2008780088269836,0
-0.39943700381915026,0.22065256720196322,0
-0.19472000293342898,0.16785273573405485,0
-0.3564704205598644,0.10401441058345809,0
-0.29541938785941824,0.3346673657963496,0
-0.1108991835621087,-0.16815430909323678,0
-0.16699911925318764,-0.039796137372898104,0
0.02607080484557908,-0.2748529660395575,0
-0.06492983629573378,-0.1670752373669029,0
-0.34105567143763243,0.30625869733076105,0
-0.1357894337719263,0.3882275378097739,0
-0.040098917017357294,0.06817948649875892,0
-0.008659499563392866,0.02681689958503799,0
0.008745242683315979,0.2240016647762569,0
-0.21251258453155003,-0.2392809290938288,0
-0.15143681612114526,-0.0633688373185622,0
-0.07535644267237081,-0.21057825778389577,0
-0.17135381012042938,0.3486164806455282,0
-0.13084582102604095,-0.2650270715738286,0
-0.24286106686894005,0.2516408848181578,0
-0.14762051464182988,0.039340255907320744,0
-0.046773819436688464,0.05736460604423572,0
0.06395810562405789,-0.271147920364644,0
-0.3070536722561568,0.1897240493097461,0
-0.35248915545506904,0.22555928632265135,0
-0.17410577834192112,0.13879945407215077,0
-0.23203289604821603,0.11914794426214928,0
-0.35669076172981257,0.280025575233688,0
-0.044735073905516946,0.28262169601237797,0
-0.2402824492061803,0.23370767757919553,0
-0.3640707136214948,0.034084975722334286,0
-0.03368398203203477,0.1426976310812024,0
-0.039558626330379806,0.09931442202929151,0
-0.0743380456263384,-0.18457123311883092,0
-0.3296483838118101,0.2216201164375495,0
0.017331184977261976,-0.35863124895363974,0
-0.2542394284637441,-0.2121941037176382,0
-0.291731894690229,0.2826461318886703,0
-0.17451308338361712,0.161053455138529,0
-0.38551649957611633,0.27424489536892854,0
-0.1979348100981249,0.19609336284085144,0
-0.20107321403700112,0.12321675768065114,0
-0.07556459829902096,0.3293104102372624,0
-0.10288992673418673,0.46074117668224773,0
-0.17873597842279573,0.05054134523415326,0
-0.3262890694131328,-0.1725839582872642,0
-0.20662131482971405,0.17874586580366716,0
-0.15486895237514153,-0.315403508002882,0
-0.4360550749856472,0.11335558216345948,0
0.07082161667859797,-0.3512060961568118,0
-0.277002199372285,0.22755444025630983,0
-0.011522864887775645,-0.03282676020311544,0
-0.24433907019988993,-0.22184744501061782,0
-0.24960137933305343,0.40095624847550154,0
-0.09073839526054286,-0.3764416530720174,0
-0.3072869435215168,0.11594067182527946,0
-0.16539069704304105,0.007134168384761779,0
-0.3052226106135563,-0.10775561494710485,0
0.013722892374299635,-0.1155405151588362,0
-0.25120784890223047,0.44436193005138264,0
-0.2172239950923809,-0.31167418717903,0
-0.3044144798532659,-0.09956785749776839,0
0.060556947566826835,-0.5713015346725486,0
-0.1809371608014802,0.03479348473191725,0
-0.09281329858792679,-0.08757023675939572,0
-0.17296206046300244,0.06019799090651352,0
-0.10844670846164846,-0.3345037163428201,0
-0.21754876277666618,-0.2887477189930884,0
-0.19854190009528158,-0.3512947168692381,0
-0.31963963137398577,-0.0026646053527376447,0
-0.2508500360084841,-0.257111337324552,0
-0.2071845234751108,0.11870238181839317,0
-0.1755844341021479,0.035283528242728034,0
0.028980418943128278,-0.2200951200430183,0
-0.04808856649054393,0.37992721904081306,0
-0.3194179369934331,-0.1687744286818126,0
-0.038155575037810814,0.4546280913761202,0
-0.31386698813385105,-0.06466841897735393,0
-0.1799036219859074,0.019010678501792402,0
-0.14637748463226888,0.03162899337794179,0
0.03626255768037144,0.009793448690840083,0
-0.3723339444841653,0.009923366733062386,0
-0.34500840669522953,0.0826031776632372,0
-0.00011727270846557352,0.04448516795166573,0
-0.2354114534784676,-0.0493926987268396,0
-0.1858210900408245,-0.22211257544230084,0
-0.21868510011466152,-0.040739136767055074,0
-0.04888938944209329,-0.11412206067637715,0
-0.25937562540425513,-0.2909439866922998,0
0.06374997289481803,-0.48178967759826985,0
-0.23577467749153394,0.34480152140472453,0
-0.30590717995113725,-0.17289179373450667,0
-0.06419959250425893,0.2396223949887335,0
-0.19658935274342026,0.2687170038171668,0
0.022787032072217123,-0.24668168114387298,0
-0.022988678254354918,0.3908075074834439,0
-0.25081382675305347,-0.3037871452783971,0
-0.10563891856988963,-0.23033683504049626,0
-0.002161423747588235,-0.5096323805255081,0
-0.2166344700815307,-0.1408275784470566,0
-0.060527389944020626,-0.3189745695140366,0
-0.3556321978993206,0.33845494218599864,0
-0.08260894117302696,-0.3434423218771795,0
-0.3349955235150152,0.2974678218322323,0
-0.10226770895590696,0.16723841085568342,0
-0.16546183507365606,0.3246032839566348,0
-0.058771755733817245,0.08787621852026381,0
-0.3372746282572375,-0.21412778825928877,0
-0.27161007179678864,0.20118453595712515,0
-0.019534230530448175,-0.2736084154163704,0
-0.07964462979783643,-0.08999372095956723,0
-0.21186102254320807,-0.09943318016617564,0
-0.09713253642197008,-0.3851502060036096,0
-0.2174831922602579,0.06441527020913554,0
-0.24844560911308658,0.14516030231880403,0
0.04063713668637153,-0.506466773832484,0
-0.2971851183307684,-0.04209820390490677,0
-0.3114954960407098,-0.09606244731571331,0
-0.12706655051229945,0.17536767224374253,0
-0.1379420446313907,0.2461203022317267,0
-0.23418468081432176,0.2901467769800277,0
-0.324092614235781,0.2428960982298381,0
-0.021564043329790752,0.26702827457811473,0
-0.2765770142777055,-0.20979895311569408,0
-0.13755848768556506,0.3980856581260437,0
-0.1348262560468331,-0.10260318867213025,0
-0.03925750207156357,-0.39545635249575367,0
-0.20965232507110576,-0.22393156511070078,0
-0.2567295135129921,0.08841541381657132,0
-0.20420725724702907,0.3960613327522138,0
0.049854915562637304,-0.2833056804041103,0
-0.13447723118427493,0.5006315279040677,0
-0.06127939789976732,-0.14848178191445713,0
-0.07815984286222002,-0.141048647055704,0
-0.10605895226141493,0.26202631136763915,0
-0.2588827923077315,-0.2028722987082781,0
-0.16811295929466305,0.2781713090672559,0
-0.4273847834198611,0.24099680140741714,0
-0.2718703653342993,-0.2591964198161924,0
-0.18079784131397705,-0.4525768958730604,0
-0.020320230821068565,0.20306431781164555,0
-0.1909852951906057,-0.37107808651092,0
-0.09819588402228184,-0.3645904985898692,0
-0.30494205383947887,-0.2177562491659508,0
-0.35038842911451984,0.311041350714123,0
0.0037503744498972123,0.17346561531037183,0
-0.24583044784170974,-0.1394121599553157,0
0.061268786514661756,-0.5795838987876037,0
-0.2253688254835717,-0.2680106708174723,0
-0.08866083825269107,0.07013428897380951,0
-0.4143933579071719,0.22568758637775235,0
-0.008300443775783302,-0.4184726224487902,0
-0.034887258745723876,0.20137070563630616,0
-0.21054798927682927,0.1394893627065458,0
0.09339057065504233,-0.4170278709315124,0
0.016138554113097062,-0.04877539238948633,0
-0.0435131486592008,0.20101821803189213,0
-0.27161020733089736,0.4868097127001983,0
-0.12155438266257518,0.06570238898728073,0
0.09159864574864329,-0.4640247057304843,0
-0.10614761235953114,0.06277269366208214,0
-0.17569200058504292,-0.16577339302054306,0
-0.3928012614103341,0.2164158408837517,0
-0.030296633618132368,-0.23405169328601735,0
-0.003095847789705987,-0.23561617597081427,0
-0.1863273138929546,-0.09049087720082669,0
-0.2567178128360602,-0.22523636637544134,0
-0.16898665336144622,-0.06630457284221238,0
-0.26872517033229915,0.10181277870994264,0
-0.19354875941552996,-0.20377857658153037,0
-0.1446506243131842,-0.2857177543673856,0
-0.19298404036595954,-0.28978249168008735,0
-0.15757531438494823,0.25425607188350346,0
-0.011578509283261899,-0.13898272885087432,0
-0.3258627911300731,0.48837675214316467,0
-0.006496553572432211,-0.057949754403542726,0
-0.1667208737249122,-0.05968801093426787,0
-0.14353523589797723,0.12184000591463628,0
-0.012127915230501633,-0.500906023408959,0
-0.21268482688591134,-0.33013149979763656,0
-0.2749651385093096,0.42346000936791,0
-0.11830110537962751,0.251948738624065,0
-0.2789591867444002,0.25336183822332253,0
-0.13892857168362066,-0.3458005930846639,0
-0.14803493222059863,-0.011884104822216184,0
0.052101049476485785,-0.19180592051857573,0
-0.23170977057440786,-0.26545218238828355,0
-0.24063757734317193,-0.22208572227153822,0
-0.2508377197039939,0.36291917602581625,0
-0.28324719894716266,0.314821770501421,0
-0.329548793293157,0.09427854558097783,0
-0.4245588806568898,0.14016502432715133,0
-0.21830755323941245,-0.20762117780653708,0
-0.3217180892008134,0.2969532408402201,0
-0.06000332915426055,0.11764858975004915,0
-0.1620517021754996,0.2244526908703631,0
-0.2149860381541635,0.27149115907082594,0
-0.1624315116381443,0.2882338438975736,0
-0.38679884749289684,0.2672971885889323,0
0.011060004081996968,-0.044626395863122906,0
-0.2958912930041916,0.08659715113844664,0
-0.04903747000775646,0.05638037940074403,0
-0.2603155340542391,0.013546114693137832,0
-0.004027506781121559,-0.1938700892044116,0
0.07831143639883709,-0.30587206263436917,0
-0.07788667415653379,-0.019690209979919115,0
-0.10335560889449634,-0.11561653381977151,0
-0.04860838484571265,-0.20105674660230582,0
-0.11161628611304479,-0.15540400643859392,0
-0.21107159263135747,0.32430553578669363,0
0.053225892360758364,-0.4601968088437649,0
-0.3158671207624558,0.3016584441264436,0
-0.3890485097014556,0.08222794067824679,0
-0.12561143080889567,-0.12780400604967088,0
-0.17034180239515817,0.0817991163799539,0
-0.4139180070437532,0.21782926547543963,0
-0.25990343629427465,-0.37219697857601347,0
-0.21541500416764475,0.3917072083657164,0
-0.40877627707452807,0.22345897211060392,0
0.092652774065257,-0.49765132677428964,0
-0.19771741886575397,-0.1977294686939587,0
-0.22969885837019807,0.3632573348686041,0
-0.15005467852306822,-0.21173630644929337,0
0.0268713123098887,-0.428732975663507,0
-0.28380302355405823,0.3580487091830006,0
-0.030663942660546034,0.07783862603618003,0
-0.24418624010203865,0.023541017523863932,0
-0.048675088227378586,0.32545258033637897,0
0.014749524783707103,0.2630946818484518,0
-0.008976872970243882,0.2860372815438774,0
-0.03631903005937249,0.2742742191714256,0
-0.1532529503600889,0.08394191125281934,0
-0.08303694254692705,0.036429826065752395,0
-0.3544212049293859,0.23137624570594953,0
-0.08691053102246034,0.17796419928730853,0
-0.05005793983794809,0.2756923670104931,0
0.07880796499970545,-0.25462725352961807,0
-0.01775692500087211,0.259872045589593,0
0.011666170085716385,-0.3514691072861141,0
-0.10478244652112322,-0.03105123609905305,0
0.07388687087340691,-0.2547381376849282,0
-0.28437133501600137,-0.10659019316469193,0
-0.22308625503071136,0.20259458804752248,0
-0.034893227084594663,-0.08025391118998079,0
-0.3679121058397685,0.19660818298778013,0
-0.3530004062894315,0.3392064423650721,0
-0.09419265499219744,0.21486798062980023,0
-0.1137760107130933,0.19799465031897734,0
-0.09761149749545563,0.31287966567594,0
-0.2960979398220897,0.44301480183846353,0
-0.16547958398187562,-0.3922678683855276,0
-0.16277351954779443,-0.0042632735539409865,0
0.0025436759673354457,0.08168734417450794,0
-0.0979083375539589,-0.3706309044627115,0
-0.1484249710271595,0.23863794029596014,0
-0.25886001150164717,0.08722257252500532,0
-0.0345164989684605,-0.2914481680245145,0
-0.15431573525602288,-0.10426455286283451,0
-0.026418907807054484,0.08932522697046208,0
-0.3004871680743446,0.21590717430606518,0
-0.03576609046938221,0.42638481037727144,0
-0.19944083673522078,0.3639737351333991,0
-0.05597710973614249,0.2961956184863343,0
-0.24394503632720616,-0.2365972158708545,0
-0.17337042798328953,-0.11047529837615912,0
-0.34467986024903385,0.06002890595735045,0
-0.09146425975234261,-0.23655995112802022,0
-0.2630612805279868,0.29626605279745544,0
-0.15873768791398543,0.2514475846405463,0
-0.34464304279470204,0.08817905195954956,0
-0.13022418018816861,-0.3641964307428249,0
0.01662132524181459,-0.08616010525394395,0
-0.1384310646244389,-0.30542494954620514,0
0.001746038786166691,0.2162664331827245,0
-0.1673141532045121,-0.29982820540886473,0
-0.023649355513653856,0.38409159981342345,0
-0.08966972763132434,0.23553561363244566,0
-0.2750336853945993,-0.013936960706056484,0
-0.1431428245775975,0.4141058443616831,0
-0.12564712488207316,-0.30950369201968514,0
-0.1682705191081776,-0.31917063717590366,0
-0.04708638461167455,-0.03493464634670066,0
-0.18553995776230872,0.1711902425206624,0
-0.09775734878609563,0.3570376893293678,0
-0.35866702840810455,-0.09778113516660082,0
-0.3156043967402349,-0.02769197601571968,0
-0.014611043579336881,-0.21727734919771616,0
-0.2925289944200026,-0.08224598911090221,0
-0.15098360396709692,0.32761863384663353,0
-0.19997527387082806,0.33193005081854393,0
-0.016598083706136687,-0.2404137211457932,0
-0.19195610763810791,0.3018134702257864,0
-0.1426325546881461,-0.38671548960290786,0
-0.2944089292394736,0.3510751465595743,0
-0.04084001832966696,-0.18733008369903137,0
0.07327936227509996,-0.4359813546367351,0
-0.1424222575283222,0.05253978858834671,0
-0.36428727589977067,0.3960783649154073,0
-0.24864621008822213,-0.3236227798875411,0
-0.10887837593119097,0.27371815623897844,0
-0.31409158948773835,-0.020533024147866136,0
0.013129439124454072,-0.4706105588448305,0
-0.1716981050051558,-0.2026198396775969,0
-0.2731795687815586,0.4149661090648442,0
0.06466049814421655,-0.2712362268113926,0
-0.1796959962379272,0.2897043994230191,0
-0.2628064206932655,-0.2040218505154292,0
0.05744612993801904,-0.09930577737272522,0
-0.36439606516652867,0.1787700130258669,0
-0.31447947284617983,0.0763325507261256,0
-0.07402834088818905,0.33739284096316785,0
0.06904944037905432,-0.47176029294048766,0
-0.2962952702821027,0.22838148076312367,0
-0.1494746760805648,0.16876545138939264,0
-0.11750956153489542,0.004343562599038274,0
-0.2763423323171873,-0.13980752991036607,0
-0.14450538996865298,0.0011447849621852488,0
-0.17287656193076384,0.001859786688341477,0
0.014248538046037039,-0.061852514831940236,0
-0.24056006890657805,-0.31188089533247143,0
-0.3468361916504385,0.0972336248464152,0
-0.2519484580459669,-0.27758251544865503,0
-0.19840677365588094,-0.24667834356425636,0
0.10035045796117552,-0.41611445901723576,0
-0.13844946036225148,-0.3585288039442766,0
0.01009324386184868,-0.25010486142585514,0
-0.27196513304739284,0.22025958302862644,0
-0.2545414684903527,-0.22959306903407783,0
-0.006274051957010585,-0.19770668637845298,0
-0.07929438663841211,0.18680436343759155,0
-0.2043591457658358,-0.14411939553657152,0
-0.4105569837377239,0.22312937528318433,0
-0.25155664912849746,-0.01917900387948377,0
-0.2244732403851127,-0.24985903609724777,0
-0.29299622753896826,0.2690396055471013,0
-0.2071416233996956,0.14135192789120155,0
-0.04502403153550836,-0.2505045574835124,0
-0.012643863846829362,0.042134728318808,0
0.034303698550171596,-0.41831328275143276,0
-0.05967305115043778,0.47522170935305574,0
-0.0004760199064560108,-0.1787197444184979,0
-0.2773479272607788,-0.26698528277829586,0
-0.05089976801279487,-0.3616345316111318,0
-0.2170375131011698,0.29565087260663375,0
-0.0519061492381143,-0.46668475783737423,0
6.0627364473069585e-05,0.09955719263624623,0
-0.18693181174855958,0.1315553111353895,0
-0.008696098704174713,0.1279170276893082,0
-0.3786221465297702,-0.1134265151135409,0
-0.3521204575638302,-0.1315560902300667,0
-0.22197441190173417,0.025002993305195464,0
-0.33158324137762923,0.38842775188893924,0
0.050894059906140904,-0.4613228879547219,0
-0.17608544610597232,0.24352104480169595,0
-0.2232685817414256,0.3599812908017325,0
-0.2935088079854896,-0.07652154892165383,0
-0.28125943580644003,0.0732088096755171,0
-0.14218880213455815,-0.09245390303423572,0
-0.03839661020462921,-0.3272483219276917,0
-0.3442653975651856,0.3535296290722616,0
-0.20324136363157577,0.18338459714249677,0
-0.09976259232728231,-0.0038603769651102708,0
-0.026671178053911657,-0.24217021726810894,0
-0.15693531722518342,-0.08463366795256458,0
-0.3009120695187724,0.10212585156933791,0
-0.2904592434943203,-0.09052178490315399,0
-0.1758014061810627,-0.44947747968587776,0
-0.17193254504152203,0.0137814276313799,0
-0.10284841522309703,-0.3275274233165943,0
-0.16418920513032426,-0.22823165209442034,0
-0.04614519619772375,0.17396216069070558,0
-0.20155892239450637,0.22822204406892196,0
-0.17832029036831676,-0.22325636787237033,0
-0.39502482156940144,0.24504142884297261,0
-0.21571299940902697,0.14459804926211745,0
-0.3631320197615147,0.2348842461102392,0
-0.06768882253260315,-0.08430639199119792,0
-0.08749780278044302,0.18234957208643698,0
-0.07204160053694082,-0.13169712538823802,0
-0.13336396641585233,-0.37978698820443196,0
0.08102076876069313,-0.2810259382699859,0
-0.060788710087092565,-0.3935479868076412,0
-0.09086199444533684,0.4322563143986884,0
-0.18130815391183047,0.03809153116621234,0
-0.11640847017501689,0.24476191670624936,0
-0.056825977546923666,-0.36310036873444984,0
-0.09088780409961358,-0.1726389895371603,0
-0.424354870813052,0.15867293529190216,0
-0.12653869561866468,-0.04543344398499764,0
-0.22274020861075128,-0.09057050932806629,0
-0.1654461306830488,0.010515168681891066,0
-0.17038742340840807,0.03333253480410349,0
-0.3121273699803273,0.4044184039949133,0
-0.25359768798502863,0.03858967512421379,0
-0.01916336176165489,0.1356930174776093,0
0.04315599656229147,-0.26896558551527266,0
-0.17638596165100812,-0.3181171916053776,0
-0.0822743733771288,-0.20547600029366286,0
-0.28188860771967417,0.4291824170529776,0
-0.1657020447819563,-0.2901006533271207,0
-0.10744078521418063,0.09044930958704382,0
-0.033162906272837085,0.07727167042396918,0
0.0681538383419209,-0.3927688662847573,0
-0.19422078476713794,-0.3188973485968848,0
-0.07840854576680029,0.40348116914983473,0
-0.04015077992492877,0.12483741131311214,0
-0.2171018105304615,-0.20663384714528296,0
-0.10958745947942572,-0.03342834874119358,0
-0.37911884870801393,0.2082930621880077,0
0.018006845277569995,-0.013254620514559591,0
0.07612514940434463,-0.3112093645180599,0
-0.39361384389935977,0.2361161778684298,0
0.020604024994255964,-0.20464783190504357,0
-0.26272315617906067,-0.19516969391320643,0
-0.09004910142327682,-0.3330672743495004,0
-0.2533177403878039,0.17345676973821775,0
-0.05496589384577695,0.24863587466394818,0
-0.2232802991834412,-0.04035081339014189,0
-0.10766236852722265,-0.02582486159406651,0
0.039738206404505504,0.08008968712723524,0
-0.28506109862119566,-0.24099893512187812,0
-0.25272094262614164,-0.2526637772266291,0
0.0014943130065591147,0.2205419035599825,0
-0.0075430774621278625,-0.25222741341888316,0
-0.3324903884085544,0.22982259178098968,0
-0.28632363476967004,0.07863410849278102,0
-0.08270083310665594,0.43550286200137467,0
-0.04895756751328426,0.13363614608810825,0
-0.13030988699017323,-0.4126916791295202,0
-0.319588664198904,0.051114520879175535,0
0.02613155718706466,-0.17181869714111528,0
-0.35424196779319933,0.34876320181173653,0
0.028628485267808756,-0.10193728488811182,0
-0.047622384729927046,0.10847419652573714,0
-0.2878842369586125,-0.20032237299729835,0
-0.1315471323381254,-0.37538035123314306,0
-0.060071401037728324,-0.01566452606354783,0
-0.13384279913049113,0.35133202459937785,0
-0.3473063841270014,0.026134132346720722,0
-0.350721051531832,0.3369362767650449,0
-0.34472962546076197,0.04347406687143779,0
-0.24997137821184973,0.396339625778671,0
0.0007743880043233072,-0.11150844974114642,0
-0.2920399775562486,0.1635595340897698,0
-0.23507320049482813,0.25802109259675376,0
-0.022941612607236955,0.45573288605930334,0
-0.05238825450059993,-0.33098074430908486,0
-0.13419712113700522,-0.2885100433684802,0
0.06539494967507287,-0.26520137819887274,0
-0.10966179879837168,0.3923516645361071,0
-0.22741821912042903,0.13669135426721823,0
0.0758411421152635,-0.43458454572150174,0
-0.20584776888380668,-0.06550824177923256,0
-0.11359684950953804,0.3209440628104217,0
-0.18262253491664993,0.3195527658921174,0
-0.27323474483996524,0.20911549780137254,0
0.013144141251543775,-0.43933890562167943,0
-0.2689784961955485,0.2906103950651528,0
0.009636869217581737,-0.34659659545659377,0
-0.19841667001257005,-0.14618957282413475,0
-0.10642064200579995,-0.37429253877206664,0
-0.15589263741744516,-0.2729324881448865,0
-0.05913057879017235,0.1416905233810461,0
-0.20052675714594714,-0.27782192717168586,0
-0.33137119322995323,0.2871106832457584,0
-0.23107132939487218,0.17502414463582455,0
-0.011866050022757386,0.25139877375548675,0
-0.04779485260603816,0.3253378608142285,0
-0.09988451400380081,0.363594281850841,0
-0.08581803063273595,0.27434041929304925,0
-0.09071340516000725,0.3348664591804836,0
-0.33453813472764043,0.10603879115174754,0
-0.26587069246649986,0.3798945784956205,0
-0.22598358211710726,0.39896761483492715,0
0.014708072384257673,-0.47615928647711875,0
-0.1125985666861239,0.37376014982055217,0
-0.1410794376730478,0.3812664694159019,0
-0.11463761720945129,0.4394803553554896,0
-0.15542777333742136,0.3268322038634111,0
-0.25110714403836065,-0.014750493709002393,0
0.084366727511219,-0.2835019309750945,0
-0.23921342099212356,-0.19203531656017575,0
-0.3785465553536448,-0.058282563652079906,0
-0.21465381156686303,0.36958524345099286,0
-0.2392685538060492,-0.23797111174360214,0
-0.2421892832101927,0.42359772787924677,0
-0.3156972367080598,-0.10722169525966592,0
-0.001050083320458027,0.07721397172643947,0
0.027873687686857603,-0.33174907959745176,0
-0.33813352276362374,0.16470369058462858,0
-0.30899113473860346,-0.11147744566079933,0
-0.3431397819220529,0.05090373846038753,0
-0.028740004249449874,-0.007474923428137213,0
-0.09887206545418183,-0.3850050189707228,0
-0.3362100790880589,-0.18226659530888306,0
-0.35019878030715273,0.07085560666834945,0
-0.32756867660616296,0.044657952718308046,0
-0.1335423398569959,-0.16110981747688846,0
-0.40571181628849173,0.13931536579025197,0
-0.17985789117469742,0.2931011586768533,0
-0.33658664663248583,0.03012433317138881,0
-0.08880691897457821,0.3921068212019173,0
-0.24210728163629627,0.2893544520051537,0
-0.0029475225098430256,0.06488182857120077,0
-0.24879012816307677,-0.25204527279651706,0
-0.3413184020755872,-0.2387239745939576,0
-0.2663131947666861,0.21227705211417527,0
-0.20499301131451467,0.07568457392859476,0
0.005614140714529624,0.3099173759283736,0
-0.04793095946285776,-0.2062675779653183,0
-0.33870436756360944,0.22076828742729535,0
-0.17012999445779248,-0.2540863041009121,0
-0.03577337909760528,-0.2889736380735267,0
0.05308901753199251,-0.1542447469722873,0
-0.40397368224942876,0.14180170764375133,0
-0.09426385213321638,-0.4137344320341579,0
-0.09898122543524356,-0.1544983971186286,0
0.03266775622741948,-0.11723218335342106,0
-0.06855555356626968,-0.30806018450310996,0
-0.11279013968621965,-0.3335437009907795,0
-0.21119242807071095,0.3844484434695221,0
-0.10424725705927175,-0.3340373142484917,0
-0.28446103654057764,-0.22109419731143684,0
-0.17392466316596022,0.258869333302921,0
-0.31494310494734246,0.16766077968558876,0
-0.10762649127199292,-0.21173926621009764,0
-0.3291538682422317,0.2505268582245427,0
-0.2624166479753554,0.0431845584472499,0
0.015563630060798467,-0.1556747346772552,0
-0.04729823243343552,-0.12293353315514352,0
-0.008221822761710585,-0.35723256026494876,0
-0.09986480937885085,0.3464908288048131,0
-0.3521839139910954,0.1742133096538257,0
0.0744375064729883,-0.46926641898864235,0
-0.1355534940209644,-0.05640755949872181,0
-0.34106897646111606,0.21732695069659444,0
-0.03410411925987518,0.17959998590378398,0
-0.23497342614611832,0.13775177041809158,0
-0.3362636523002714,-0.05224781943585568,0
-0.11126487619553385,0.18275258794507862,0
-0.22400351415393535,-0.09861107485064526,0
-0.2666924363887775,0.051875837299419705,0
-0.2399849433772842,-0.08743146850828129,0
-0.1272390973886184,0.3044151847159578,0
-0.31997229464401866,-0.10299065394085598,0
-0.02581828090359163,-0.36787271317612474,0
-0.07984833095179959,0.31758753913950166,0
-0.005841394393841069,0.15684465981181372,0
0.013857790412274187,-0.15170832579922203,0
-0.24031422189115068,-0.09422482354891444,0
-0.3201964218724453,-0.13996503939252222,0
-0.32003230973597746,-0.041547745395427896,0
-0.2566165963518661,-0.1470595243810343,0
0.012948391897635705,-0.0834301589634904,0
-0.13450074225639547,0.3810142277974282,0
0.05674308861941181,-0.20606979490744068,0
-0.0002573139291546868,0.05046408809442135,0
-0.33383014022599716,0.4042289648269438,0
-0.04164017847503812,0.07826182141616049,0
-0.06219246440772618,0.0533740171834109,0
-0.2790043174367674,0.36786109134216566,0
-0.021302954991058293,-0.5271704791869198,0
-0.12304690662937787,0.24279944553922633,0
-0.3153047380636102,0.14554474207135507,0
-0.18602812005573657,0.05115285294936532,0
-0.1994583244499064,-0.2892347912201246,0
-0.07179596319287061,-0.1949480666684636,0
-0.04150260779877257,-0.2264797980238274,0
-0.08604373215962541,0.22818833312751627,0
-0.23283916493860168,-0.2967425028977351,0
-0.2882409276176155,-0.2785462916678463,0
-0.08454317594496438,0.038608126363437564,0
-0.11134397577676317,-0.036739748140740915,0
-0.27634751488558496,0.42602624532781797,0
0.0576561373031268,-0.21019195603218924,0
0.08263453341971731,-0.42008806557477424,0
0.005255993028713033,0.02562911742988861,0
-0.23304983662435663,-0.029034582367526724,0
-0.3555955304631962,0.007676195509410191,0
-0.19189655985716234,0.37306146231171977,0
-0.23108187439725078,-0.101448542486178,0
-0.052921878405128,-0.17703903428452242,0
-0.1431287123308412,-0.3688101900839341,0
-0.147328136930472,-0.37446320509212144,0
-0.3977982204803923,0.010627281339426836,0
-0.03349806689506148,-0.41285615701854567,0
-0.1085600024596699,-0.021383304916422444,0
-0.1279364247471786,-0.11991558126317267,0
0.05945159593403397,-0.0810563869353546,0
0.06357730341376251,-0.5684395330921284,0
-0.26115229278104096,-0.19892585093398446,0
-0.10510754066355749,0.3368060746028472,0
-0.16481363485576922,0.3880598013887715,0
-0.33259815153691014,0.08389554752354678,0
-0.22160215023941882,-0.0033017826135800245,0
-0.08116800052421555,-0.13627935025067378,0
-0.3922088100670817,0.018067156934193918,0
-0.389082125599493,-0.002929110962933775,0
-0.1511154196624106,-0.3686961496521759,0
-0.09495123419381193,0.1485797671386703,0
-0.11164428326367459,0.01457801856498176,0
-0.2334308956223795,-0.04184078115829631,0
-0.2267894564226562,0.033719700414781194,0
-0.03692707517333287,-0.43387786613121415,0
0.09491847622600572,-0.418310720100025,0
-0.2089369164546648,-0.009405021689637196,0
-0.16104367118850363,0.04589114407113955,0
-0.07504543476174845,-0.06793634755496705,0
-0.08276221022670761,0.2729008657821806,0
-0.3306857576970212,0.07141370284005186,0
-0.27150064956229575,0.24144828160388324,0
-0.01175012687542422,0.3074144352257632,0
-0.3518489077442021,0.3570979547510091,0
0.021346366142368112,-0.06611611190554138,0
-0.18090744543121043,0.632487528991302,0
-0.34071306788276684,-0.11878069379410111,0
-0.20217127477898827,0.06372718748269324,0
-0.017839395033766234,0.1193660695148316,0
0.04674246012599274,-0.22310242372544556,0
-0.13162801945368818,-0.023781217631883705,0
-0.05134028410684418,-0.19789055600293917,0
-0.0930948808534748,-0.16970061676901219,0
-0.02221875048875686,0.43169129385275473,0
-0.1316474455719796,0.2538921882124586,0
-0.371316085803048,-0.05485359837294434,0
-0.10319079182395409,-0.43983017499031385,0
-0.263850385901872,0.30763131469740085,0
-0.016215521413918514,0.3519930910277326,0
0.04046076768972081,-0.3934790527943699,0
-0.046472781934458245,-0.4311426202903823,0
-0.25348023672323705,0.28859701748412847,0
-0.042342497910295,0.08891337036623626,0
-0.21309725140152638,-0.10188599478469278,0
0.0008170414603639082,0.26437041442254816,0
-0.23690697660354454,0.1537130924045841,0
-0.32226307387777686,0.0894695126778824,0
-0.22859424923470795,-0.1204730620843817,0
-0.25709988121988714,0.16950420254601353,0
-0.30295711188029273,0.08052631977292585,0
-0.07018030769028323,0.18522579349799223,0
-0.08053248287826835,-0.21128308899714499,0
-0.07977489735605486,0.3070419471935599,0
-0.34112699535214963,0.22875240099579974,0
-0.1002615953001214,0.2229095494235866,0
0.09869787623372314,-0.3566007431485834,0
-0.04442153869460057,-0.3920416841593358,0
-0.1659728237761709,-0.003800556098494661,0
-0.2960374352604659,0.30363634424751107,0
-0.29682432105609424,-0.2141912262954107,0
-0.3225210816413953,0.01397543056283439,0
0.059817567661826436,-0.29634134443693794,0
-0.011533978883549574,0.11913953157822083,0
0.0633426058124158,-0.5723245600700004,0
0.06133267144978457,-0.26284604632109354,0
-0.25978546581168266,0.24498539103533062,0
-0.10410471024853923,-0.18984987624354577,0
-0.12572719300446106,0.18894441677915128,0
-0.20088820805249083,0.13769931225991394,0
-0.03212837657514852,0.21804257042118652,0
-0.30436549275660013,-0.15033972421082223,0
-0.32506524862409886,0.20611363702034,0
-0.25060852960825397,-0.1164033792478522,0
-0.01704553773867547,-0.06646825130892765,0
-0.03062406707869901,-0.21399055328536562,0
0.0315712596627502,-0.4923313317958936,0
-0.03158341220619048,0.463781833175136,0
-0.03190563993795763,-0.48923823301358327,0
-0.10584262904453771,0.3487562400623445,0
-0.023354256830101453,-0.010519399937828008,0
-0.4174411243532602,0.14419010114426195,0
-0.21930002841530088,-0.11193403687225124,0
-0.012032859624180605,-0.19079043128958598,0
-0.23137252561820335,-0.3095384084218225,0
-0.0029237926015446597,0.09075985560032271,0
-0.20438051256628081,-0.37845531775780394,0
-0.009639206935578265,0.16080189512633775,0
-0.2437190227818364,0.2556331855717375,0
-0.1146067109760735,0.10771731313788283,0
-0.12820292570053127,-0.02690461708962606,0
-0.17672061334473313,-0.1392226882390897,0
-0.1384391996628879,-0.2873555481450591,0
-0.1111647200556615,0.24091744988491962,0
-0.17748388380622657,0.1746607465446574,0
-0.12750555377750145,-0.38405800891664726,0
-0.37098731235438376,0.05782030420842183,0
-0.22506333703664597,0.22181324106174197,0
0.02300247059275711,-0.46590979507991026,0
0.0020352871115656107,0.0427063137447038,0
0.09466236264355408,-0.4657782019455865,0
-0.1839187017564341,-0.36520616202023837,0
-0.24597063481748144,-0.3492520313622244,0
-0.11596339550635569,-0.06430092404070066,0
0.06859891255521343,-0.249697811727149,0
0.020677684895195877,-0.42026090751646256,0
-0.032816778463207796,0.2048162930875286,0
-0.1573544896233987,0.42082317054253754,0
-0.28136694866461576,0.1495715217911567,0
-0.1642434012804338,-0.11261179083450004,0
-0.2804737280066702,-0.03876531497881136,0
-0.14149827431302353,0.3725696790671166,0
-0.11830379340272432,-0.053508557204487425,0
-0.322023225087844,0.28280250787568656,0
-0.09846973683587906,-0.002652475648681885,0
-0.2671831629611498,-0.0588099013656238,0
-0.1960340778043611,-0.10864442239109694,0
-0.24845546373029534,0.08247308680889702,0
-0.1662324134874732,0.07730428775127154,0
-0.10170010441989784,-0.1414420065928072,0
-0.29519389345262,-0.21124748652549513,0
-0.20065874299901953,-0.2626291156519806,0
-0.3037984690436184,0.14178523448250033,0
-0.2548664191480645,0.06931890871715747,0
-0.3149103768865797,0.15036487125488376,0
-0.3062799540263429,-0.020381198544377973,0
-0.3322178235084342,0.3295288737089969,0
-0.10038408114070003,0.06782284422292904,0
-0.2702783424213566,0.26423295583955236,0
-0.35775538753003083,-0.020158874318457684,0
-0.2227409264903658,-0.29728728656510944,0
-0.027786949273630058,-0.4664508539311098,0
-0.09659647990125443,0.04367337805371742,0
-0.07953252357261158,0.4082107854265737,0
-0.05253094269274803,0.2334614936710825,0
-0.14384939808493533,0.3550329522160449,0
-0.13365393867925712,-0.21784451669935762,0
0.02312713248294561,-0.4627014473029414,0
-0.37261522525807844,-0.04965357965727076,0
-0.3830849107916021,0.2816330186190395,0
-0.16480712166794587,0.44899908376971415,0
0.01768745092846708,-0.44306954867514137,0
-0.18549490685205794,0.15966032266353045,0
-0.015872228664983064,0.3445898570653222,0
-0.34254231718076905,0.2804425842729718,0
-0.45164221926996434,0.21263690167121718,0
-0.059648514097754304,-0.12109706873706165,0
-0.1399252145416081,-0.33765793303658315,0
-0.19561329247491152,0.1934905577374452,0
-0.30685006796390524,-0.15114570726003745,0
-0.29060373091295516,0.38692419725587984,0
-0.19435510978115492,0.46514296286458096,0
-0.3733793552742598,0.4008251205940625,0
0.06425991745216594,-0.37294622948751854,0
-0.13505137624638305,-0.05657129136864904,0
-0.2928835688610569,-0.25638825764868134,0
-0.05918474372626201,0.44164553331069095,0
-0.284534897803949,0.43727560317120767,0
-0.09153826196366807,-0.307610076784019,0
-0.1826810956730389,0.3534933895692443,0
-0.084076484941909,0.30142270466672005,0
-0.14222979697190224,-0.013623937029524672,0
-0.026753914406340482,-0.08904239050502084,0
-0.2789120843571068,0.23460302003702196,0
-0.366987461702415,0.04491143565852015,0
-0.3077714153889665,-0.1449001954543161,0
-0.27445154819519235,0.048547361904347185,0
-0.3285914138335648,0.10663803079246344,0
-0.18342689401613937,0.38440544146289934,0
-0.34924706756958607,0.04408628327692644,0
0.08734452250214875,-0.2502315540706498,0
-0.19712770816416877,-0.09689918020299022,0
0.0583595510061127,-0.3373420431632298,0
-0.19077092315692817,0.33152629092123215,0
-0.20884232728839938,0.46275985950136816,0
-0.13129787201434523,-0.037895427607394186,0
-0.057556517195322246,0.28139237886633583,0
-0.02449021575458628,-0.07271065237988415,0
-0.2352602900733209,-0.34811110027705605,0
-0.17194252952533326,0.13983426447262698,0
-0.3174272305632988,-0.03750888422921913,0
0.014180687388456497,-0.14572458603997382,0
-0.1781887001090304,0.308074984649145,0
-0.17329669784605306,-0.3424864424731823,0
0.014305928487195375,0.26306360644661053,0
-0.11442393859147931,-0.25892121060226875,0
-0.24817459327805327,-0.12943745820547198,0
-0.1958635240342627,0.31330450753205774,0
-0.22358665482295298,-0.1889111615228907,0
-0.26864884682898027,0.2594018371934623,0
0.03855656409275495,-0.082486552349056,0
0.11524578102423796,-0.4221506509301521,0
-0.058714050801955256,-0.40843470581770003,0
0.10654082346047947,-0.319952819790047,0
-0.0055453498445863095,0.012373365052098602,0
-0.32721358870103706,-0.049445951190509256,0
-0.2458300204424203,0.17511791678753166,0
-0.26903121382514045,-0.362848800118133,0
-0.17504250435094185,0.017373932408324293,0
-0.2989989770127855,-0.22473994343086565,0
-0.06698119093851389,0.12254750900784829,0
-0.14831146831697228,-0.19666400742926307,0
-0.1832094580625229,0.2357305226925783,0
4.468273764643982e-05,-0.19847012626186789,0
-0.06158060865797696,0.41062627357187004,0
-0.14421402938066522,0.3468558811009323,0
-0.16913488510252495,0.13049851213369254,0
-0.31793038700848353,0.010481022262132874,0
-0.16631710072797584,-0.1775644156216573,0
-0.1561585712675324,0.1276231427522582,0
-0.1322651932539207,0.45026254299844326,0
-0.360719077311424,0.15215684978355187,0
-0.09750011216799145,0.05568581748460582,0
-0.04028224563251592,-0.02529926187322405,0
-0.25554969765681945,-0.11936074985262789,0
-0.11033462563370153,0.2263039060254589,0
-0.22673718795866385,-0.07885108820012575,0
-0.20970526376945045,-0.10606479041258533,0
-0.296596667784216,-0.23081977141872417,0
-0.046724394332697115,-0.009366807110012646,0
-0.1535641330112805,-0.25139879429335177,0
-0.25965546447871035,0.2453295098457168,0
-0.12132404816786807,-0.17407883082671394,0
-0.07342225026212351,0.415034688615101,0
-0.1453142166413462,0.3522163818584084,0
-0.25985408657811426,-0.31896166140474946,0
-0.047038461905734866,0.02330639706850673,0
0.019048984523308325,-0.10073159943028115,0
-0.13468370957021125,-0.08630826956077307,0
-0.1589440731169008,-0.15613905393532618,0
-0.009160009667926922,0.22149388116455754,0
-0.12392139937836442,0.2783341405556677,0
-0.11415272180878294,0.41849416602207845,0
-0.2350042413282623,-0.3106881516419905,0
-0.32435459751828544,0.23799003868086402,0
-0.36039249748715246,-0.05333277480164665,0
-0.28712450431853687,0.044122964735830154,0
0.004840860621040426,0.29936876089610565,0
-0.04952252460316962,0.07618752508708368,0
-0.10516295693476323,0.3718020157077891,0
-0.41277510752080737,0.27819312087748665,0
-0.014355115927854862,0.32138813915337716,0
-0.026102130071709594,-0.27209294452993366,0
-0.36322043801924775,-0.054616929565788244,0
-0.25815167000131856,-0.36960505173180486,0
-0.2981926076419517,0.05912906746924196,0
-0.27902448097833793,0.2680887930750593,0
-0.1254696807866924,-0.08741794274219884,0
-0.21692546393159437,-0.38268278494582963,0
-0.33295620883174043,-0.019257431475072233,0
-0.25080790122029833,0.44665459683979747,0
-0.06655190934614237,0.17075140514901455,0
0.006617228392692555,-0.3638363234754989,0
-0.22820387786129095,-0.007135771915514421,0
-0.02914493130042887,-0.4005860185283226,0
-0.36812704883192393,-0.003011052603677686,0
-0.19585822752134327,0.45946289322272826,0
-0.03170705486111883,-0.32700644443586235,0
-0.267344877068963,-0.21562934225083524,0
-0.334165750533957,-0.1771103172327243,0
-0.1320540487243022,-0.43239417782054884,0
-0.2943432865425162,0.27006813269616997,0
-0.3497594112830782,-0.3540459070229415,0
-0.03421277753530459,0.23367860213866037,0
-0.02230878691290974,-0.42891611742158076,0
-0.17673183495880085,0.2694049032625224,0
-0.14679932411251012,-0.03332692044791573,0
-0.16557707888399073,-0.24425534714619565,0
-0.1431118343024035,0.37203138170995587,0
-0.40162820142100497,0.38561363720013325,0
0.07318788042008982,-0.2996200647788059,0
-0.03176483769808099,0.3977932176070023,0
-0.0452548949332466,-0.09077970899267496,0
-0.1766535817964736,-0.3895028581053588,0
-0.2978172699484275,-0.09439052508853712,0
-0.011205592726907148,0.02142861847339873,0
-0.2681786508791249,0.0728604686671789,0
-0.4115933400121265,-0.10869513415563006,0
-0.0410809247774316,-0.05195409222189495,0
-0.30331248467120653,-0.0005760159043848034,0
-0.4234588487823951,0.2999670330263714,0
-0.2595742857611429,-0.13298626834423335,0
-0.26917579634831473,-0.2056045017302259,0
-0.17769075133719392,-0.17455670515711674,0
-0.31501376686207794,0.37983079901506006,0
-0.02496424652645339,-0.16169356851479363,0
-0.21124084758974168,-0.19703098915800435,0
-0.40239823601075464,0.2728703759518353,0
-0.06492050737597818,-0.305762022234263,0
-0.1381204840348087,-0.022948053515593817,0
0.0014125989305200498,0.03224524747833465,0
-0.246360670676011,-0.18039620896962333,0
-0.29158602577171705,0.006639494405524865,0
-0.3030271859780294,-0.03716431967716541,0
0.009041352757132769,0.16172280244741544,0
-0.151548363746532,-0.37510737305310854,0
0.00043097638711375096,-0.4290378109139407,0
-0.15390575417433153,0.3266531802956307,0
-0.11436894502219447,-0.19438414713897662,0
-0.3619629612252014,0.43913914484129996,0
-0.025600142762292475,0.11475499695571048,0
0.0951973445340949,-0.4361996680652297,0
-0.27138549402715634,0.2846809169807269,0
-0.06325240666347187,0.10499648966512531,0
-0.2091969859812105,0.2418166018117933,0
-0.07318311710736682,-0.18497583257418634,0
-0.07656074757376195,0.0284197965015132,0
-0.18722072408567228,-0.0783284815597626,0
-0.03865819581672635,-0.39334285163514804,0
-0.2021633256940024,-0.013695351303110424,0
0.06591530592885947,-0.19996947541890736,0
-0.2630319327684563,0.36408413296692577,0
-0.17395665572356844,0.24371746496145816,0
0.038522820102323455,-0.39398490093171834,0
-0.31447696598377883,-0.31362383032323937,0
-0.34122720490132635,-0.12887721373664063,0
-0.3024126602360142,0.11207845650975753,0
-0.11793491214074367,0.2650394434906616,0
-0.03038037201504835,-0.3049244470141026,0
-0.07502264959457838,-0.2392034227655247,0
-0.1941392565160041,0.22761826051893178,0
-0.35489357431801166,-0.0691985058862504,0
0.01773775273671855,-0.09717062181057014,0
-0.12939811523193276,0.01652390935946965,0
-0.04756019461082143,-0.3645187577533783,0
-0.18400684015921687,0.3220184589363833,0
-0.3258338861217638,0.20975422481651154,0
-0.39444686111360605,0.3578012559083413,0
-0.08796836299981448,-0.1562415344318625,0
-0.25906664626296,-0.11788141636896363,0
-0.011887711057073907,-0.47230847036175994,0
-0.3394806982906357,-0.02760342571324911,0
-0.08659339233296746,0.31042152966076536,0
-0.09730164787494806,0.039721638792412035,0
-0.37835930112709326,0.3721983669929402,0
-0.08572771755025498,-0.14061867449676715,0
0.021672454003450626,-0.1396485675013379,0
-0.24410095120562458,-0.30372784659146096,0
-0.15727683534962042,0.1335800477188528,0
-0.3339809562462959,0.16782758865320124,0
-0.2809355540602812,0.38744038652530954,0
-0.25246400181526774,0.07649800182386726,0
0.004344448413348902,0.028175590613439598,0
-0.16497921450361802,-0.21265575827913727,0
-0.2827325131430854,-0.2132204604925737,0
-0.310619946696124,0.3149002431196992,0
-0.01156647942221036,0.18783790215797558,0
0.003478491419783479,-0.001549703019861083,0
-0.06774715088922077,0.1428249989961625,0
-0.1381022453254219,0.4404232567993841,0
-0.2029741790077221,-0.29496397650168643,0
0.0018478668790090223,-0.19718734454394854,0
-0.4116769610379994,-0.012171870465884981,0
-0.01076997168812233,0.15586194551011814,0
-0.34743852501590433,-0.29938591411536186,0
-0.3338005422550681,0.4203835555710181,0
-0.07227015883507915,0.045801928306105334,0
-0.3344497692102777,-0.2547344414855234,0
-0.09115107031404171,-0.4060731051722697,0
-0.2571010432777871,0.21776719202793665,0
0.0002494177810327918,-0.11389386903995022,0
-0.06287533228618938,0.2688550478940081,0
-0.04962124118583619,0.34012623574843553,0
-0.014195995307254858,0.12739801330699888,0
-0.190919102455869,-0.3321882046470536,0
-0.294707197596528,-0.15830881114003445,0
-0.3982004914400455,0.017851605711895997,0
-0.02766776964029215,0.19390458546667547,0
-0.0678837560124208,0.32517301237789153,0
-0.1814895410072826,0.20050911274209882,0
-0.1372783912360244,0.30819062328000313,0
-0.1445956933912422,0.27710755236906687,0
-0.23465145968592072,-0.15495236690597375,0
-0.1330673008859969,0.3258229746306437,0
-0.09441991917402086,0.41595697644683494,0
-0.3374421626492673,-0.04122227408621843,0
-0.18204949061660633,0.18540340866711272,0
-0.30068444781622655,0.04410461788480892,0
-0.405913403308162,0.31832779753616736,0
-0.3072101806059943,0.2532876996720349,0
-0.1737859103614651,0.05329566890960618,0
-0.18923859971870186,-0.16072399092943707,0
0.03325124478046198,0.07819573457629052,0
-0.01059322341916535,-0.036503946756553385,0
-0.07074415941569094,-0.010992923580585715,0
-0.08243131080305852,0.20048929500533094,0
-0.24294373196643168,0.18770618031623143,0
-0.370817622334889,0.06073415968740834,0
-0.05292674205460658,0.4266076421234276,0
-0.20045854393549237,-0.15054816603455948,0
-0.35285987661931434,-0.09261077754001079,0
-0.10878836878177864,0.17781675919960974,0
-0.17665015596704634,0.11232172225153901,0
-0.22097233666827013,0.14533840522047584,0
-0.3226786081170268,-0.12760906455524335,0
-0.07066089382007854,-0.21651436459406712,0
-0.22685845470061286,0.34092957684784436,0
-0.14292873553846794,0.0793499147617277,0
-0.2811222629976693,0.4595558982804964,0
-0.29591264179670446,0.04387934973348939,0
-0.4196441629331107,0.2232009200941158,0
-0.40044874610221143,0.14079934514301817,0
0.004647394343584008,0.03890680576653578,0
-0.22461213249370593,0.15137270946637585,0
-0.12742224956641074,0.09630709068100247,0
0.04295255051041441,-0.2208325655519776,0
-0.18709819717901555,-0.2549028343112925,0
-0.24697565120933226,0.4764690400160844,0
-0.3713688656621246,0.10699386395977399,0
-0.0007701981699454004,-0.2926716846511827,0
-0.26550242165598514,-0.02065603461525083,0
-0.39165789399555384,0.25781921840784483,0
-0.10334754487985742,-0.08037002417476527,0
-0.25620776786400995,0.31560006008974745,0
-0.03595359420648876,0.4450598586906104,0
-0.0818994445633515,-0.10323498308458727,0
-0.29494726513689395,-0.006307005896154758,0
-0.22228873681149003,-0.2157858402455706,0
-0.20859697050601647,0.13764305975484975,0
-0.014568166193339697,-0.3031351925448749,0
-0.3379219905137889,0.0682128425372262,0
-0.16765449460116316,-0.19602391320387919,0
-0.22518012938407575,0.3524390236575415,0
-0.027901119873512365,0.3611576074480583,0
-0.09664213249064732,-0.2375250529878008,0
0.028708129052092347,-0.2855797058826487,0
-0.06716989737795141,-0.3924391586570456,0
-0.06604775234262376,0.15124292575962703,0
-0.26167097485231844,0.44300939805753164,0
0.11365072210990966,-0.4544089582964235,0
-0.033458355030365435,-0.07876700942000572,0
-0.20201902947348746,0.22510271152958725,0
-0.11629185615054577,-0.21564263152641017,0
-0.23243217583225448,-0.34524783522998714,0
-0.06189617735400605,0.1806886145433417,0
-0.260264818980309,-0.21898317444292748,0
-0.10028400996831215,-0.24662884694349224,0
-0.30931739806313213,0.005215924674390455,0
-0.10095857114613856,-0.11186440789434875,0
-0.3911652231053965,0.20834646747420588,0
0.0626601146638598,-0.373845959950758,0
0.08870158597461457,-0.4665626187904115,0
-0.034600432803499157,-0.4595447941352758,0
-0.33970239261361607,-0.19661667825422433,0
-0.1474158762194933,0.42420496661631846,0
-0.023927706877831818,0.12290627229446667,0
-0.315668896977322,0.043156916265669754,0
-0.09252054848652723,-0.415522454395249,0
-0.33894950408524327,-0.035517298134433245,0
-0.11009065819805508,-0.026337606712557343,0
-0.36313461367477473,0.3144107579864371,0
-0.27825291532975094,-0.2499644680499207,0
-0.2971949660180312,0.14474801655832464,0
-0.16488480065487313,0.3630975473388717,0
0.06779701900594637,-0.4693884386169123,0
-0.4522700533641173,0.275434966122337,0
-0.2840246850929216,0.45425109591002444,0
-0.2048805137638842,0.37441389534569597,0
-0.24679948226328677,0.04061198282033968,0
-0.13487384618436532,0.353566998818521,0
0.08049735318675226,-0.2960350259693023,0
-0.30703883517384906,-0.005544275320885031,0
-0.20166327562891614,0.1534709529153108,0
-0.12891516278838872,0.5007654323862079,0
-0.20784126727294924,0.017427552930197467,0
-0.33089616251358295,0.3041584181349491,0
0.05600373181942493,-0.44631047452986927,0
-0.21188753463896282,0.18669527061842114,0
-0.07122858551121415,0.021075936221437875,0
-0.06906167902991212,0.4533459307202786,0
-0.056953489712235746,0.32604270350635545,0
-0.3862483700976704,0.2458217275165048,0
-0.25955806590006464,0.40117322699974745,0
-0.04038080749998098,-0.1934738300208181,0
0.1039955770399868,-0.39164500071037045,0
-0.03223507168882175,-0.4714268579247923,0
-0.2525950440429805,0.20410946486881393,0
-0.28397421337275935,-0.24559753780501775,0
-0.3529157160178584,-0.007657926491518346,0
-0.06871962342122952,0.41368749996519893,0
-0.3802303108067692,0.3641375620702784,0
-0.20577909331277766,-0.032366765531127696,0
-0.32051950658736084,0.06400159284076944,0
-0.24375345780055574,0.4715981650882441,0
-0.07150808157761313,-0.38071763947047155,0
-0.1336667010848295,-0.18532664455759842,0
-0.19601954704547322,2.6213622525239387e-05,0
-0.11006843555918044,-0.4691396885243926,0
0.04513946200503613,-0.4385577510543039,0
0.03582178773596506,-0.43994861787128925,0
-0.14525691395233722,0.21255496851950093,0
-0.24502605447532697,-0.3269561951360488,0
-0.28885402729916954,0.0032225240844327104,0
-0.019675813656988745,-0.1905431957043738,0
-0.3146332242485513,-0.30549990057059845,0
-0.19879683426916753,0.29574892957835586,0
-0.14716436472875408,0.045007513171653836,0
-0.05109430781793104,0.32230675758777405,0
-0.2607148020832211,0.19161418417180057,0
-0.11887174406413052,0.07881372432793508,0
-0.22462774494775042,-0.30630009001517655,0
-0.18953261909919372,-0.30372160928797054,0
-0.3673673749651283,0.10138434160261747,0
-0.12546641618374293,0.15089612567996039,0
-0.20985028028347366,-0.018350853744592003,0
-0.015597492448250299,-0.3518284212197092,0
-0.1316371308408164,-0.4495663190991615,0
-0.2226811560904459,0.2369103955511512,0
-0.25360886970595614,0.27315267906292945,0
-0.14715812175938825,-0.16789645458509922,0
-0.03417953170160938,0.17233072139706396,0
-0.1272032234593818,0.2612084020484339,0
-0.26420267947748477,0.43258276399373874,0
-0.1997476567126031,0.08463109467235234,0
-0.06163929275126573,0.09985875551007414,0
-0.19118592503743873,-0.04879047065975053,0
-0.05486545839750414,0.25882842755943797,0
-0.09015649783806785,-0.18151081150828818,0
-0.2672228674362449,-0.1523992838924408,0
-0.3502653086798145,0.03260205653099104,0
0.013279462745006956,0.27988019975001277,0
-0.31090451219864,-0.00040458937034325,0
-0.30795652886921115,-0.13630847881740765,0
-0.32658778382190634,0.11667540937583346,0
-0.21524235467129788,0.20695262936744735,0
-0.3719985087318062,-0.0016949069296185227,0
-0.06568135788273831,0.12306947062768071,0
-0.24249388252767265,0.0834386559307871,0
-0.3288438955908728,0.1352330001151071,0
-0.09170389710691355,0.16742529202703113,0
-0.0805681496084772,-0.17713952851319356,0
-0.2788128909784024,0.033202717015985615,0
-0.0765969958170617,0.028524564398753442,0
-0.0574594342044315,-0.1289174043407704,0
-0.14772209925039823,0.12397212218654491,0
-0.08895177279580803,0.35194579655384073,0
-0.29241699414837663,-0.2960609152315405,0
-0.1799208789677478,0.3950880247857475,0
-0.024679625047170868,-0.054642041892477185,0
-0.2577431309781891,0.2042246534660511,0
-0.025263333229947955,0.25824712781103754,0
-0.21675835432340204,0.4183149444148322,0
-0.04993264362943007,-0.3525049745669565,0
-0.22505167875383633,0.06477487032645274,0
-0.13357066261026226,0.13624372006367294,0
0.02722303652011543,-0.20013094574712711,0
-0.21658196230293367,0.41702567483941166,0
-0.432455185536426,-0.05125200365761561,0
-0.32784417543352795,0.011952127907319136,0
-0.023371960164697267,-0.040213918365743305,0
-0.212692322796579,0.32656380962807957,0
0.09336138252372765,-0.40609633924308464,0
-0.2770602928006782,0.2278096912697444,0
-0.12922613415871861,-0.15381123973566302,0
-0.21157892563542718,-0.2107086068728636,0
-0.3789264593220605,0.13374711358375324,0
-0.09763907207079368,0.32511322855275815,0
-0.07665775687914912,0.17407475178410106,0
0.0437538296007981,-0.26183772154048235,0
-0.1601626702688848,-0.3454124892168552,0
-0.09257675048565263,-0.3867597582801957,0
-0.30004339576609346,0.23850410641432457,0
-0.048215586033846895,-0.08231663728074565,0
-0.004346784704688389,0.30810902548227287,0
-0.329715206279238,-0.1688409944499369,0
-0.138474043145409,0.08262799616856192,0
-0.1988206780003122,-0.18156569337138379,0
-0.24099762036010464,-0.15333028226416015,0
0.01530144724202935,-0.48348753299161673,0
-0.04919768929004706,0.016921036156890844,0
-0.3316809388842679,0.13561054079976045,0
-0.02097744772049087,-0.01578099816274289,0
-0.2903983777259495,0.29001892859613254,0
-0.052592569418430504,0.3412851510764254,0
-0.12006795273324786,-0.005385094364717253,0
-0.2365531123323315,-0.2773516139412045,0
-0.21317517927035137,-0.021459871653356506,0
-0.2630911989612438,-0.23263025488456043,0
-0.1763054449959937,0.2876161974415568,0
-0.36221335406300664,0.04726492375417916,0
-0.17112709213285088,-0.08809754581658365,0
-0.11587363337100516,0.1336635503178146,0
-0.18354103663653548,0.4528850857857138,0
-0.2199683108029792,0.37910618753586894,0
-0.20943250846743072,-0.37758035796316947,0
-0.2945992042939973,-0.08320018509758603,0
-0.04302598947013954,0.2040307360970459,0
-0.15025225060058145,0.2110885788776052,0
-0.1022073707188305,0.4227255795575895,0
-0.011280019431824988,-0.4008732246484466,0
-0.29146275004071365,0.35619969836165366,0
-0.11441101604073134,-0.20974326792599318,0
0.0027879465991365545,0.22591819040538846,0
-0.42178750725969627,0.14416203837338606,0
-0.019389493967692215,0.20334015122168514,0
-0.004096316537985599,-0.27179305323769515,0
-0.22378303390392576,0.43297669565126573,0
-0.15950770382807358,0.12714482996455648,0
-0.27683047333306926,0.18698454994544003,0
-0.17209014451802693,0.19168165764754708,0
-0.3729169731162838,0.2733899372631091,0
0.10473457575898339,-0.35271405819258783,0
-0.21453203467834508,0.11280868979810724,0
-0.06595773731102607,0.06880012082023995,0
-0.3095662212440669,0.09947157048851546,0
-0.037560786626142165,-0.45504075492556956,0
-0.2681209279613458,0.14018245968647283,0
-0.30550192395567105,0.1391625282081047,0
-0.36380087979816395,0.15372222249543518,0
-0.07511415233986186,0.1496342925860783,0
-0.12868021030948204,0.3670211564424771,0
0.015970053914685728,-0.0775566763699732,0
-0.1929309349124321,0.4378237604175905,0
-0.35973519985330715,0.23950824788482242,0
-0.1370371304480777,0.26019058889196955,0
-0.14863678807329472,0.18152623682176094,0
-0.20231282935022254,-0.218114698505273,0
0.05252256389312819,-0.07872903863918342,0
-0.05390007994141825,-0.4808617677584375,0
-0.31629753302542585,0.12930609304764343,0
-0.05040720213398637,-0.37608092569274,0
-0.2271929264875705,0.41069389609837903,0
-0.3308703745519294,-0.003925418228457746,0
-0.2738426309788605,-0.2502973283930128,0
-0.003025780940456814,-0.02358375621247361,0
-0.11532492166624471,-0.37451648204607696,0
-0.05875796725272672,0.16255994245793462,0
-0.09508441705204253,0.4305145006161132,0
-0.33574608089118,-0.23706551872910422,0
-0.12361648294792948,0.3879608500466477,0
0.044314082117970444,-0.223356589054124,0
-0.04970625276506391,-0.1870079967975356,0
-0.026653198293654055,-0.29340386455486434,0
-0.3621618036222345,0.024259890023958848,0
-0.19042840901372304,-0.3525387789935408,0
-0.22664025180669004,0.29094786139540724,0
-0.19451367095803357,0.058669679303598656,0
-0.19462330362526095,0.33425718643348357,0
0.007132864984502975,-0.21713460858171377,0
-0.0946593105442316,-0.17484870791794194,0
-0.05202853394657043,-0.26048122046898664,0
-0.026259992106229545,-0.2213774738851249,0
-0.17915634016862217,0.17503313631497744,0
-0.11403554680215383,0.3895170202107543,0
0.07695088572640206,-0.3786052189275882,0
-0.20953114986527577,0.008297260485972067,0
-0.13404339843007834,0.3574895578246624,0
0.028384137968573548,-0.3688964943002908,0
0.04558040686093402,-0.5059066803442154,0
-0.22088671709248553,0.048589328182990575,0
-0.18863131423550739,-0.2334021063193476,0
-0.1411116430092678,0.4252506358287352,0
-0.3033277710637024,0.3698641176566016,0
-0.35473075536061016,0.19046598267715187,0
0.020150180811749355,-0.12463510606241184,0
-0.4071411529043579,0.3235309753693964,0
-0.2594161034313713,0.43287489173879073,0
-0.055240639582007436,-0.14298938757518082,0
-0.1800159024831438,-0.22539372186769446,0
0.054784863250729746,-0.20386329346282644,0
-0.22190172706608047,-0.2509973943350165,0
-0.2999632272757426,-0.25332643923396064,0
-0.3267500326370518,-0.0871055842384288,0
-0.08123899847107573,-0.010248415687999089,0
0.01418770606780555,-0.305022253445812,0
-0.06831588067217008,0.13959352987896756,0
-0.2680615087094543,0.35962888850200686,0
-0.23147628000125603,-0.2121508473316543,0
-0.0657189736848696,0.20071268208161247,0
0.06362646208861977,-0.4484834571589279,0
-0.020995572719302656,0.07948800755228089,0
-0.01957651706996738,-0.3013044072599689,0
-0.1329305984547777,0.4112353529217918,0
-0.3700192197716805,-0.12938965128553814,0
-0.16752008235947247,0.04893242356282659,0
-0.30926068687774527,0.023276911289169675,0
-0.3449561186177218,0.205852070813352,0
0.059725757713009996,-0.43506697959977997,0
-0.34974820423586495,0.09609289150430282,0
-0.22195435593507173,-0.3000038223536899,0
-0.08130903940347076,0.06707377104541318,0
-0.2442272799478929,0.40493171861122546,0
-0.12246877229369386,-0.32784669031977287,0
-0.08082237846328744,0.27170784839145357,0
-0.2600767026764752,0.19604368081201395,0
-0.05557406194643195,-0.31026398692654444,0
-0.16749655380724593,-0.34247865588655735,0
-0.24514645133802407,-0.3684120547732286,0
-0.32741247867641504,0.0694740586745357,0
-0.13701009315927543,-0.22420374771374518,0
-0.3959660770401046,0.15141611207357827,0
-0.1671360485360768,-0.1986700276656333,0
-0.17329692600093602,0.006697730009290066,0
-0.19936411128256135,0.4086902556933009,0
-0.1726145188212242,0.06999313405473362,0
-0.31822325532817675,0.02087084652682937,0
-0.0076789854267271295,0.2147811204199053,0
-0.04097975931734733,0.11026280052499045,0
-0.14399820364594587,0.0012709476373013212,0
-0.33457862885893697,0.4025253890266312,0
-0.27092918153034273,0.2968553978186709,0
-0.0017273078179065187,-0.22892158347866706,0
-0.2184524640835289,0.13143070885424285,0
-0.1725916481445655,-0.08831954051426812,0
-0.20090359995551862,-0.05290632445670733,0
0.0039333180752908195,-0.03781860392399638,0
-0.13133061842892907,0.08204775797956651,0
-0.05550423520874576,0.02197430988087035,0
-0.10672510834676996,-0.28014036794036334,0
0.001900238364791156,-0.43000495661574667,0
-0.12238123969408901,0.21341815001412742,0
-0.3528442539174695,-0.13993663096696454,0
0.056923011889726434,-0.4382212102703019,0
-0.24931406107839418,0.47803722940981036,0
-0.1621430115497623,-0.23830855920945276,0
-0.39488273828230314,-0.0013308810245658415,0
0.09969094642145666,-0.43060790292455986,0
-0.24829207323533573,-0.05677349694217643,0
0.037688292756089425,-0.2888654907967004,0
-0.06779341422632318,0.2887608756503518,0
-0.3813441601891688,0.32333423007829776,0
-0.0639057897732413,-0.37329960941251367,0
-0.07422459173682237,-0.015430850108912661,0
-0.07449727087782482,-0.03798821762613371,0
-0.2094066247523348,0.288110591454243,0
-0.22906097773736075,0.23841192508877643,0
0.04038246447100927,-0.26938239483377735,0
-0.11191579413189885,0.17184604024513803,0
-0.1112923982852284,-0.06139282611891064,0
-0.16017132891018326,0.16551293705363546,0
-0.22229766183802363,0.20893314082630385,0
-0.07287720530251462,0.2893754656729749,0
-0.20647818463039888,-0.37772531900780665,0
-0.15387731824171647,-0.38921155369893934,0
-0.1877784661190823,0.34499280561753404,0
-0.37918846131505796,0.12983799342976335,0
-0.05568139394887471,-0.05121449180009054,0
-0.21384381130743937,0.10124502995268657,0
-0.1387116047971239,-0.1813495621777034,0
-0.32483595056498754,0.21831689236345692,0
-0.3099520105896807,0.39834679101955967,0
-0.2073770405353009,0.14498705290884034,0
-0.22407116570057437,-0.07445728276238948,0
-0.12129440048237632,0.28156571875716097,0
0.012872318923803862,-0.27046271627526614,0
-0.1517828102202746,0.4611939655059405,0
-0.20370962736172962,0.38361799392372864,0
0.007177739622873044,0.0036106731666562778,0
-0.3382745160648999,-0.005159757254065497,0
-0.36699029322927734,0.1841899785253074,0
-0.18583124109077212,0.21214282011306596,0
-0.16347200674564977,0.3892256493042859,0
-0.20512399055232627,-0.13748685284246545,0
-0.13377311599577776,0.10581582818838246,0
-0.33747310525738994,0.33299643559564757,0
-0.3541601855523704,0.0900480549168237,0
-0.07282091395984165,-0.3813989630004002,0
-0.17559194508509443,0.21240592292667196,0
-0.00437953173292982,-0.3420585067481843,0
-0.16623732277689152,0.20366675644305648,0
-0.3431815752813902,0.2721214986828697,0
-0.26988694110256345,0.20984122507940559,0
-0.3131812906020273,0.15439955271416395,0
-0.0078076224021267696,0.3369607170466384,0
-0.28758679237430895,-0.07715359285962246,0
-0.31383133287068693,0.14058843069788893,0
-0.2611756657214136,-0.18203773938414877,0
-0.09167792199177509,0.012215752543050521,0
-0.30675982194598134,0.04939192399438788,0
-0.2553881043764564,0.025495376411137815,0
-0.31253736241155355,0.3026184343481181,0
-0.31856043201155876,-0.17364349030467804,0
-0.2563777305671259,0.3476673758547395,0
-0.04713391694024399,-0.18324119771585173,0
-0.07579303554138914,-0.5909636005988779,0
-0.08953407548397112,-0.22729070683746866,0
-0.19099638398998117,0.0380271441655174,0
-0.06780659367325603,0.16074655313005032,0
-0.10725203704671478,-0.3321272365577488,0
-0.04768596040286762,0.2118470816191502,0
-0.2252717625800367,0.023079966850786223,0
-0.049821814160098246,-0.2263027254359798,0
-0.03959485303017323,-0.3743011210129304,0
-0.26749344924293134,-0.36351683951472824,0
-0.10409685259775847,0.37127247849994816,0
-0.0053002070834634,-0.34945593315945955,0
-0.4090293042746067,0.3420819308558389,0
-0.025366663684278735,-0.06484538438619439,0
-0.20724135931757526,-0.3809096233183898,0
-0.22192511080856697,-0.12359941449225864,0
-0.13803366868801367,-0.39232950649949544,0
-0.32658206453634914,0.1421052521001107,0
-0.027649472203099938,0.15990062147760561,0
-0.24556901433214898,0.15059697311811485,0
-0.07244297535892688,0.13104551520821636,0
-0.21351957291446172,-0.14508247385799403,0
-0.25464435516707434,0.04313059289530094,0
-0.28480582073256133,-0.20212574971631764,0
-0.0862173026494851,0.07895678382503715,0
-0.3060056542175944,0.1688270131358202,0
0.00661115004413639,0.2760903975183652,0
-0.024878257193196873,-0.03650243536761285,0
0.021851332746359527,-0.34654429933324177,0
0.01384013721317753,-0.3153837989109002,0
-0.34613052291178015,0.21391156479352444,0
-0.1044337353189852,0.023361306504056014,0
-0.01345930011764673,-0.17169112819110152,0
-0.29540636863486525,-0.09316460630167249,0
-0.267724821849428,0.3895574515070737,0
-0.11352189114165166,-0.08030254343615609,0
-0.2643267158765469,0.42114503165079814,0
-0.3196854692966949,0.33805163036496755,0
0.03759438045931185,-0.12629984727813687,0
-0.18834289719815372,0.3523735362911509,0
-0.2763542832955311,0.13527217725479107,0
-0.16640515567478156,-0.06723824056750752,0
-0.11937293237030094,-0.12928439589038926,0
-0.1906620336636307,0.04779742483854115,0
-0.1776944060373154,0.3583812594711639,0
-0.24339776014537234,-0.25181689724222545,0
0.06545651395061713,-0.3986721102293146,0
0.05138275153465912,-0.3375110153207724,0
0.000273833170440899,-0.2076723955005515,0
-0.37848242943225546,0.08942427314565365,0
0.07046784861173501,-0.3272044255064118,0
-0.12772841741047825,0.01196101710485221,0
-0.18423781741322684,0.32028119482714296,0
-0.20603207155062628,-0.29927828210291363,0
-0.43466613701692924,0.15440960923290015,0
-0.11496983903351107,-0.3898713124278909,0
-0.1400051246908929,0.12183017922767896,0
-0.2315497939344625,-0.31931836981166545,0
-0.3735385949003251,-0.029841259924935457,0
-0.3735584770390503,0.03838822627356206,0
-0.0332321585501329,0.17609864971422834,0
-0.052942884005639,-0.2889479925092885,0
-0.3952374031075902,0.3914829874406817,0
-0.12036839597756313,0.026432827287146306,0
-0.06265425994296732,0.11703077866449026,0
-0.08773156954789617,-0.027638249300177185,0
-0.11552603679099899,0.2215569258887952,0
-0.34858789289278475,-0.138875793332679,0
-0.16268288368336112,0.09838838339193719,0
-0.3590333721434888,0.2671509893147552,0
-0.16538052859832067,0.2680110619914094,0
-0.2890375130344365,-0.1651513801278435,0
-0.06234576142969723,0.2141154225547836,0
-0.38876237078716647,0.16961071243300563,0
-0.155111718928921,-0.1036352820836086,0
-0.019065692370015645,0.1469604763501314,0
-0.21725174397734628,0.09258479493428491,0
-0.18000374213238257,0.22406761119519394,0
-0.09998949168253181,0.1401228410509901,0
-0.10747173505243605,-0.15441922530505986,0
-0.09135326653647187,-0.02055132062938164,0
-0.042105126894216686,-0.5473638910182215,0
-0.25135277918149296,-0.23234183672850947,0
-0.14355702440325077,0.44841566877757383,0
-0.170797556659492,0.1082740506461554,0
-0.030036358602485384,0.18316414237540574,0
-0.3188318718802481,-0.0721235286541586,0
-0.27199004874457194,0.20612723739032773,0
0.020855782683654567,-0.42626451748256006,0
-0.0002818971439162559,0.17729361635636823,0
-0.06113937844361358,-0.010935817137762545,0
-0.4062172232344902,0.33244597578419793,0
-0.010130750281665156,-0.3526756247850629,0
-0.015324339811945111,-0.3589784466577535,0
-0.28366583055908057,-0.24949946766735162,0
-0.2537456925457035,0.13120557380450762,0
-0.33043551071673044,0.3989251110316087,0
-0.2355652711834831,-0.1751345968170808,0
-0.24781377271974683,0.06507121729118569,0
-0.0016033225669840842,-0.48228183052798085,0
0.030648417956912814,-0.16626658829752877,0
-0.14617334487972805,-0.022620437450974158,0
0.06318931671122294,-0.4777100534871749,0
0.0209582733814433,-0.2523567527048043,0
-0.15412740854156592,0.03633408275151444,0
-0.018648364254307992,0.4533788424472322,0
-0.38298017060495637,0.35777688254910534,0
-0.11366321854564347,0.0510023739894973,0
-0.3803511898225502,-0.04692755166812946,0
-0.09685969836567583,0.4358651095543074,0
-0.08421391539799927,0.3315437592556222,0
-0.20674390078610638,-0.17000636880276895,0
-0.2939187633439688,-0.21118117735396852,0
-0.1756537460819137,0.4338352579359968,0
-0.1848665275567622,0.0005906495838098636,0
-0.07272173485101883,0.3776516047432947,0
-0.07253319897189293,-0.18351668692917153,0
0.04912926763403941,-0.28595472901450375,0
-0.23337406545396944,-0.3204043532134458,0
-0.1792675694631954,-0.08091511485140304,0
-0.19889704652116424,-0.10525759914027395,0
-0.05550324571238556,-0.37408507682874115,0
-0.29806632780266246,-0.08988797627623314,0
-0.1015237948754345,0.05502344501825483,0
-0.14659167111655833,-0.2118133300606928,0
-0.17232297869475297,-0.07015665699864425,0
0.04034641363785383,-0.2886941444884794,0
-0.001181906581605574,-0.012586716807673527,0
0.11067929393143885,-0.3163013990436289,0
-0.24108748997648535,0.4169259878194382,0
-0.10233129778184004,0.4279566607337862,0
-0.07671446096339025,0.3520290028884318,0
0.007612450739854129,-0.03603184971245355,0
-0.15788926354737873,-0.17193741497412043,0
-0.47938201590009705,0.2507354881228955,0
-0.015559083207371418,0.30600620260228845,0
-0.1659095026539924,-0.30872436418249977,0
-0.06860543633494984,-0.20467865890372255,0
0.02660200738433482,-0.1221748949634938,0
-0.09280647385436924,0.009616692388230819,0
-0.09283953743815192,0.06838943022108436,0
-0.3308405084779525,0.44243304502758407,0
-0.3605747994997328,0.2768074194152671,0
0.10095729285084981,-0.34223678349626424,0
-0.2683852859851843,0.13928135174476594,0
-0.1350548920765067,-0.1717224076745393,0
-0.3016779755079884,-0.17506533765620563,0
0.0024388582296092564,0.16226469207382718,0
-0.16664442402110233,0.25555014837344636,0
-0.3023523276135859,-0.16787467798941227,0
-0.2463330278726924,0.36174030242759336,0
-0.2989417924633176,0.009516431976494339,0
-0.05683466191661586,-0.33540893521387116,0
-0.18330418950772004,-0.1712692737679237,0
-0.03919294718765493,-0.22130892803027802,0
-0.0979417680079974,0.3791754398922094,0
-0.11553737999467556,0.26516449319120433,0
-0.18787817890324224,0.19622652839519597,0
-0.01362543963063274,0.17745401363466212,0
-0.17893665958833835,0.2631579726739043,0
-0.05584063687931474,-0.4342431353335747,0
-0.3008992740330955,0.2847645048818222,0
-0.3041121419299119,-0.17319383633934973,0
-0.034241385965866906,-0.06827806513443241,0
-0.20672116921876602,-0.08229084574109684,0
-0.254899029258975,0.25077074379413916,0
-0.32399964304337964,0.16233750976682432,0
-0.04504936664464308,-0.0848538973323865,0
-0.061400627584782694,0.17432828103735754,0
-0.2755744530635102,-0.1608608629621808,0
-0.10634028511873136,0.42652161631401025,0
-0.3213155874233876,0.38141872714973196,0
-0.03146876063271214,-0.19481051503060157,0
-0.3327791306695908,-0.09885489204151135,0
-0.25822625274704425,0.41521128209643804,0
-0.2982647090070855,-0.35329390234494895,0
-0.12126849988903661,0.49108711013091183,0
-0.17772426084030002,-0.40684409305949215,0
-0.26365177690802755,-0.19864109532396457,0
0.023094317710197234,-0.47587442444832695,0
-0.1403092403286406,-0.3989052690194017,0
-0.30198415703484166,0.16231489140813354,0
-0.22261843253413593,-0.21168013472920225,0
-0.1760316346451597,0.2515834385615718,0
-0.15733919080690006,0.026620422729767095,0
-0.029164274470363086,0.22729306846788877,0
-0.03825932644958568,0.02123697092079989,0
-0.1438829253272853,-0.3210032863156296,0
-0.2803465814071279,0.05884867490180975,0
-0.08540530546266761,0.36794686119764325,0
-0.06298645134851048,0.1488839231899637,0
-0.2606609862766114,-0.25032736514548093,0
-0.09759332651636825,-0.019993086803948054,0
-0.21252351614080522,-0.04877941257846762,0
-0.3317765011493329,0.06205905924703697,0
-0.3485858419136067,0.17921397904987016,0
-0.17782787330333097,-0.07943175594575175,0
0.03554333344090941,-0.10577590325383127,0
-0.022400441694149516,-0.35026075391204287,0
-0.12205458644306293,-0.08702250633728131,0
0.09464478992385424,-0.504142513690153,0
-0.03720829110697242,-0.2809303761804656,0
-0.05657763757376293,0.38004481550548147,0
-0.018712362361178136,0.0977521431665686,0
0.025623059696319523,0.10090829863318361,0
-0.2514632112112378,0.4931939275943831,0
-0.11435140897146567,0.28490334506926157,0
-0.03466797527658808,-0.21376308615166575,0
-0.17026506695113527,0.13411127229076147,0
-0.1461085224354743,0.31530013585455724,0
-0.020451692071420828,0.19081996046261193,0
-0.24724911850608788,0.19947534769652725,0
-0.30993663684949135,0.27953623497506785,0
-0.07226593192421334,0.35697208057373425,0
-0.057667625500836955,-0.2211715267180672,0
-0.0005769625924558446,-0.27216876702703685,0
-0.07033492698173519,0.006020280557650039,0
-0.1765543909945744,-0.09973973736862946,0
-0.19120272066253327,-0.3629521393867981,0
0.0788808397314003,-0.2991674675114411,0
-0.2691391936591774,0.4280927076006271,0
-0.08862081576589925,-0.4063796932604624,0
-0.30992299194966827,0.3858521623196096,0
-0.21705336356747823,0.43641484695128285,0
-0.17911321561657426,0.07927834114881295,0
-0.009921429302594273,-0.20618188908900864,0
-0.18725536431116707,0.3726863307198868,0
-0.32970430534642287,0.18054463089670017,0
-0.3399158190287972,0.2031361287460296,0
-0.3468449777643068,0.09415226221583453,0
0.09305697527971464,-0.4677814888026174,0
-0.20032647164827694,0.13644229389388318,0
-0.10181032898485266,0.26422640390602803,0
-0.1282309924343033,0.3338533376980972,0
0.016754035268532672,0.26423384998403787,0
-0.05388438327254933,0.3250748637399515,0
-0.19752118864082435,-0.056067084905428624,0
-0.04781518318242846,0.07123255243854601,0
-0.16061333532563618,0.00727074925439195,0
-0.2513221017234199,-0.2850517126565849,0
-0.35944420190090365,-0.06131010679900962,0
-0.1284233569034286,0.2954940903710637,0
-0.09853730760277891,0.110428683658811,0
-0.3956102688465097,0.1599467357184748,0
-0.0050372125235863255,-0.2753594421479626,0
-0.43813088354660384,0.16277966851637457,0
-0.20043886234474223,0.31511527996372124,0
-0.09329450069660439,-0.19737824931738512,0
-0.37311229900470716,0.06705095503409128,0
-0.23758724423509758,0.36285121152213545,0
-0.2374782479173435,-0.16217918184072233,0
-0.23616184575807475,0.2555247424713247,0
-0.029397969137614815,-0.3182181555923842,0
-0.2031788363097943,-0.2806307191698392,0
-0.37704936582906873,0.10986296879140378,0
-0.11643615342482526,-0.03950417843474677,0
-0.3085519212812864,-0.04898160379458527,0
-0.005215382190006019,-0.12151112324620116,0
-0.2951558101272664,0.38736177826103124,0
-0.028090962151182147,0.15215071149712925,0
-0.16971191963819113,0.2881581249030568,0
-0.13456304006639255,-0.15795519801296187,0
-0.29550536567939684,0.3853690623680797,0
-0.022962540633696245,-0.004087784140791595,0
-0.1238662327403357,-0.19191242790947735,0
0.035259557199078986,-0.40102826361677957,0
-0.3273473127753411,0.18324864254608178,0
-0.03742797672539219,0.4705495239465537,0
-0.021478150463348555,-0.19190278610357034,0
-0.2763057217018138,0.5100709166027491,0
-0.050913987981943215,0.3930519248633508,0
0.022719905185086833,-0.48430010826250103,0
-0.19734460289540182,-0.30728678572973134,0
-0.026787226077322705,-0.1697283702444394,0
-0.07697665163430502,-0.2840459324569467,0
-0.2498367289044931,0.38160689621005467,0
-0.2803303021769308,0.36726348983612656,0
-0.14777060008346307,0.16922146444803082,0
-0.24180442670452007,0.4379153603810873,0
-0.011824386250300937,-0.33824667484960674,0
-0.0905541821328158,0.3987253950306713,0
0.01953262248993732,-0.030602337241057286,0
-0.12661791080700868,-0.2942229789648001,0
-0.23375270371741316,-0.1971827153429454,0
-0.06726312094980692,0.24021641495698107,0
-0.3514784195460552,0.034656970731897746,0
-0.1099842771464788,-0.03517683835701794,0
-0.1968557075862863,-0.2262657664007051,0
-0.30241531770614777,0.06697253226714242,0
-0.024816271955708454,0.18154956617374912,0
-0.0035141930023643553,-0.25017217470217534,0
0.05155254256311131,-0.33168645424793386,0
-0.004720875523387592,0.009483457049837421,0
-0.23274620448304506,0.4298585178408098,0
-0.09737640652319085,0.002268198635253827,0
-0.2017550425085726,-0.33390428676302425,0
0.09175217181580889,-0.47370423836665443,0
-0.15362581506864684,0.09390343091239581,0
-0.16273652757613236,0.30752915870240194,0
0.01726060782005843,-0.05075773769557863,0
-0.1401413385625786,-0.2808582429798869,0
0.029153232082349132,-0.39467174851684067,0
-0.2541184309538909,0.4117277380118044,0
-0.32204949800869365,0.18584154585965937,0
-0.0966319071639529,0.025078582102533848,0
-0.20566765726254732,0.35809378792358254,0
0.027509985015500962,-0.33075999275888723,0
-0.37073209090788045,0.34418301531893786,0
-0.238945205140958,-0.13206076430941888,0
0.0650916662782864,-0.35871806375735676,0
-0.23273309315728438,-0.14955252336988403,0
-0.2185990133682739,-0.22024483506342196,0
-0.2355053895182398,0.20749200460313946,0
-0.2875907967143947,-0.28042364769228134,0
-0.005898960245716215,0.07209682057504133,0
-0.2144664728160057,0.39110082692965475,0
-0.0028502226951676083,0.12029556106088529,0
-0.18970711632271342,0.13860301946748546,0
-0.13749800007086463,-0.017450259912234766,0
-0.44968126138158226,0.20274988916189482,0
-0.37229273847931893,0.037301878383396006,0
-0.027107527018724754,0.06421080189118655,0
-0.08991864805647672,0.14753180943182603,0
-0.3249033477010635,-0.16865793209564403,0
-0.24504323650976234,0.16747137158508646,0
-0.1842010379750965,-0.22717348873101006,0
-0.3763381895375227,0.22142586048456103,0
-0.21970173285936387,-0.3135481579939495,0
-0.29787883263654197,0.11916425846033976,0
-0.19260006288628354,0.41764920898301566,0
-0.1995855408479222,0.3012628440341364,0
-0.08154043885894455,-0.2598943177046372,0
-0.16869895227844092,-0.31644664561962027,0
-0.35475246614365735,0.25531408303956,0
-0.36413508054509935,-0.0883419033956991,0
-0.06948473245162207,-0.05878911187851241,0
-0.3083757490313375,0.3204072706851471,0
-0.3329158895094077,0.04340782420927302,0
-0.31619245082371317,-0.1610150551840045,0
-0.0031050390426253824,-0.4257336256188879,0
-0.27845506294523625,-0.3004146464005612,0
-0.2708013214874633,0.36234687630701734,0
-0.017597026035975155,0.23083519831799992,0
-0.16122454473031647,0.05927833193176196,0
-0.0785204013319535,0.3197121300143154,0
-0.24680967049169386,-0.053422771520505,0
-0.12385086269161535,0.472879914871649,0
-0.08594747033814727,0.34395516166527035,0
-0.1206923284900053,0.41051978728238453,0
-0.2847069357265696,0.17014257368975402,0
-0.02786033361499796,-0.22010205514712317,0
-0.2941514869999714,0.2808391521276413,0
-0.029906177927056837,-0.473457062954515,0
-0.3830107020544522,0.19669630458519147,0
-0.23579872316680275,0.41091009891170915,0
-0.448027233283104,0.1420903506442875,0
-0.059967120354650356,-0.2090110409545551,0
-0.19349712412266062,0.3586693514894652,0
-0.162520945312854,0.3752414887370487,0
0.004159028463296315,-0.3049716078325982,0
-0.3373824484427213,-0.07450704074388784,0
-0.05840187467930846,0.14430191918049642,0
-0.2973863510518873,-0.21932343321786796,0
-0.013017629473987467,-0.29210741537196533,0
-0.1335832454531786,0.1221875498319265,0
-0.058106164844600884,-0.04145425245639193,0
-0.24436718125136134,0.4547209843828387,0
-0.10696460563716588,0.17388629509851686,0
-0.234992580939286,-0.07605089458225202,0
-0.14613473281827458,0.2733051304970962,0
0.10454429508078807,-0.48405431491799294,0
0.047323050461104035,-0.434177866591055,0
-0.3806872197052932,0.20621698924414586,0
-0.12497039098796826,0.09424354310919027,0
-0.09077807033957147,0.26726416326500335,0
-0.36800688525919883,0.003880877940336009,0
-0.20867508594452855,0.3337000650220643,0
-0.20069434342778,0.09783461426580409,0
-0.1660159096033968,-0.04398328181081943,0
-0.010463795617925443,-0.0898169978263846,0
-0.019571697364731577,-0.07852632690286747,0
-0.3132530562036497,0.24109411560858623,0
-0.10898053214306935,-0.2488218246061129,0
-0.2819295872227079,-0.15449230511232073,0
-0.044350594972747764,-0.21199965810607624,0
-0.304163818068654,0.023379430169679475,0
-0.00852668008765696,-0.33258108003937337,0
-0.4000953291137649,0.09498902248643354,0
-0.17400728563737777,-0.261512007579555,0
-0.29191697757103535,0.25341024109589677,0
-0.17303424834379574,0.21830129583174235,0
-0.029816766337980433,-0.017222249886075063,0
-0.06406946230781725,-0.04373501421456431,0
0.042316244466564665,-0.2014251197848202,0
-0.34211249400803045,0.17620703690577677,0
-0.09335530313108019,-0.314938389239024,0
-0.017385455327431337,0.14383862499827452,0
-0.015429126732507825,-0.02486375405076112,0
-0.04320040360647113,-0.37547578436087525,0
0.011737950255346265,-0.02839672112166873,0
0.04083113140278414,-0.1517617386905048,0
-0.1907153537279746,-0.35955163407540613,0
-0.08221661011665883,-0.438590001044843,0
-0.3205253273930781,0.01608612603912254,0
-0.3468989812552015,0.07218590536249789,0
-0.1740210354947483,0.2686239270259133,0
-0.34921931448790444,-0.029726714759505,0
0.022183525690056476,-0.3678115509452743,0
-0.29878309416761684,0.010516758736644078,0
0.012496423132074698,0.12812519394787086,0
-0.09107790551973573,0.34478854220518074,0
0.03174630450783644,0.09231749917513418,0
-0.14461682846352153,0.22424777133089768,0
-0.07990691485724376,-0.45187198238576815,0
-0.2970408486285698,-0.018792499682661064,0
-0.10251029912870148,0.32488586858151214,0
-0.24080394375433833,0.3779619232461719,0
-0.17583132979673194,-0.30129119007029226,0
-0.1720323824776366,-0.38360352529506025,0
-0.27152487479842574,-0.21896737958769766,0
-0.22489718656193233,0.3289788202177218,0
-0.20050529917685128,0.36715986102120407,0
-7.525890600947248e-06,0.2668185223237931,0
0.029548003460484196,-0.20804812642082926,0
-0.24331707062959204,-0.2249109384904196,0
-0.01686636352510291,-0.29248346193238317,0
-0.07297111488181238,0.3641462258082833,0
-0.0569653023808572,0.3027622258104076,0
-0.01930994477141559,-0.3520168432798865,0
-0.00825484452553533,-0.3836266123135951,0
-0.0825753372044533,-0.19004616920191067,0
-0.279370487504599,0.3512149700350868,0
-0.035567849860706345,0.39218773975325233,0
-0.19827826935168735,0.3930682860291423,0
-0.2664883000144508,-0.16068887470329962,0
-0.15797854718548254,-0.2967588291855906,0
-0.20269191233185302,-0.1012301622534752,0
-0.03610246834431002,0.21194974970866629,0
-0.07814833435612048,-0.21712921372588018,0
-0.23912474101356018,0.3944486327506808,0
-0.15893398046230525,-0.27262442777654816,0
-0.12106546862210865,-0.34134463705621737,0
-0.21477288765578462,-0.17510908293306127,0
-0.16136696946557783,-0.33144677120733496,0
-0.12802448751790893,-0.06815873820385042,0
-0.22504100486246556,0.031229807595260523,0
-0.009121594061029928,0.1520373098728438,0
-0.14265652256500516,-0.36976062888253136,0
-0.16798697814370037,-0.16712604146380847,0
-0.32582115286337604,0.2691687239913658,0
-0.1674181533366347,-0.41315763128322175,0
-0.22520799191221,0.39687042269194994,0
-0.31644798327484236,-0.07047019127785449,0
-0.31199116720220904,0.2630393440344828,0
0.04843301154106123,-0.1307263673555581,0
-0.24389736684558444,0.07543932785516817,0
-0.07006216849765323,0.060178523051398605,0
0.024915194748855337,-0.1311155414487975,0
-0.2874363862324134,-0.21552300154245513,0
-0.4329529837936669,0.10385951629001056,0
-0.02790983131921964,-0.5385303320315863,0
-0.08717679761549003,0.011984785152400083,0
-0.3236860836871462,0.2956889643487265,0
-0.16281581933095107,0.47478028517589266,0
-0.09173025322079695,0.2644206423915087,0
0.005891019196907824,-0.1506604529923128,0
0.018723457108266218,-0.026412003642377432,0
-0.07646359758827097,0.14068363653852634,0
-0.4319919991893196,0.017368466279525055,0
0.03539647097787153,-0.28508314400820767,0
-0.08505109096272412,-0.0552557161116623,0
-0.11360567018280067,0.3945329946739873,0
-0.09023415101882283,0.4128648384772216,0
-0.31668419186654556,0.018708042815836316,0
-0.01898615723911011,0.08123925523303666,0
-0.21600006449070577,-0.29622130972730737,0
-0.362508198221812,-0.06964199436608241,0
-0.15419448643865458,-0.22087271034564274,0
-0.3026322821710828,-0.06652637906251034,0
-0.10601485796853842,0.13814192739837752,0
-0.23772164607866517,-0.13233593674575833,0
-0.2838218918689899,-0.09824203226304605,0
-0.27966011225960846,-0.17424078302894486,0
-0.1415004080750334,0.27195332688513946,0
-0.22864912475848748,-0.11757205714263208,0
-0.3479178725951408,0.18245862960747697,0
-0.030014840938286165,-0.2408734052704138,0
0.08007289754000695,-0.24950391154726168,0
-0.11831425002185522,-0.10475459594836666,0
0.010160302053470665,-0.3955621104872757,0
-0.34050012418407793,-0.021575308654463887,0
-0.19759619850437907,0.43531000333196485,0
-0.10043572473191784,-0.0833991582309915,0
-0.10803343705833816,-0.23781935536616103,0
-0.07175136191798594,0.36107752011065214,0
-0.18148100080832105,0.35203742346454814,0
-0.14829363027928893,0.19596310559448632,0
-0.024343746140331135,-0.29440660894589105,0
-0.3263230041935255,-0.014464397549099407,0
-0.18430016667738047,-0.43727106115301395,0
-0.044226984981672095,-0.3257723731223285,0
-0.24288091506048362,-0.04304519739667871,0
-0.01823512512666566,-0.149684719778998,0
-0.26623947140602033,0.14384925393926562,0
-0.013256707423710675,0.3640540541325995,0
-0.11443360338834684,0.09174401524055731,0
-0.32673275322417444,-0.07554016940242192,0
-0.2602856538305833,0.2724661757821741,0
-0.24061547386435264,0.24179069542969944,0
-0.25840765966356266,0.44753039604227673,0
0.04454726314014061,-0.1880021907460204,0
-0.18318696127215972,-0.3412790831573212,0
-0.29083077455473144,-0.28374428502344196,0
-0.43399177301206676,0.10836576270681594,0
-0.12063571373950138,-0.08142738201425645,0
0.06666400546539941,-0.4219099251962512,0
-0.05716962849073275,-0.07759500781508306,0
-0.21477838004077146,0.1734905571579111,0
-0.4006592050725558,0.14454494846864535,0
-0.23267225814608322,-0.18318565288369823,0
-0.09705887012392093,0.04275467283254688,0
-0.10317710226059924,-0.2827384783772175,0
0.058630907531319054,-0.31758482997454646,0
-0.2234662588853736,0.42272567038228875,0
-0.09454562965451986,-0.1849742004697343,0
-0.3134270251468889,0.11200908245936095,0
-0.03491091636142047,-0.012289523544859788,0
-0.45547520394762625,0.2049775551567511,0
-0.1523275128712544,0.11038686942556895,0
-0.36924301185830344,0.14209574410720172,0
-0.17344135574994338,0.4057259226457312,0
-0.10044580692553312,-0.2356210739030304,0
-0.20030374864167635,0.30873533204225745,0
-0.2655129323140695,0.11713812354578917,0
-0.35368284768681985,0.26568630169974655,0
-0.2827047646161645,0.294039504853103,0
-0.22329288084597124,0.11471796484757987,0
0.09020569734365194,-0.36790066079450057,0
-0.0989133207494697,-0.39358422199922116,0
-0.08560289787677472,0.10733107414633351,0
-0.16772016786961003,-0.0036501094976729054,0
0.03679172645764471,-0.4632542484807242,0
-0.034584765716578605,0.2282851620930211,0
-0.02031865849467382,-0.3861721617160533,0
-0.35894713487541435,0.3483910147281765,0
-0.36646104758661163,0.23772859132382254,0
-0.45510711016658806,0.14309779448496496,0
-0.28844438755269475,0.4216814215532627,0
-0.015052275399599122,-0.26706689214134316,0
-0.23542789221136248,-0.3092598992192631,0
-0.2025665227124749,0.10103521730558693,0
-0.29267790049193,-0.2901365255140502,0
-0.1555868951581992,-0.23057968456085973,0
-0.2318357499846962,-0.2529475797436112,0
0.07469950402137847,-0.2535931654948289,0
-0.2234144467498046,-0.057782712657679106,0
-0.20316033312305767,0.3459200991090376,0
-0.24158597132917936,-0.37473813704164083,0
-0.11783539630738359,-0.08666991650774471,0
-0.28720509266770095,-0.3508983997770216,0
-0.007215192021023549,-0.40942140825050094,0
-0.1291445100706793,0.27010986423219224,0
0.032671580962312825,0.09062339467076598,0
-0.02362126152666986,0.27342479252238755,0
-0.07092798137030616,0.40007761091283656,0
0.06973218699838617,-0.43001203945342886,0
0.11300854566512157,-0.37212373114527414,0
-0.07749628552603878,-0.380669669745754,0
-0.08332149815146497,-0.33017332329973337,0
-0.33964064182306275,-0.12104571112736577,0
-0.02955858316727265,-0.015583996492256886,0
-0.023575046883303433,-0.49060744058111355,0
-0.21919295019274918,-0.03974161948154412,0
-0.08315664918209435,-0.1236433203293925,0
-0.016040659869793014,0.25337931239890416,0
-0.2715625448451442,-0.20103323115620636,0
-0.1297478722809902,-0.2650552822446544,0
-0.10214509525095719,-0.13886737755329945,0
-0.07248650876687412,0.007883918371853725,0
-0.03017710880701076,0.26614238408000634,0
-0.3220948322372462,0.424781727688792,0
-0.07784867906283648,-0.103049485340091,0
-0.17997324354975044,-0.15266961655229794,0
-0.1291072748622478,-0.22964380441836021,0
-0.06977634755548122,-0.40215650224637556,0
-0.25372985029708583,0.00850426689097934,0
0.006631888223548949,-0.2853908615341391,0
-0.1660244455225084,-0.17314384898138865,0
-0.2518428237493365,0.19254240310887374,0
-0.28819244347677936,-0.29615374561863445,0
-0.3160186961949915,0.39914282468314083,0
-0.051755706192156484,-0.07781580437456737,0
-0.11052933527965152,-0.3895064393054918,0
0.022516507009932952,-0.12741062879966852,0
-0.07221121506546067,-0.3905428663735529,0
-0.10911303543618353,0.3999908829618768,0
-0.3513524780527419,-0.03062183617032468,0
-0.06250443918644828,-0.23682114683564123,0
-0.09619451321389647,-0.11587193202828458,0
0.07941009909473452,-0.3257650767837095,0
-0.3129329695019691,0.03154601174856141,0
-0.2453572878536822,-0.1472439830079306,0
-0.19384394021507864,0.07102666038258887,0
-0.1710504905047349,-0.32003083500082957,0
-0.20284248427215903,0.33560958766594245,0
-0.17517008655923183,0.2134104113952186,0
-0.09661124109220154,0.3584766509803557,0
-0.157059845439009,-0.16667542851181463,0
-0.017084955786152684,0.2277387404500445,0
-0.07780543501683813,0.15839868659130843,0
-0.2555593124765013,-0.2982963690927301,0
-0.42060468729834566,0.1219163525570135,0
-0.11808928378611613,0.30794517068122246,0
-0.1981779215415363,0.44906713384226193,0
-0.23059951509707075,0.23258648282197825,0
-0.2420848019211612,-0.35943639771327573,0
-0.0443686385921548,-0.03751701143646522,0
-0.008946925557982257,-0.5042611179730202,0
-0.19582587697302273,0.24670818097934652,0
-0.2763410342939077,0.1314160699502499,0
-0.2230817738484576,0.2977276951769646,0
-0.16725545635947928,0.09155550762449689,0
-0.15228999539324975,-0.05426282994411574,0
-0.1382696251566832,-0.26282336270170364,0
-0.17758443882636063,0.12067353695533149,0
0.08020763489905046,-0.2315193449731202,0
-0.3053718248098273,-0.09977952521139132,0
-0.10128683016400544,0.17823569111893747,0
0.06405067986078104,-0.35999094161194245,0
-0.2184360334674333,0.056611876127889635,0
-0.009488085297176343,0.3003458094755732,0
-0.0006691240565638777,-0.41791251860037126,0
-0.08097272509642184,-0.3623145907296765,0
-0.032409164335717125,0.40364787473183517,0
-0.049631384063619575,-0.3470357577622637,0
-0.16893928138140107,-0.39506872327383796,0
-0.00034358509968177893,-0.2789117103793886,0
-0.051077998951807556,0.2135062748116216,0
-0.25273423282254304,-0.10202345833025328,0
-0.22563021908842193,-0.029457944386410514,0
-0.10363092591487962,-0.09150506076812151,0
0.0313943171174403,-0.09753262207674401,0
-0.1882059256899096,-0.11563111640118366,0
-0.05558385998271658,-0.01356558267335602,0
-0.10732755124953987,-0.15832381214546679,0
-0.057165269943193056,-0.015687223553646785,0
-0.1982816058847986,0.4556581449334564,0
-0.33552391676837107,0.4243578865167576,0
0.05423809227450371,-0.4125169451383997,0
-0.09932229241061857,-0.3602843163426929,0
-0.21263321993810338,-0.06384944448539212,0
-0.3003032467613075,0.2765523713666742,0
-0.33151884771659734,-0.24272547051597257,0
-0.16228081014006546,0.31445545796729024,0
-0.020762770982173707,0.10266088923000481,0
-0.005964632417161754,0.15244132751811176,0
-0.09051647929150418,0.46027355448032126,0
0.05682247140341242,-0.25411021496247294,0
-0.3143495066004361,-0.011208051918615878,0
-0.2049896202736594,0.16624272897588585,0
-0.28209770905350606,0.003353252743730225,0
-0.18691772146427862,0.6508262812478108,0
-0.12480379617698491,0.05183119449596401,0
-0.062155431478804854,-0.014144675357772604,0
-0.15434565740635883,0.14059012393513176,0
-0.1892625313694633,-0.28596645722126557,0
-0.13104755309086147,0.21938472569364223,0
-0.36777720892927135,0.316293954099616,0
-0.3105063948638775,-0.025206540918275813,0
-0.1775231492426403,-0.33380228637522624,0
-0.35860323632435165,0.11237783308924021,0
-0.2353823324071849,0.4087438545562345,0
0.07676308019537034,-0.4364894605336521,0
-0.01753320158551708,0.05010777699608106,0
-0.15011194218395027,0.28251350239016665,0
-0.13547077355708897,-0.0918689127469046,0
-0.06980340128970945,0.15741140459526257,0
0.03726981052963855,-0.3866825995549779,0
-0.11811232766755494,0.17785842132954233,0
-0.18671533034801854,-0.04400818722677884,0
-0.11970006322531462,-0.032979371052632885,0
-0.08785937268598423,0.2264147870375967,0
-0.34616525949622845,0.0022097535522445804,0
-0.16190625497684955,0.34354540734213423,0
-0.292536452224567,-0.12082868167312391,0
-0.3130926399306228,-0.21956600763809128,0
0.08685847061054476,-0.3943231784035257,0
-0.3102292863667837,0.16102425833750023,0
-0.0015555038369299723,0.1825358396431218,0
-0.0198745501249118,-0.0374525124277285,0
-0.11434441886772738,-0.1578129697896684,0
0.017395328949215992,-0.49315739673685105,0
-0.24047584869267488,0.43269650971747653,0
-0.29671984008606167,0.22201188189784518,0
-0.4414465573751004,0.20266947993464518,0
-0.38379988930969844,0.21599180239810267,0
-0.10701484521089577,0.036552049358622656,0
-0.051883422996331266,-0.3109567822600802,0
-0.2701810114712177,0.4291782647305414,0
0.010199671203453217,-0.2715695346430107,0
-0.17100120307748798,-0.09924699049083098,0
-0.2123397072871381,-0.09519110494378573,0
-0.13511931018097384,-0.14467932558987548,0
-0.13112435074215137,0.34319094617144896,0
-0.2694302828587636,-0.20318809129902451,0
-0.0029005086673820862,0.22167192574420494,0
-0.09076062594301056,-0.0047156057747082215,0
-0.3796188298847225,-0.15191729961476935,0
-0.0313098042636017,-0.07716996043048827,0
-0.32461471385999846,0.154430938733475,0
-0.20359966145414304,0.09996882767194859,0
-0.28569552428694467,0.02203410789402836,0
-0.06210750661085841,0.4189564014264481,0
-0.02692221060183491,-0.18601637339673432,0
-0.2766474656782499,0.35932423132390334,0
-0.1193293611955315,0.037885407780931094,0
-0.1898847478722362,-0.1242525692588934,0
-0.16332632551745832,0.3752554993702316,0
0.06282976733709315,-0.5274176294809525,0
-0.02900932629402401,0.10882122318188078,0
-0.04700598855123599,0.4527175558434668,0
-0.041667348205625385,-0.1266609755868949,0
-0.20997403043652518,-0.04123792859491675,0
-0.01909366034794969,-0.11359721287535254,0
-0.0038543042400790333,-0.21790961433417685,0
-0.4342613590278364,0.024247094422756067,0
-0.003274469228830209,-0.2792643958864351,0
-0.28647693031283783,0.11682340489929043,0
-0.2184353663832711,-0.023243179643951214,0
-0.287883885575387,0.3019404134683726,0
-0.16758840571678277,-0.10586374136681427,0
-0.12213268069859698,0.20616483677788508,0
-0.2548220754664683,-0.16832350223557102,0
-0.2861226898889503,-0.2534191578465736,0
0.010520790823961436,-0.2984372716068169,0
0.05321929516133872,-0.37053541851319505,0
-0.12740616512744518,0.3332323272213063,0
-0.3363776563030687,0.3169943053690829,0
-0.11835143568829218,-0.37259207824454565,0
-0.24286282997502034,0.10727252257344294,0
-0.054701660014431955,0.4364389721342193,0
-0.10271133259846224,0.1871629979225299,0
0.03433489988609547,-0.2874822534027218,0
-0.09127569444139455,0.1276808616904028,0
-0.04302205720557777,0.38034379873274105,0
0.0338616509900164,-0.179818246543429,0
-0.09066846785750257,0.26898777717073963,0
-0.06416687004469972,0.12342627534977701,0
-0.08381925859913661,0.488415987044465,0
0.05734531552940863,-0.08386673624485806,0
-0.26826627552506777,0.05140133615198872,0
-0.23629967985716444,-0.3103413880182308,0
-0.17944251537999836,0.1411080219192305,0
-0.12948140672889466,0.2555187766972423,0
-0.06719029032187517,0.29211147756204503,0
-0.06376702367430472,0.26456204588979,0
-0.04353666001938328,0.049758106058153846,0
-0.19828283810653094,0.36513406147393407,0
-0.3590379864223475,0.08182096166960288,0
0.04630738041443081,-0.30058449184992814,0
-0.2443365343679642,-0.22237330677614456,0
-0.10209392304174177,-0.11628191887371761,0
0.07559045411172878,-0.3365150399300879,0
-0.12868372753658527,-0.24253117552450834,0
-0.13609999312216417,-0.12379727754914041,0
-0.10712203257576403,-0.3101140819529264,0
-0.13475072013719752,0.3324606433638229,0
0.04379339505457074,-0.26800855342767316,0
-0.2893993123416556,0.17257435306226146,0
-0.1246506934337399,-0.19704096473944363,0
-0.09658130455349903,-0.3641233501620031,0
-0.10603676586873903,0.007721819930001474,0
-0.3003138898662246,0.36804513283569484,0
-0.2738717238222683,0.11371855834393668,0
-0.011989200866956548,0.08582369310489783,0
-0.12408855039379309,-0.39082078678679866,0
-0.045077022101919995,-0.3953770372691315,0
-0.17870069236190897,-0.05228475469401474,0
-0.03296587046588785,-0.39859441069012996,0
-0.23693701972983142,0.05100313381312234,0
-0.073592199757844,0.07948203906530579,0
-0.2750349655090896,-0.2879277864666229,0
-0.3133992416217242,-0.14271447346419816,0
0.028320373727543365,-0.010699141338777855,0
-0.4063316929215778,0.03910330194188035,0
0.04228570363849146,-0.16754659766931293,0
0.013265155361859878,-0.20553721156009402,0
-0.1649588206929734,0.011435108088912186,0
-0.16205627862894545,0.4344678327166762,0
-0.3162968816305837,0.3558469455119158,0
-0.42406925641265747,0.3142483870798379,0
-0.38979293204118637,0.03590889761252021,0
0.0008067690905716875,-0.08734727150478216,0
-0.1502945024850341,-0.2577789168836125,0
-0.04670270387400706,0.23427382645573533,0
-0.24973875904183598,-0.24228718873426236,0
-0.07904167473660156,-0.14365646007922567,0
-0.27321900119843295,0.4048000213178496,0
-0.31439116956714996,0.1282338826946832,0
-0.25880127783651724,0.16780263309725318,0
0.0727054190028707,-0.33239338542346175,0
-0.2247027029636123,-0.3694586072353286,0
-0.16333074737639594,-0.2716573826157313,0
-0.2300436963433632,-0.019714958131117233,0
-0.20688121490436331,0.012748905728056127,0
-0.126496886518337,0.16608332706788145,0
-0.08092949977491497,-0.2295378106440201,0
-0.3780260560304476,0.37589352959775113,0
-0.11818937716066813,0.19433067153352088,0
-0.06038697955830159,0.31391674856337176,0
0.019047321725032467,0.009880777962390598,0
-0.35368332730584395,0.17010980101252257,0
-0.08261529185307219,0.26116651830296655,0
-0.15754627664910126,0.11449348532892815,0
-0.08809988019702289,-0.31299136905581465,0
-0.13580405491656913,-0.04259454393688082,0
-0.2462988573496925,-0.28447011287088486,0
0.016517845854255496,-0.3592865953136891,0
-0.09231838118848462,-0.35291521684570304,0
-0.3425968561735179,0.13120240689399632,0
-0.1224178337394207,-0.3325348357081997,0
-0.07647776157128458,-0.353847936019642,0
0.09227813868890787,-0.4191519154046091,0
-0.34633709482753744,0.1281515364454452,0
-0.3861413590636501,0.23425735172422002,0
-0.06634368198224223,-0.06613097541448544,0
-0.0582830717395875,-0.37641974203820133,0
0.04499962243058623,-0.3375686287183551,0
-0.15888812664653032,-0.05880822272680186,0
-0.3162926460932716,0.3092208639970941,0
-0.10123824432960364,0.06504151524499441,0
-0.12378793579392737,-0.17817485469946992,0
-0.17500694458692578,-0.05086413095965518,0
-0.07639274716045545,0.13380335466063775,0
-0.14737052172522036,0.14828726594707908,0
-0.14466119018337592,0.39345934292790236,0
-0.22527809893545903,0.18446024394548646,0
-0.3742483757036661,-0.14336214765701627,0
-0.263702646196251,0.22302279265000793,0
-0.04814469258751432,-0.49912704056492224,0
-0.2291758634582536,0.37366323585742073,0
-0.10518655843300491,-0.06601538706148631,0
-0.0183047556463266,0.010061466370835707,0
-0.07256010469821834,-0.27738988195630376,0
-0.09806015760774299,-0.3324997500585601,0
-0.07099278660343841,-0.02603055499121901,0
-0.0028203665390543215,-0.09981487695418094,0
-0.25734153918504554,-0.1646519198421204,0
-0.20867226450059903,-0.014655343349699203,0
-0.13331675779055335,0.275909954240664,0
-0.3324761255373015,0.06504804820044024,0
-0.2321462827000882,0.22885333619374754,0
0.011041826279925004,0.034886205023697846,0
-0.21805655936950172,-0.08951578637008437,0
-0.053881507326676015,0.2549749375490913,0
-0.211414164791805,0.2247131730386148,0
-0.3046458552592742,-0.27844709819109537,0
-0.40174749361666634,0.10951717056786577,0
-0.36628832323366406,0.2617320791147196,0
-0.2776490004499281,-0.1802042096676551,0
-0.09539726956334482,-0.180189826499949,0
-0.12139175701233071,-0.2809230067816348,0
-0.018817439915650373,-0.2090106301618162,0
-0.03811062854301893,-0.4865533852743853,0
0.04288914295410089,-0.06102218526362178,0
-0.15420386012009146,0.18333344596006482,0
-0.1527408727698842,-0.3185836502694582,0
-0.45447459594507,0.1977518213390724,0
-0.2179430531922177,0.17991733506945018,0
-0.11089775594539607,-0.27904513365475225,0
-0.09804420497181375,-0.3247890743504829,0
-0.22060327567130666,0.14285569561676514,0
-0.27630129770998985,-0.19003190645204027,0
-0.03313708586374661,-0.36617295042886927,0
-0.2834888485887135,-0.24915156221908655,0
-0.32471435604626375,0.48268876240517966,0
-0.34734797755719077,-0.14116621351717054,0
-0.2226724155018033,0.284884500667759,0
-0.08203010557179147,-0.2956203029370809,0
-0.3033462144009701,0.38352578541961835,0
-0.04963756281920877,-0.4960504664427579,0
-0.287647491016864,0.28225951122460274,0
-0.10391060570309217,0.07196972822350602,0
-0.15793860372514987,0.23233661525974503,0
0.044935087698476546,-0.26773035583353066,0
-0.23489584129139846,0.09420756600400516,0
-0.20041379289859387,-0.20145018729339248,0
-0.26171761764970775,0.39031228167659077,0
-0.17978654423747054,0.04094604807093267,0
-0.14594698239756382,-0.35951909934364196,0
-0.006976182097865851,-0.37144497103206264,0
-0.15845867941681524,0.2590265476230384,0
-0.06796486254140817,0.08999634271420374,0
-0.03683008544400924,0.07816949832179201,0
-0.263671924700837,-0.042995204838416255,0
-0.36146623557825197,-0.032444735288346044,0
-0.2971200197879815,0.35026559249515665,0
0.05145162652011968,-0.21966731946115547,0
-0.3919127876150433,0.23358147050927425,0
-0.43941063274794967,0.15373774775593205,0
-0.26385049793384097,-0.29643191055385676,0
-0.2593241878038515,-0.1567028524170758,0
-0.09425485957585654,0.09784453312704296,0
-0.3400824632178765,-0.3523216478249,0
-0.1321050275440997,0.09140908191527555,0
-0.25741997546574014,-0.05561190446808436,0
-0.39283650637617173,0.22413970684107049,0
-0.02416391675666156,0.2789170609190099,0
0.016588638156712066,0.014743323366513347,0
-0.20053033062543452,-0.04620837866888379,0
-0.1744450494415318,-0.26302090553895907,0
-0.20596307961295227,0.09601458602324939,0
0.07340111421935355,-0.3401841663989217,0
-0.34175353016753723,-0.09638639165667093,0
-0.10821734359005575,0.3906988581436076,0
0.0445683710720982,-0.19997103146672088,0
0.035934443449828685,-0.052867029656189585,0
-0.02396171385536446,0.09954397130439917,0
-0.3987259878968912,0.028910422964141425,0
-0.386901523627027,0.16732574253611968,0
0.035393372489013024,-0.08953657387096871,0
0.0003495847919118944,-0.049135775629401426,0
-0.3536028328832171,0.047373375107503855,0
-0.0015471298505116034,0.19146087333756237,0
-0.12462144196624375,0.08813019443417883,0
-0.1833308737507232,0.005249680279142276,0
-0.12190971202678073,0.02571936082449036,0
-0.02163197441437542,0.16657932085170435,0
-0.09026093984845969,-0.06242698878357439,0
-0.26232366943157603,0.23343983029723045,0
-0.03803145743174627,0.0003384933762470753,0
-0.2320879052211023,0.3293754925155118,0
-0.048080174100201746,0.02595648456275249,0
-0.3186619776480747,-0.24512588499027313,0
-0.020607966816674,-0.26789694999684893,0
-0.17815375557105528,-0.15923887744199072,0
-0.046014975711473685,-0.20873932917184745,0
-0.11366516909623366,0.3862775604865928,0
-0.35018936250552707,0.1400480225946249,0
-0.3072179036979336,-0.12235102142139902,0
0.03737542822271292,-0.2518586619524496,0
-0.3913084078252114,-0.0626678669593712,0
-0.12384355996748815,-0.3096928553020623,0
-0.1580648926034897,0.19501458282455672,0
0.0013906804904347527,0.3081656013458867,0
-0.35994858358318016,0.3723810183772569,0
0.02140463708456884,-0.06020849706776385,0
-0.25236548224026956,-0.13261918857002228,0
-0.37631493814492833,0.18589486465017888,0
0.04100378751193198,-0.24211828143912761,0
0.05480393397034453,-0.19423214651697807,0
0.008420413877763013,0.11553438517742363,0
-0.2382677345307296,0.23094303247640333,0
-0.21259031579202756,-0.19676571386111522,0
-0.00392822519659666,-0.14534515512754154,0
-0.08117509271250134,0.283414189305881,0
-0.02627234019301434,0.21542784807570797,0
-0.04478377988543737,0.01539705649005447,0
-0.05689746195176976,-0.005751209293439268,0
-0.07432880333318345,0.29211351079634024,0
0.0892763769991512,-0.392981761748954,0
-0.1236338820659526,0.1083527177448406,0
-0.15650056347504843,0.10846422553301505,0
-0.02505181039248368,0.38890720433585746,0
-0.017756408637122183,-0.3291363037998063,0
-2.916955989635182e-05,0.23257117165491822,0
0.0957663376458884,-0.4658435039988576,0
-0.11072475889151973,0.0073671195883939855,0
-0.14305685236071364,-0.3237687708459802,0
-0.39224282452482756,0.27772358919004353,0
-0.09100999622702426,0.30220768764022665,0
-0.2771517267755563,-0.26670307606502164,0
-0.09588835955452442,-0.2758704303210074,0
-0.17554722534413705,-0.03082914807003913,0
-0.02878360954435968,0.43430159944060953,0
-0.1770221688383245,-0.3974255794723017,0
-0.2552221457913226,0.09285955724829018,0
0.056726509473772675,-0.383507085217815,0
0.012006002636908063,-0.31963158387484936,0
-0.06561190655328468,-0.3006254836050436,0
-0.02383733458930095,-0.15520705700692874,0
-0.12297396830605223,-0.14380516448782385,0
-0.3132944390583902,-0.02445888499652136,0
-0.3586367713602845,0.4388975591221485,0
-0.2704165352131869,0.0936691616004629,0
-0.09764062896516086,-0.1855267519685196,0
-0.2261890994395647,-0.26223960399704177,0
-0.3231358142411494,-0.04641644049424389,0
-0.07862218375743239,-0.1698657649488997,0
-0.058670600228678996,0.4478165443554507,0
-0.22020379354465186,0.024593820612206184,0
-0.1742227553918588,-0.0015407415723707105,0
-0.034595050705133246,-0.33201562136866297,0
-0.2027638111338953,0.16581476865852987,0
-0.08022442588620322,0.23556925534012424,0
-0.125167458112008,0.13037591335069176,0
-0.14996543777138274,0.28631396338016096,0
-0.06558628935636637,-0.04600820933591553,0
-0.014925399498336033,-0.11526339583716472,0
-0.2827716045400401,-0.25021584933717517,0
-0.06021042019074057,-0.43622305125695243,0
-0.20355106916679988,0.38341262695140893,0
-0.18476786571521586,0.2221330249364953,0
-0.17985956149651006,0.1700124139716543,0
-0.17294285360179293,0.21741603168586368,0
0.0867227485406142,-0.2810172848099685,0
-0.06336556889589784,0.3193502100347053,0
-0.19083032042817366,0.4279683170886052,0
-0.14032566964700938,-0.3120233880477349,0
-0.022745258021514708,-0.4193726787943486,0
-0.2865208436516739,0.23560837083814662,0
-0.41609134670124664,0.14782393420281228,0
-0.06554353955220996,0.010096331765744732,0
-0.1685396585167441,-0.01454304533826189,0
-0.03783760063806858,-0.48704299478533886,0
-0.04079826870503506,0.08601181290223131,0
-0.17192534536452939,0.461571162212253,0
-0.059610903076096074,0.07268655184715773,0
-0.3767629106150248,-0.03679897581757945,0
-0.03839413914106952,-0.013820467615719161,0
-0.33410769386914385,-0.005527977820503398,0
-0.0002469356767404309,-0.36679332975281054,0
-0.2575938716774805,-0.25850744572470447,0
-0.20480157503343094,0.2120881253479412,0
-0.0531025914723491,0.12508119692150965,0
-0.2961576361539148,-0.13317677676720055,0
-0.25318962302178827,0.07558699507983503,0
-0.37424310609069433,0.06370763527170167,0
-0.17007898042471034,0.2928399493439516,0
-0.13982636198858936,0.21584947851839076,0
-0.07126804082982698,-0.1970317156822593,0
-0.2797140000025095,-0.2897314130843203,0
-0.16789945669003936,-0.24294112786929573,0
-0.28334578024436147,0.1671521447289614,0
-0.15391554869698792,0.3176611007146074,0
-0.08343503306606154,0.29785898106098274,0
-0.24264263847808196,0.09265815999908251,0
-0.3314879558556218,-0.0027731026321416003,0
0.04001002650898146,-0.3356628032655944,0
0.08709422331344438,-0.347420750652049,0
-0.24588909034760031,0.5058835689461995,0
-0.020830603571934704,-0.17194003610707795,0
-0.11846618613531246,0.18000688051375463,0
-0.036551434483548105,0.2652008438520201,0
-0.2065614885579497,-0.04820627938754713,0
-0.3096796062859347,0.424433094299796,0
-0.21479441032487315,0.15227649201135435,0
-0.22003259811292436,-0.04321488111109291,0
-0.3452028083654417,0.1909894130355511,0
-0.14184593889553665,-0.08428342909113924,0
-0.31704966993726225,0.03398918667906604,0
-0.17577716827073442,-0.24746114555159238,0
-0.3839789411124132,0.27624753608327585,0
-0.2634070643942931,0.39184660952207445,0
-0.3907220392499516,-0.020343665845156775,0
-0.09890124441859831,0.20867874513433973,0
-0.15661864995792993,-0.1673446623200424,0
-0.30093748524924857,0.36069424030394037,0
-0.33794423668926105,-0.049513172363565804,0
0.017310724732120114,-0.4763987290793557,0
-0.330572525510076,0.36212845718969966,0
-0.3902765368578949,0.17190324655797393,0
0.010396065633819517,-0.2898081863374814,0
-0.1567326649176323,-0.021264460723046483,0
-0.23441906581017236,0.2829613071847529,0
-0.14384429946367305,0.25085307296168086,0
0.05577884264431806,-0.22128355289635274,0
-0.07745811154578155,-0.3122474607274828,0
-0.29595047176907735,0.12340566918172595,0
-0.24161244781908767,0.02011258907475059,0
-0.10719915129798728,-0.23414592017056304,0
-0.35629462593524364,0.27479914821998497,0
-0.2043012474434062,0.2526242746633902,0
-0.23564670175877486,-0.23022990314753267,0
-0.20325496901380571,0.27478057614234935,0
-0.06677239363792882,-0.22815184013663395,0
-0.3343791012569243,0.004047141739432558,0
0.05283540542479374,-0.4841477618850951,0
-0.19432734662226372,0.43455381946616245,0
-0.11297699278039681,-0.39744715098886374,0
-0.045988654076591064,0.24802047506196398,0
-0.04440685006751295,0.4280402965779029,0
0.0191866353461684,-0.19077272106698406,0
-0.3375990269823422,-0.01778590261475098,0
-0.09416624704600299,-0.2823607831266169,0
-0.2666572580569116,0.3465317238332919,0
-0.10500525151015583,0.36947921579892484,0
-0.4238451143812389,-0.05386465644621802,0
-0.0006724045289122468,-0.3212035532328699,0
-0.1798597205829646,0.09058869714417536,0
-0.08958529566212872,-0.25089672332478513,0
-0.2348004319069925,-0.3492155024110896,0
-0.19211873034178203,-0.318412705955853,0
-0.018586536393527302,-0.002847981481853654,0
-0.3297354873272189,-0.1623546031175076,0
-0.24482674901204549,-0.023719068903385026,0
0.024343926789572177,-0.14329019151343525,0
0.02434548196888033,-0.05511760754069368,0
-0.3410995516324319,-0.020330625610292467,0
-0.14837139462758536,0.0574108050768626,0
-0.10417265396598765,-0.12347367357387193,0
0.016832194399393378,-0.20729322933412253,0
-0.2281195389139208,-0.3688968085357905,0
-0.15133154043478336,-0.08806177406469606,0
-0.1781466733067406,0.3492525067459743,0
-0.3227642957886972,-0.06664723211239933,0
-0.27751673394923765,0.15918725235761128,0
-0.17073012122895262,0.438762832550911,0
-0.029834542777519804,0.3848661641387279,0
-0.0682373036041905,-0.07981099859880954,0
0.0042621019866048064,-0.39202042565359485,0
-0.09674900206035254,0.0011547328963923207,0
-0.2688919296177565,0.05093776942572755,0
-0.3126015629067048,0.3661602671405472,0
-0.2166091748072702,-0.142773996923754,0
-0.21722797820962458,0.40424138028477424,0
-0.18579461853279114,-0.29102344051405094,0
-0.27419806592154206,-0.2717840753200234,0
0.012471662573417521,-0.48810226595570433,0
-0.1669384327093343,0.18727747136139394,0
-0.0903474110526523,0.2966185460564721,0
0.028265253314623453,0.1761048234298474,0
-0.16699565213823533,-0.2507275893399491,0
-0.34866767510761526,0.2476952241132382,0
-0.14776670056405256,-0.328837959962884,0
-0.2707909560484998,0.30581979792293,0
-0.12462778115195243,0.40499516808165703,0
-0.24957283272663028,0.24581884315127353,0
-0.2391499578711549,-0.2113203502512647,0
-0.34219267651812785,-0.08072026661160767,0
-0.13225982697980174,0.12370426568737074,0
-0.02012910198305379,-0.12279770815377596,0
-0.3687995559902046,-0.1231551494928463,0
-0.2567344092993337,-0.04184581254647092,0
-0.035477715054911534,-0.006573196389832853,0
-0.027822768930189718,0.3548635142467166,0
-0.4458769319824934,0.20820442759477362,0
-0.2863126372382454,-0.021952503991519254,0
-0.059876907422264584,0.3222161330322806,0
-0.3988463884231384,0.01654762629859737,0
-0.22852045191589723,0.3387788128628625,0
-0.14611324617490332,-0.23565002023435683,0
-0.0533373701975424,0.35126535022177113,0
-0.04588642535862775,0.3627246857905945,0
0.0036456975969616882,-0.11170227590983467,0
-0.06108862584181968,0.24519416498551172,0
-0.28479033329900694,0.1385396090939529,0
-0.12204653553187289,0.16948277749911206,0
-0.32267686213591457,0.240072558743378,0
-0.09708349549019277,-0.21672862171457072,0
-0.2564280719725021,-0.16155393004125052,0
-0.23477949063215803,0.23344307345649015,0
0.031962431312273054,-0.14761190540702548,0
-0.22870846448603852,-0.17941379727239384,0
-0.03172483686794903,-0.02697999607524731,0
-0.24063272405868283,-0.06309010717806503,0
-0.11972480972787847,-0.3831062344870028,0
-0.004850366932337076,0.04289223060044606,0
-0.27986624609816374,0.10362963976992588,0
-0.08452437174519574,-0.022843779409107402,0
-0.03232777706502838,-0.29163128909793373,0
-0.06908530168722758,-0.17857085556007118,0
-0.29290304482556156,0.3828835059337674,0
-0.004089708203019577,0.04207861554444734,0
-0.2639337528106969,-0.1986821228287163,0
-0.2750593998647503,0.23870993046999225,0
0.08437152074532181,-0.47299521521195376,0
-0.1365137246297341,-0.2629455497209387,0
-0.04405008644694237,-0.2966554776722095,0
-0.3411993515716595,0.3730659706412813,0
-0.03198079734145947,-0.07019692994986479,0
-0.27792380670520456,-0.01695712452027046,0
-0.19706996832540083,-0.10937243033070349,0
-0.2557111883662405,-0.3065354810985801,0
-0.33520298472075216,0.12651080355399497,0
-0.08396172569054333,-0.01585886883029652,0
-0.3684282967008398,-0.14748611259505962,0
-0.029487599361769718,-0.20857589355092218,0
-0.14522035978375922,-0.22744455419914283,0
-0.2072477297152072,0.1471859794237857,0
-0.03572898076166717,-0.5502342406490317,0
-0.059712634713903055,0.4636358462130528,0
-0.26232714449688926,0.006092539486904259,0
-0.09657049027043649,-0.08486753328527967,0
-0.21879833553245603,0.39769887407091403,0
-0.03182131468388921,0.04287783884284756,0
-0.1448091241858005,-0.08244407111551098,0
-0.29796085845698145,-0.08657873966800923,0
-0.2746753165153725,0.335128137357891,0
-0.20860738181806532,0.19457444674228974,0
-0.1441519364428562,0.22506578183286813,0
-0.06792034305756971,-0.1161787298726065,0
-0.2083307942290978,0.1498756214341262,0
-0.102082697199948,-0.05626598155947955,0
-0.031874264300964225,-0.19350213124862875,0
-0.12217117296263262,-0.25184322170621054,0
-0.3362355580539818,0.27367549563179383,0
0.10510329727530093,-0.34624124143375123,0
-0.1105492992011118,0.29609526913984063,0
-0.022576521366369208,0.44647730293030113,0
-0.211512313488016,0.41270191658204264,0
-0.3367519768636738,0.2630319601854639,0
-0.004957013910620438,-0.3209132642811503,0
-0.29794626522851925,0.2512951760515763,0
0.004225634764125122,-0.16239478183889738,0
-0.011277161633586986,0.06833248132470555,0
-0.31268332024257794,0.42392977472316407,0
-0.053947746410618946,0.0549334682793161,0
-0.16757418985182204,0.4368870772804105,0
-0.3317247053300673,0.022853651002498355,0
-0.021915534773899736,-0.04330704756433139,0
-0.15067389585760438,-0.010537366748781933,0
-0.09308861336593657,0.19062726912074798,0
-0.03214074147356893,-0.22498939974816531,0
0.021179981497375572,-0.07075090441215647,0
-0.08215099392797173,0.20585675176703835,0
-0.15933311243452306,0.05886781394085945,0
-0.2467016405260893,0.3433862625060806,0
0.1036349884505579,-0.36622313934539763,0
-0.04905840202182209,-0.21270279845588327,0
-0.36756287124365017,0.1827786022503338,0
-0.27128864267304026,-0.14640474759789246,0
0.005459885820196726,-0.14451039062719426,0
-0.3431008173541197,-0.09430066193844512,0
-0.14613966416662286,0.40775936952731934,0
0.073663729132472,-0.32780815346180303,0
-0.08560816780687881,-0.41097620117886197,0
0.07637858911764508,-0.4361410777745868,0
-0.18081023455479095,-0.4642394075075469,0
0.0040230917931957325,-0.3817424334901508,0
0.032644683822450865,-0.19003585823014274,0
-0.3192467503316558,0.397224817058479,0
-0.30594330308347323,0.028904857687336135,0
-0.07627104305274567,0.22148406598953252,0
-0.14998235226149026,0.2384674667475765,0
-0.15939025975172416,-0.2870605028916343,0
-0.1919010320917199,-0.2662680784028862,0
-0.05136419485293919,-0.021260603162823036,0
-0.037820807327427375,-0.19933962892815507,0
-0.3497430165309368,0.32764746545541107,0
-0.19543787998556533,0.24419836983303375,0
-0.15060622351589906,-0.31418529411653157,0
-0.029536439377822278,0.047215405490010076,0
-0.40613648306282635,-0.03423678125678898,0
-0.2783141473162465,0.03459206190446043,0
-0.12907048669874327,0.25970489240442723,0
-0.07283754824517875,-0.2771616314666719,0
0.07349295333956951,-0.2097462155501805,0
-0.037902610591872485,-0.15387735479659653,0
-0.385111708565564,0.12995351066908048,0
0.03821990268489515,-0.12344396522913496,0
-0.04621351977068489,-0.40746775160645843,0
-0.16775996419567543,-0.1269073125724714,0
0.029205256836958935,0.008135682683104349,0
-0.23876523808774255,0.19501662886605908,0
-0.3088732533372248,-0.016898126722686285,0
-0.03181720759161004,0.11279304441855736,0
-0.09298333051503788,-0.09256383445335097,0
-0.10197678417306924,0.40321105303944066,0
-0.3783912712440501,0.2704960726094501,0
-0.18764879109416996,-0.2451176180587474,0
-0.28070137355376357,0.1052830333905648,0
-0.020127091702647093,0.059134934238131674,0
-0.0038321910862176116,-0.031738706112921594,0
-0.2643798536722056,0.06291355198795516,0
-0.24595208044847802,-0.21608350296436057,0
-0.05205180603474255,0.21937010709251503,0
-0.2895174872962339,-0.21394237490129805,0
-0.03892398773594964,0.25124693979467627,0
-0.21937434875697792,0.11298842842967875,0
-0.25727392786498654,-0.06874803588307882,0
-0.028707563015505044,-0.33606414251265265,0
-0.04610287442815592,0.23110345941386173,0
-0.3312407917710258,-0.07106733626980306,0
-0.05322358628047326,0.38772922028420054,0
-0.23799910637224003,0.37817773268366434,0
-0.25836390227967065,-0.21903073924341004,0
-0.08927980283313204,-0.17961975248076179,0
-0.14147902717882213,0.11631141970737632,0
-0.0020964986553695195,-0.10143843513089582,0
-0.36840258517824864,0.10186703218794241,0
-0.2524798294218763,0.19011565466139055,0
-0.3067951897524397,0.059199220087129176,0
-0.056419650462891116,0.1605425995096826,0
-0.12888215766413202,-0.2613939241918286,0
0.009475576144831166,0.08040762201943093,0
-0.27410383853472103,0.16115126058916793,0
-0.11229332649180758,-0.023905277256735524,0
0.038235462616945576,-0.22086158552563995,0
-0.072308874318547,0.19375194330897175,0
0.05813316743236671,-0.38987813417190315,0
-0.13927590364708636,0.034372455603118184,0
-0.0868201463853956,-0.12676111450104827,0
-0.08196763618686183,-0.4133403154332884,0
-0.25205514203583884,0.056843754742568114,0
-0.11638427728065953,0.2616046975143861,0
-0.09342314938693101,-0.20030685595677428,0
-0.046252996005669796,0.47539305344250843,0
-0.22617502065127834,0.04514524367519877,0
-0.1764919971384382,-0.4577842755780859,0
-0.38327484407996215,0.07841560830846339,0
-0.006575838555190825,-0.14483869785318887,0
-0.29815573314169896,-0.019941631985090417,0
-0.24945699144220407,0.24630130503803965,0
-0.4232050845773773,0.1570140670897988,0
-0.1840125925753394,-0.023042261694467086,0
-0.2392959816235784,0.34917263219945116,0
-0.3043004347186272,0.07823352099761953,0
-0.3087989864989954,0.07382196429163598,0
-0.17500334862667333,-0.2852317069092345,0
-0.2143730736236474,0.32783122972754825,0
-0.3446062406026771,-0.29580159783641,0
-0.2404437768038653,0.07856029070265094,0
-0.3268214835041199,-0.11874470918241789,0
-0.3073051760300727,-0.044443016663379624,0
-0.35106284513375335,0.1728447969214262,0
0.03743763358266189,-0.37296087532762323,0
-0.1791389864385645,0.24083937405368405,0
-0.14693193228550386,0.42361188547694456,0
-0.14013435683799905,-0.208404569939328,0
-0.27681164946271347,-0.09359625380031311,0
0.02841149385313792,-0.33580675726367476,0
-0.25015245956052207,0.03966830446373,0
-0.13869969524439685,0.4518982645443029,0
-0.020935969415036077,0.4480969292391369,0
-0.36776172605293994,0.06050716528800278,0
-0.19857484320215854,0.22065514568034114,0
-0.07470679324454486,-0.3686757908597306,0
-0.3972727047708252,0.3331929301916299,0
-0.2457269939537777,-0.3294769535597362,0
-0.28708642686519165,0.2409231057146878,0
-0.20726935233671132,0.33254790786965177,0
-0.28886225187748626,0.19011783475120744,0
-0.0026685971350762622,0.30849783205632525,0
-0.11060807093902594,0.08249829656814044,0
-0.3499728534529746,0.15173822538704887,0
-0.04912839404588181,-0.02140077326366078,0
-0.40070395881871634,-0.03198521472664209,0
-0.27193612716020654,0.5252247385698064,0
-0.021114630956633816,0.3355521976072108,0
-0.06789473286831123,0.29435097906341773,0
-0.08398582828712031,0.26708344101703,0
-0.25367688890038503,0.35510587701176066,0
-0.04465631135738783,0.16736236826086318,0
-0.2746109980278444,-0.03497953421776593,0
-0.10843004321326748,0.17317713870512044,0
-0.15713929170591448,0.14892566459650616,0
-0.007564068139327824,0.020894921084872845,0
-0.0780184706546453,-0.035621442287663285,0
-0.27046981934521275,0.14698555793569756,0
-0.21524048827810308,0.24002014781658576,0
0.004818993878075568,0.082545942890554,0
-0.12529147414338238,0.4407182171906119,0
-0.24278069216610548,0.0090400399899156,0
0.09832173616206105,-0.3862694695289086,0
-0.26671308550850453,0.09088270332797768,0
-0.28762954644395006,0.34455688575224747,0
-0.10610478655853553,-0.17404513054697598,0
-0.035140329562699336,0.3256056779344217,0
-0.26703926155579283,0.2660972949048231,0
-0.41582790406831094,0.3081254436205474,0
-0.08563862673872191,-0.3333691215944976,0
0.03370757306840265,-0.4545882391906772,0
0.016279700816723367,-0.05022231096088322,0
-0.16546678200033904,-0.094263923907836,0
-0.019747913088896903,-0.1130630908227424,0
-0.24157743389533037,-0.08996299239802068,0
0.01823461277110222,-0.03555441613705864,0
0.06557543265329784,-0.46678299250377053,0
-0.10912649067301945,-0.1953331969300915,0
-0.36947514145892985,0.3686998650351486,0
-0.05706333699950637,0.10069439137598082,0
-0.10261995045305251,-0.4498947576395104,0
-0.1284506229375372,0.09011372556806535,0
-0.22153291057920818,0.26379531531064865,0
0.0071007075145498024,-0.3166031320309465,0
0.007982635531343821,-0.09996492349732498,0
-0.28457014567061917,-0.050949511271877614,0
-0.11673637130637482,0.06399534632354145,0
-0.14154082020285536,0.3355764919312639,0
-0.11536272859987956,0.10534986591232215,0
-0.010767251714833545,0.05074557916810028,0
-0.274079451788288,-0.38250615321665343,0
-0.38968445562484977,0.16328390229900822,0
-0.31498529410611475,0.30960371295139616,0
-0.08184556950952526,0.06099663411212197,0
-0.03837336769503596,-0.5377804822659491,0
-0.27356138122554824,0.018229121931337168,0
-0.11636665452750919,0.10958498959667431,0
0.04969203653394264,-0.13514116210084048,0
-0.3391185196487997,-0.12835216084056822,0
-0.031394044778906505,0.17888240411512973,0
-0.0651415221782969,-0.42854812984733837,0
-0.22265763220418278,-0.0713051697197322,0
-0.18489538066038694,0.39945153280172113,0
-0.30172634824163086,0.08216489691734284,0
0.021133262364902195,-0.3720535323173968,0
-0.2487237898268208,0.09298832546115483,0
-0.3031874922202195,-0.05286213450717086,0
-0.26298902627154086,-0.09157597527398868,0
-0.1746342987194552,-0.17078564995506046,0
-0.14197890512529646,-0.3136272195721826,0
-0.31936317939745296,0.3033076809575615,0
-0.06641863991451018,-0.005289382532219908,0
-0.18379482387919138,-0.021477223856590604,0
-0.17721561799851002,0.30397308720196536,0
-0.08514480182892135,-0.14076688317809039,0
-0.026631270456943464,0.3371021583284884,0
-0.044449298043274355,0.039462546835323124,0
-0.39980362964848365,0.14846483814044403,0
-0.14688524181636323,0.29736470588446884,0
0.0076172478393343925,-0.2763674062265647,0
-0.24459359578141476,0.22201302908369658,0
-0.007432364681156908,0.21211255639253296,0
0.0006875646733756672,-0.3004850671855295,0
-0.14354726869338036,-0.3324517666005685,0
-0.1810302336671781,0.4314899936041045,0
-0.1391845333024193,0.19325536087383555,0
-0.1757960042544583,-0.1715461741020802,0
-0.04286743340581489,-0.2324548507878554,0
-0.07535533605347534,-0.5793312375550177,0
-0.2633387184323421,-0.03918088841726881,0
-0.2594029453247872,0.467075755855464,0
0.06125327008561803,-0.3154348104626333,0
-0.22292767043336506,0.29311491575235604,0
-0.40573736004209354,0.3322792254263205,0
0.0197479682421102,-0.13960925465889934,0
-0.05615270939232379,-0.08412356444385044,0
-0.09620075646539863,0.39638782785653437,0
-0.30600008731702494,0.2925932871775091,0
-0.35906646114597357,-0.06744677772966809,0
-0.3877542436146018,0.21014780056916751,0
-0.03133795638125422,-0.1517608980687012,0
0.0333017779502095,0.07908290411415872,0
-0.20181446758597293,-0.06799004258776234,0
-0.05238550270899042,0.025984793180075485,0
-0.2664205393010353,0.11912841196399002,0
-0.1848726779852896,0.14556736724909128,0
-0.17243831769528942,-0.1623373807378133,0
0.024541762700555327,-0.008295618421425508,0
0.018946444424628034,-0.07394041229010685,0
0.039347964494674315,-0.0656515126518622,0
-0.3301269558048369,0.25854360391725045,0
-0.12473903618916375,-0.35749476486229753,0
-0.18403875593782612,-0.0489251246152223,0
-0.26141210304162305,-0.18197637949125547,0
-0.04386529444459504,-0.3212164725788478,0
-0.03404476243185296,-0.37281022399952857,0
0.04485801200327109,-0.1356778322341054,0
-0.16956095252572131,-0.23407387937073773,0
-0.13981048980748725,0.027810687755774395,0
-0.20396334101785815,-0.1948307900221271,0
-0.1435361391130363,0.15750733026476801,0
-0.10626760158036938,-0.1696661443949049,0
-0.02887341693290253,0.3689491797439738,0
0.08106115178288228,-0.36667620523163447,0
-0.1584123411055661,0.2221535948768284,0
-0.35639430856905496,-0.12023812340384307,0
-0.1600803196797631,0.46207563606905466,0
-0.030704932564095445,0.30389547331780686,0
0.05363719883227154,-0.4653014261840898,0
-0.0628649424652234,-0.28555057451895544,0
-0.09584862252007491,0.23877141787235953,0
-0.08622197561908028,0.32884902793138454,0
-0.1646720103054543,-0.2611395388221865,0
0.11404123974724538,-0.47237682098699535,0
-0.03456395176576328,0.2930489119335865,0
-0.0231363255012736,-0.13204230264280495,0
-0.2695785171001245,0.18932381055694206,0
-0.2302725769963972,-0.20162124680675308,0
-0.05400369908073271,0.07153217021298802,0
-0.32146310754774227,0.3287724486672365,0
-0.10609625380057862,0.15292785657901398,0
-0.14697081378237767,-0.030462480024882912,0
0.03503408379240359,-0.24803925634730198,0
-0.1899518603975472,0.4504635928907482,0
-0.010078926581454997,-0.41065220923450685,0
-0.20301848219249866,-0.11986453686520594,0
-0.07033773242034168,-0.314331955745506,0
-0.0814119928937908,-0.3747746872606642,0
-0.42493247929054245,0.2989710926329937,0
-0.22894698021508794,0.3590704501576586,0
-0.295897288117604,-0.2356743809316231,0
-0.3965188666058739,0.27108018425720726,0
-0.14069322550528368,0.30398312137461964,0
-0.1964133267528425,0.033491162548973295,0
-0.08608376668341385,-0.3563438130115092,0
0.009079871904970612,-0.2526815399845039,0
-0.2946811420207044,-0.010630923819599286,0
-0.26516446856026776,0.2678065704266937,0
-0.2855920085512717,0.1410663908880808,0
-0.06748597037348379,-0.1520226515136034,0
-0.18281861980997696,0.3042264124038967,0
-0.05450231776576513,-0.011457614182819438,0
-0.24971416363073487,0.45983412873716456,0
0.008549909004332789,0.15290427811803117,0
-0.024077659878195386,0.21530495962109328,0
-0.10968291442055178,-0.14626913548656267,0
0.033526468397326425,-0.3588360652466606,0
-0.00636199607172624,0.3061234939895822,0
-0.12803216888704624,-0.25426139837452566,0
-0.0439727995139417,-0.12686487778267985,0
0.0670014000843208,-0.427768793893376,0
-0.07644535673320049,-0.3548182345092425,0
-0.14525781300018048,0.3597839381795746,0
-0.026383164879375035,-0.20224339620719764,0
-0.33843195203446963,-0.07175786525015837,0
-0.18066747190933502,0.33708372882712395,0
-0.06015622515562658,0.21858649891535414,0
-0.005119845374765219,-0.3682307126516992,0
-0.19820338371963447,-0.032505961711123604,0
-0.4150397744954998,0.13907666339036734,0
-0.3597391379913686,0.16559335834865793,0
-0.023388328009422667,-0.2818447615021107,0
-0.2839794247659618,0.18836734031084867,0
-0.2254511003515537,0.293808676764899,0
-0.1493842467342614,-0.06399572545976956,0
0.0238742712609599,-0.48895558845832965,0
0.013681701699915293,0.27854139907233,0
-0.4461463576881761,0.21580285971181554,0
-0.08219653125634879,0.02707416522148414,0
-0.11673631500636869,0.2573655721008651,0
0.0061286857102784,-0.12686492068901914,0
-0.2964558377444335,0.21484673916374683,0
-0.164260075037044,0.33159864646156506,0
-0.1716149269741972,0.20838999029945757,0
0.0006726404418055308,-0.38207456014311664,0
-0.1338880698169094,-0.38164014573258126,0
-0.05389021297556604,0.006879520532265216,0
-0.2596092659789187,0.08978529822309778,0
-0.11181104654345261,-0.27052158661836,0
-0.15308556604103163,0.2742701825058634,0
-0.36321447387263717,-0.12719508883704628,0
-0.26402509458581996,-0.14928591240812575,0
0.02308242597441788,-0.17967959306667988,0
-0.09616629580793057,0.2513647968890897,0
-0.19247989580004757,-0.1817156601606732,0
0.01328761628730492,-0.09208485278340336,0
-0.11018081087154294,-0.3240743530014391,0
-0.3272502842828989,0.28802577460867246,0
-0.09136781213011937,-0.08649080415718632,0
-0.31146066691479446,-0.282473587692865,0
-0.09032820789869618,0.19334248465742457,0
0.07539930633560153,-0.19998530340140705,0
-0.3462113091811176,0.35089484921187397,0
-0.2527036683334244,-0.17953399400318798,0
-0.08969103623639348,-0.07703439718018049,0
-0.003350761107087205,0.27032274047601834,0
-0.06377831288877808,0.3876537009961215,0
-0.06895594510208117,-0.20550637910254707,0
-0.25943832333539396,0.22399663019610128,0
-0.23802849281740407,0.0006543574192800119,0
-0.36353167349497356,0.397908680061187,0
-0.0681235224519346,-0.4215522631009868,0
-0.00964098539559229,-0.041644415301934114,0
-0.11812140749375095,-0.37149214779676687,0
-0.33895243845169704,0.29704557895782097,0
-0.3018401759227967,0.2521851410369965,0
-0.22038784368926706,-0.09302153526669754,0
0.04128164620573023,-0.08460675678131255,0
0.06544956282380221,-0.246807980511939,0
-0.12138616324863105,-0.3707919123757912,0
-0.08480418559444912,-0.27888782894962644,0
-0.3145089415770697,0.3203370759585567,0
-0.4336811859109758,0.16853209144183592,0
-0.012331622927266039,-0.36146983881283107,0
0.008090380862097391,-0.03392120822675583,0
-0.2379057855053261,-0.31657274538583485,0
-0.2019184556564518,-0.05005343314253555,0
-0.32544747460220874,0.3995776894086821,0
-0.41605089025881536,0.023619569991537782,0
0.020743150966121553,-0.2734455542158206,0
-0.16169562829252473,-0.12887932278891592,0
-0.11261229456221744,0.3273624369687322,0
-0.293482348494001,0.24917120011815397,0
-0.0020975503278303823,-0.3034028005373151,0
-0.17429840727079055,-0.45414942919806844,0
-0.0698304725740769,-0.20377857440251282,0
-0.22282200202255464,0.36642387804489823,0
-0.30575251919066176,-0.09115249764559119,0
0.013499026941346618,-0.286615552716331,0
-0.033388343781937585,-0.10933330803973736,0
-0.011171193262764133,-0.0764592792496423,0
-0.3849173903426175,0.03190617692218797,0
-0.12893223315310567,0.22406748248125186,0
-0.03789448494887822,0.1917484135981572,0
-0.04242545995447722,-0.21043958141065403,0
-0.16421923330321542,0.38304818956752723,0
-0.29558518002543693,0.36906724283668074,0
-0.06591188263333712,0.08771777436252598,0
-0.2298054244938639,-0.2291794645162719,0
-0.27072836169138054,-0.13246951022844758,0
-0.31860135423229846,-0.0749944098342857,0
-0.028021785039040126,-0.026530144955449222,0
-0.22674131364975755,0.34585058961103304,0
-0.13827193833740595,0.14902561434189346,0
-0.3118481471064644,0.3780330159185367,0
0.05421800660794836,-0.2116780457748637,0
-0.024459827097611457,-0.2049460554275678,0
-0.2874984732581076,0.2091361558499223,0
-0.33351680174127896,0.17981264287133925,0
-0.0388716075235694,0.1583652203035283,0
-0.19078468402637253,-0.33869092133763173,0
-0.0722656090793399,0.018752759784671596,0
-0.048506067943248306,-0.214817719246744,0
-0.026029991679199428,0.047182291978340944,0
0.0005815818535621377,-0.15916796357367408,0
-0.17514693648292864,-0.015611069787058257,0
-0.02782878656716282,0.18725844922876891,0
0.07257498827429804,-0.31629465560130665,0
-0.16717742027681318,-0.18029792835600084,0
0.07682878587763052,-0.22635784734746603,0
-0.0026003749015017213,-0.4016320608619626,0
-0.32925655592290687,0.21565684406064328,0
-0.2140000678597441,0.36187257574930765,0
-0.04730357449492421,-0.06945536260727941,0
-0.24852452472423345,0.15568073692475418,0
-0.3514979097382342,0.05743469701052869,0
-0.06909032267409784,0.23481078830000282,0
-0.1569560424911525,0.09695356453864909,0
-0.26395059322800013,0.09724259792295745,0
-0.04874617463601731,0.1255356084193624,0
-0.1984332418085913,-0.2014479156729434,0
-0.2617287845271997,-0.08120069112421142,0
-0.17707294293254808,0.01735897074905731,0
-0.24998320803231547,0.3318079270428359,0
-0.2372851045192932,-0.06195765775658305,0
-0.22831157002898164,0.27527444766820874,0
-0.12065954009777947,0.1608730493181046,0
-0.30072890509891737,0.0749242298512926,0
-0.14673966266101438,0.3146721876838155,0
-0.007119654960526235,0.09894713269831862,0
-0.03838512534564801,0.20364338180357566,0
0.06281534851876194,-0.30179774445742347,0
-0.2965448731781153,-0.30770847970624465,0
-0.07885201689425553,0.4936415234274857,0
-0.3239879901472552,-0.08348318702238011,0
0.02846588513415895,-0.1110588448383481,0
-0.3472524849968688,0.10960145746410191,0
-0.08502137103859683,0.030014643820137927,0
-0.07523778055425805,-0.2428002993786085,0
-0.3459507140313814,0.10316194423888407,0
-0.017944394216154385,0.3922108100445095,0
-0.3576835955051892,0.10718145400383564,0
-0.23187789317492097,0.21395614895137705,0
-0.3201192338491199,0.10349337305996678,0
-0.05779350718360478,0.2351899013151237,0
-0.2111312589896769,0.31226301843207854,0
-0.03429993501230665,-0.46864955566536276,0
-0.05542380667828226,0.32520307214028016,0
-0.29976910023681574,-0.17428111740699623,0
0.053026265381976655,-0.17382334030804175,0
-0.11749849166316498,-0.08898070660202656,0
-0.08883104232868178,-0.3558604771681147,0
-0.324998934061676,0.47896338474865857,0
0.003068083435509144,0.17179419850853803,0
-0.23277545102283353,0.2787251609085195,0
-0.026016559341343486,-0.05344149254636908,0
0.02775921379661211,-0.10688172474101784,0
-0.07267284650827445,-0.3424151746708977,0
-0.01522935957376593,0.10382292232934429,0
-0.2914909988050149,0.22563667442337537,0
-0.10054815040047416,-0.3665477402738028,0
-0.18205599959119678,-0.14390673454915126,0
0.046881189516249575,-0.22351865772129642,0
-0.31808709407263736,0.05289142203489112,0
-0.3197925159803115,0.04663341822713726,0
-0.06448879230482071,0.09765584004487712,0
-0.23544027180634466,-0.20903962895513944,0
-0.2142418936463873,0.25911362934369553,0
-0.13273058895563697,-0.44470763877501046,0
-0.11014768095658799,0.2817994172535221,0
-0.15960996023000282,0.02980364314955463,0
-0.056518012693751174,0.16463962981108388,0
-0.05270274409338853,-0.11372249330157477,0
-0.16519200726485284,-0.1465769259398511,0
0.06985371476252981,-0.3653140813860428,0
-0.17742642703260805,-0.24457817259309708,0
-0.3479226107941722,0.2166573592034931,0
-0.15186071996839834,0.26110597005471003,0
0.05961684951771592,-0.3341354455594396,0
-0.17578847680914467,0.017549447756644583,0
-0.31490687502195946,0.3584378968920001,0
0.0709298391430041,-0.2822619463769709,0
0.04346673671381528,-0.11470139567204461,0
-0.12761598887595207,0.44105903461724394,0
-0.09870058406265848,-0.23306450023124398,0
-0.3368901658525758,-0.08689583653514354,0
-0.3113797140574845,-0.09660382999516215,0
-0.2073191472632935,-0.3143271141345678,0
-0.17563626024550538,0.008863344286324647,0
-0.10435647488762143,0.030755528016223756,0
-0.2468708457337911,-0.09598927238439968,0
-0.03931367333217121,0.2621574338918711,0
-0.2892546258050806,0.30255270884985,0
-0.10670103856185124,-0.283837404784248,0
-0.10887618476235263,0.2487115870528794,0
-0.3152245954525689,0.004085334829445089,0
-0.3354726709725988,0.20314267454627868,0
-0.42193665460414753,0.22809630527750413,0
-0.23226975546891018,-0.07647442109140912,0
-0.03468377942600225,-0.2619086794788438,0
-0.03735869538907437,0.057965977171552725,0
-0.1768004140808889,0.32200127874631423,0
-0.1736466334547656,0.2202689869690241,0
-0.4166895462310794,0.29392519733803224,0
-0.25341957631818324,-0.33169092464396177,0
-0.09980534891594418,0.1583203206051906,0
-0.13440459518660158,0.11211923627018701,0
-0.3317031937248401,0.38431078931309,0
-0.13541323298971294,0.047740867265823266,0
0.02366924791071899,-0.36243147140536885,0
-0.35040823869402526,0.07388218974368328,0
-0.34659329410120737,-0.1234431103923851,0
-0.3109744821646121,0.27938641880451487,0
-0.21543119911039205,0.31566406484552934,0
0.05725261736499222,-0.1971486546085442,0
-0.14304335621035946,0.38685771617935816,0
-0.11126691054490771,0.05351212666860779,0
-0.14528393828724942,0.1673634047684916,0
-0.27511392496721243,0.45577706143809804,0
-0.11818622618587103,-0.0219247616827324,0
0.015457651833627344,-0.423031060525066,0
-0.29665253939120717,0.3833124181193292,0
-0.00717757910889288,-0.2667035827454107,0
-0.02534537057191427,-0.03266390271259393,0
-0.05707867455399135,-0.18818905364588043,0
-0.14195429747027483,0.3597060254888248,0
-0.3236528021947771,-0.32223497047360283,0
-0.06510226830235726,0.46940638148161556,0
-0.12195321293866813,-0.3533618221414791,0
-0.16675270701384376,-0.128942151896906,0
-0.12757305853762893,0.14087649326333793,0
-0.13567744099922804,0.4801837869580874,0
-0.14150710183105378,-0.08743424751079147,0
-0.15645691663956335,0.36690351698224855,0
-0.08528515631745089,-0.08812398279476887,0
-0.038144638135410656,-0.23396849203077386,0
-0.39067539431536724,0.19921955874035335,0
-0.2423648045838085,0.22759899555551508,0
-0.18706453818920096,0.23954746789872053,0
-0.11009240359998244,0.2407630621978912,0
-0.015633580823981166,0.34260169870531976,0
-0.16670369149020406,0.21593548583102048,0
-0.3520571581262037,-0.1303546496258137,0
-0.28039323690599033,0.16915456542493196,0
-0.013427985637651471,-0.23943232796793812,0
-0.15336826248171798,-0.2742776773670112,0
-0.23794768776342795,-0.2236215775591294,0
-0.40588022616573777,-0.038297277760663606,0
-0.1977799871686579,0.1573362737009632,0
-0.12284439643659936,-0.3750940492788873,0
-0.39356203558652003,0.25490256529247235,0
0.04147554532344111,0.03190763547435214,0
-0.0388633057200852,0.03978038052985539,0
-0.05538636364139537,-0.20987585104216266,0
-0.3681509414071545,-0.029407577439639537,0
-0.1616347315894367,-0.2583682281776706,0
-0.22701098364616032,-0.37332789550000983,0
-0.24493235881438052,0.0946894164339234,0
-0.15118513969237282,-0.32434914346568755,0
-0.2541063721986511,0.28933675926961494,0
0.019219395810211537,-0.36212922775088446,0
-0.16004783902624453,0.2794603918179649,0
-0.2534031977066096,-0.3034534616989191,0
-0.29928806451129214,0.09411099470735555,0
0.09846757863008995,-0.4255326387976545,0
-0.00729971019019676,0.32501662746640786,0
-0.24757669525097376,0.02859796293479121,0
-0.13664002488282137,-0.34559194190006687,0
-0.08574299946830917,0.4073724579403912,0
-0.379689274973501,0.19716746124305426,0
-0.06044168033959352,0.37273248032319944,0
-0.1917494523353531,0.15010723388132957,0
-0.3037413660063543,0.10031817166282292,0
-0.3597674765734106,-0.09672932059937095,0
-0.375767047830744,0.21295596773317416,0
-0.26198034345838744,0.29372084578028873,0
-0.21862902346316687,0.28220450989908225,0
-0.15301130023800746,-0.386992519965984,0
-0.04627112014564594,-0.41075349629640284,0
-0.303308450301826,0.2358502569889979,0
-0.4552507159596537,0.26538790304069687,0
-0.11834030608744196,0.4016135728395062,0
0.04231648997393579,-0.41751685824279705,0
-0.29208172603680255,-0.1673335402805547,0
-0.26658384284633063,-0.21936458036081305,0
-0.313422643471167,0.17293259622912943,0
-0.3676401795635977,-0.11389468560747254,0
-0.13741292346984366,0.3925539216141648,0
-0.10402006667748123,-0.14514283790115076,0
-0.037175034268059494,-0.06043204497754675,0
-0.19225012379975207,0.14652846491108018,0
-0.31686307961084287,-0.18137834918772833,0
-0.306356922186957,-0.12209784181861634,0
-0.14455322032467402,0.052047003111852064,0
-0.20609591515140083,0.2676177849826249,0
-0.298329969667408,0.44320197639283515,0
0.014695186120801753,-0.38129590139429875,0
-0.2799651634023554,0.18277257830555263,0
-0.3866339715296587,0.1700089700869196,0
-0.1143684951144544,-0.15075469795845947,0
-0.018123573509722185,0.21762566849287335,0
-0.2778029884604193,0.10800137400117245,0
-0.21260732341317334,-0.17058004418368145,0
-0.21128639821362358,-0.07603101412949591,0
-0.373596522071722,-0.12596576477195603,0
-0.32823253776940703,0.48964163747966866,0
-0.010924200210531865,0.04535920169443934,0
-0.0014011988775516823,0.033953901383879506,0
-0.072416758559784,-0.102973001288422,0
-0.31127138434045515,0.3022982200394346,0
-0.12946832975191944,0.2976298957869771,0
0.01669821450161046,-0.21487676525361538,0
-0.10677790625865172,-0.14312878405270973,0
-0.021082193286397505,-0.2598299294107929,0
-0.2037021049107408,0.19726413691211758,0
-0.03455995010644841,-0.5385091571953026,0
-0.18087015685277724,0.19912678246464457,0
0.027371324038554284,-0.12176017995219067,0
-0.018195641016665067,0.28714283953263525,0
0.0405895264852596,-0.36133506792602066,0
-0.02707833544718972,0.14650988294888534,0
-0.018984838641438982,-0.25769781826755,0
-0.2225335096457515,0.15101545921760015,0
0.06676215043599326,-0.23816912819509334,0
-0.3948901032636068,0.04227784559438293,0
-0.011983869010816965,0.3908062447115874,0
-0.33659003918780583,0.2707696972907598,0
-0.11822553972535822,-0.14859791436536876,0
-0.348910307531774,0.2639170834266827,0
-0.1564775456282278,0.1988450895644016,0
-0.013022015187692151,-0.029137348294604133,0
-0.39124275110213,0.22047350289341114,0
-0.060954362005694054,0.3272056961909338,0
-0.19912558662068897,-0.10192234259836452,0
0.0076192053617170075,-0.15669887439305477,0
-0.12651550685482707,-0.18934429255366636,0
-0.13818554155754206,-0.3929570575886519,0
-0.11951657807352326,0.33747630873436785,0
-0.20110459981707404,0.06619577270543256,0
-0.1948594069375261,0.22596375045095957,0
-0.3501916602469692,-0.3482582000826249,0
-0.36215117093523,-0.024297566981808814,0
-0.19355669647098175,0.36047112142516774,0
-0.20188097667171415,-0.15179007726284,0
-0.03890701832871437,0.4217524024881115,0
-0.3595897987253876,0.19324678630422795,0
-0.06936431973105642,-0.1776772424689436,0
-0.01829674164980771,-0.001183560973976407,0
-0.2261030839888111,-0.2190449196138708,0
-0.1676778814539973,-0.05272262979290944,0
-0.2574718705735385,-0.29559837887179785,0
-0.2822747633952378,-0.04486780901721037,0
-0.3328608340353004,0.3947083791126554,0
-0.28058978353493563,0.3858042369209057,0
-0.2622811751673164,-0.2322200833694897,0
-0.2792948349378763,0.42296764591518904,0
-0.14135963349760985,0.10686094228224431,0
-0.30918135657691115,0.4505684230645978,0
-0.11074360145454877,0.180461183365606,0
-0.2458828741211739,-0.07675292060063313,0
-0.12347794069814638,0.2929268780995496,0
-0.1531123511196528,0.032872377014611605,0
-0.03069718341631784,-0.5259058668649598,0
-0.06139168217213345,0.38659727329085747,0
-0.15544652431143047,0.3896811061057304,0
-0.09898675415297598,0.1972712888022249,0
0.03203868702474466,-0.27496370857457947,0
-0.17696154154891672,0.08727923074630566,0
-0.12787768497464924,-0.11354790484931683,0
-0.31974986939587463,0.43321835314740864,0
-0.21631030039553503,-0.19398197819928878,0
-0.22678071732605457,0.38225991557874267,0
-0.12382946819877592,-0.16902875575288567,0
-0.13718278378269905,0.31076254999318764,0
-0.10079244925270124,-0.3051239127088964,0
-0.15793477049776153,0.16924319539684635,0
-0.33579708623233967,0.2778276845726429,0
-0.2343841710170317,0.14497612546030592,0
-0.2808821533642203,0.5365376355158803,0
-0.26287627050034096,0.29259625421806096,0
-0.12489767974880286,-0.07891852778745823,0
-0.15946338442191613,0.17598836994887423,0
-0.2595481114404736,0.12467431359726418,0
-0.2900893826164654,-0.2620798198983564,0
-0.2301183391872225,0.3294033290867846,0
-0.2302920285020991,0.09387503989497238,0
-0.32197674641355417,0.27276266990399073,0
-0.1360208917191931,0.019754891980575465,0
-0.14948119549895347,0.1418445751808756,0
-0.01508466141155509,0.41219099905838336,0
-0.09640452970790665,0.38522998503796424,0
0.06304141993953048,-0.29931613558265757,0
-0.31623446721671405,0.39984996744178924,0
-0.11533935650005094,-0.23879557838880613,0
0.017468703863904877,-0.3652110682670967,0
-0.19812784694445473,0.03417306226576449,0
-0.01654982868195489,0.16373085747596416,0
0.06795653943080496,-0.23227685280807248,0
0.0615593477941775,-0.4603053775357392,0
-0.04198284611799171,0.3433126179438933,0
0.06811218962730906,-0.4196536445063583,0
-0.17060011564811361,-0.38850837866059057,0
-0.27710168486148845,0.3135595958568987,0
-0.04735674049566003,0.40551947803326854,0
0.011667705931874042,-0.17496161260385656,0
-0.23330079544092497,0.3813677998800832,0
-0.13362012286128414,-0.0784719457538904,0
-0.31436820894771456,0.3937334452256711,0
-0.07616635425519362,-0.15866154778033542,0
-0.19612961291972372,0.2318681887460378,0
-0.19172185137061046,0.35943071009125505,0
-0.020024480642179706,0.3906178852072106,0
-0.287665015008154,0.27930070774598925,0
-0.169460133984246,-0.027737322261282674,0
-0.06825877269822982,0.38183288795502585,0
-0.055258984020986904,-0.25567388124437457,0
-0.005612666921876297,-0.08445362716599555,0
-0.3597655393832134,0.17350665517371047,0
0.0343021089104597,-0.4742599346451114,0
-0.05232875061696579,-0.12626744079601443,0
-0.35293331923006377,-0.13874190192341648,0
-0.40120034386793346,0.28027751407994816,0
-0.26461079898362444,-0.17536671475824972,0
-0.378510577695605,-0.04537979424636636,0
0.015509640147071277,-0.4722605011806538,0
-0.05231504292928863,0.02096860003097091,0
-0.19357343021845327,-0.14454109576193405,0
-0.3902787468989421,0.14154673824118977,0
-0.273837839009174,0.4139205835603138,0
-0.21700032875141387,0.3276366428682076,0
-0.23567802070789162,-0.31588237990561935,0
-0.16089386506032355,-0.2004574685671982,0
-0.3617358726794698,0.11455966706876385,0
-0.0557652587530699,-0.16418898099386023,0
-0.3222933015867156,0.48507125045023686,0
-0.26615143416794745,0.421447423482053,0
-0.2717944064531328,-0.004208006421419764,0
-0.08052656292639092,-0.09828010918164588,0
-0.0747515704000651,-0.3921234462882349,0
-0.07660040919418358,-0.2121671200290879,0
-0.03353426316379599,0.2114592006187464,0
-0.12313944380699726,-0.26230277746374414,0
0.003635274946520184,0.013003435220852058,0
-0.15447326839017472,-0.27572983463544726,0
-0.0009457183481863751,0.28580134617174907,0
-0.28712451291725655,0.43659965510222365,0
-0.1809458829398893,0.4015187382429269,0
-0.04331748494009732,-0.4840990610128151,0
-0.14485693361091379,0.3694555503149025,0
0.02925794747277095,-0.3823956269989419,0
-0.2599270277564957,-0.18623726992738585,0
-0.08046373676977743,0.308317140281584,0
0.05045238414560923,-0.31187283929230225,0
-0.41190187935134154,0.31100614973961216,0
-0.14591457101647945,0.3098102226786396,0
-0.29765986154608104,-0.05593826597213281,0
-0.2787685781880334,0.1851259019245804,0
-0.2724225273269837,0.18348790602029544,0
-0.0405404338674583,0.2686879273372716,0
-0.28748054330116196,-0.0913918731640122,0
-0.16164863190571624,0.44434093509882977,0
-0.09322459493881863,0.22768335549397503,0
-0.0258406595008506,-0.03482477995552053,0
-0.4387225526044142,0.009425159765821598,0
-0.10169415582739358,-0.161882273931664,0
-0.481591316154797,0.2475537106588484,0
-0.05007659296579458,-0.11388138627314172,0
-0.022234442714399654,-0.21584780028400283,0
-0.23291761392247565,0.09566370716312517,0
-0.1103714770525062,0.21167300486970242,0
-0.2084532866213754,-0.04169651517402623,0
-0.168644437456647,-0.05512253906144607,0
-0.1733486089733464,0.3633480289624302,0
-0.32079312945484617,-0.05108304542119281,0
-0.2581598381104429,0.30691638893191564,0
-0.1302689267208916,-0.05511327175654778,0
-0.07102413964804545,-0.3823013123872866,0
-0.4009671189979829,-0.02536512068299496,0
-0.1448747621986574,-0.22169789041850327,0
-0.4040902113112032,0.16462638163257104,0
0.012183426673279842,-0.37276810182493014,0
-0.15440557822154963,-0.2729715182907464,0
-0.2535203716009352,-0.360066109752674,0
0.0735557206518291,-0.20291594089765053,0
-0.23127676309997583,-0.12705039204019566,0
-0.37811775999028907,-0.013163737657614069,0
-0.09082786662422515,-0.37255743746780307,0
-0.18891864754628312,-0.2967253078382894,0
-0.38263722600355315,0.07418738153550533,0
-0.06261357534665908,0.3718767534972571,0
-0.13504810431154896,0.49548823633368244,0
-0.2973271349277306,0.22840341265073538,0
-0.3944782038891785,0.39876307599872646,0
-0.06615796602744826,0.25632212243990415,0
-0.09309615882243898,0.3448297462375205,0
0.004194356843071035,-0.458936835931616,0
-0.33329336331706383,0.364011317787916,0
-0.170284023513537,-0.10527887054851913,0
-0.24518712473961293,0.12549818837415663,0
-0.3437570871724148,0.28439631100218504,0
-0.27683422226562404,-0.16249614770586313,0
-0.05617802775238871,-0.43910508981340124,0
0.041978211714964936,-0.25073996163315276,0
0.07009240900958388,-0.4387472577974921,0
-0.28934169399637655,-0.07172769206970543,0
-0.07370439912379519,-0.1451837476690456,0
-0.0076099594286447875,0.3111417985538237,0
0.07652047870630696,-0.2944312981064957,0
-0.08656412370740095,-0.2079961092501357,0
-0.20084840948656232,0.2184460116744868,0
-0.1247580268777213,0.1332364224803984,0
-0.14845390113146462,-0.08187379708679061,0
-0.19915246780942586,0.454436351310109,0
-0.007723706202682174,-0.2663105676331971,0
-0.07189278541426895,0.1903157786853765,0
-0.32277814381549863,0.3767534358420149,0
-0.33013611301815193,0.1467552122491214,0
-0.035380318399523956,-0.2874396366399013,0
-0.34061059588188736,0.19434550198459133,0
-0.029330490124705986,-0.027891738602024697,0
-0.30052059131894165,-0.262382553419434,0
-0.028747236756117595,0.4326922250355218,0
-0.026724345820381603,-0.2164442804641755,0
-0.2038225685204457,0.18363599007681733,0
-0.05429159155575373,-0.16162689582814282,0
-0.36801773364425805,0.2674042734296899,0
-0.13958040512693526,0.3165915165283682,0
0.0461605599915443,-0.23903244064334547,0
-0.18585515313347223,-0.25278719901786295,0
0.042124994524552054,-0.45392823795666787,0
-0.3275759052975544,-0.14016824705105735,0
-0.18667432312456103,0.03434667360894621,0
-0.06381732398295331,0.2664503187790371,0
-0.3217778400753171,0.1765223096545061,0
-0.005307010986235688,-0.1270415151799764,0
-0.40164582062672444,0.13290621727632015,0
-0.011110113072747448,0.01171262924217588,0
-0.1323805629985553,0.28781631383751183,0
-0.04826586736312503,0.050622584972738756,0
-0.3576418819076828,0.22872847176614258,0
-0.40598470873558157,0.3472297193894584,0
-0.26333375663767483,0.32591184800724543,0
-0.23767616238697792,-0.010481336515325486,0
-0.026899006231963084,0.12027512840254531,0
-0.274751004094792,0.35958327655588956,0
0.015168147690714104,-0.007895384939699733,0
-0.0602812001827381,0.29854676820874754,0
-0.16135669385398047,0.460547969487607,0
-0.16329258552458004,0.32846264211582243,0
-0.10325125287397907,0.04720387342920814,0
-0.18215356575211955,-0.404665990749524,0
-0.20621770778298107,0.22612749858099648,0
-0.04389962568159516,0.1850930531589419,0
-0.05859326155509105,0.2230863210855705,0
-0.06645278255849354,0.13092523502391737,0
0.0072274077267721285,-0.17400611609122088,0
-0.06939204409654261,0.1579707836574075,0
-0.20483638758289535,-0.13090560138444288,0
-0.008176426325795612,-0.34863274360480057,0
-0.07921558299288338,-0.3971267407533895,0
-0.21313457044963632,-0.05297386293008793,0
-0.26428419611684417,-0.1833948711901365,0
-0.2218949106466496,-0.3644846099565618,0
-0.23220236328562638,-0.24773855548879092,0
-0.32305896025130754,0.17361892449984237,0
-0.2431660261986777,0.3203458365156461,0
-0.24521196002586848,0.3383675148555559,0
-0.0015645597745516072,-0.3209290417796743,0
0.018625306236940784,-0.03844377085711956,0
-0.12290485415794511,0.1814701436828603,0
-0.06949437355856734,0.14359512559352963,0
-0.23836804895070618,0.18614154322081647,0
-0.12963906088895,-0.26257639860887605,0
-0.301307778796783,-0.08954987261377195,0
-0.1190613116627493,-0.32955259367928313,0
-0.38864744497142845,0.16490036721717197,0
0.009386715471651083,0.026578953557202207,0
-0.2056196906483661,0.3348327652986254,0
0.07954109731045977,-0.4348584457475037,0
-0.39279321622896024,-0.008352854711513613,0
-0.09778448168938618,-0.04331463008433394,0
-0.09229827249807515,0.07614473930343042,0
-0.14616406716500602,0.19838013992322023,0
0.03886043194056786,-0.3977007047954224,0
-0.005295569926670193,0.020773301358170484,0
-0.3233786501131418,-0.1465597673679197,0
-0.23676346910394713,0.42802594782169834,0
-0.07894325482511846,0.19344232809314846,0
-0.09780144993156016,-0.2597059494104997,0
-0.08736700032764375,0.3727426900801754,0
-0.03597178681624119,0.35809271878545107,0
-0.24999529583788543,-0.27119716672105587,0
-0.12705247433436254,0.16661698532245234,0
-0.026793833714592503,0.2025187044542781,0
-0.29077287174014627,-0.05356122659259678,0
-0.056033397664371466,0.2702964534105931,0
-0.028204719024582558,0.4241198805061418,0
-0.1247902939455977,0.48645139960740286,0
-0.33902355353544966,0.37821034119665187,0
-0.28235544939624274,0.2977302336505255,0
0.03928820120825449,-0.15692033248719098,0
-0.2502911793700689,0.17205691042171495,0
-0.18429964161635257,0.3824625326646512,0
-0.1433527836179135,0.4666538430739498,0
-0.19680006415906948,0.0217102682668037,0
0.03312273406125479,-0.28942838654489533,0
-0.3609599584450688,0.1356840173559085,0
-0.11201227591542035,0.39008131762478204,0
-0.01933928078507766,0.23502929659209384,0
-0.3283642303832706,0.006903101982816105,0
-0.2212723878842989,0.2745728883188891,0
-0.07340289938154682,-0.4504291183244021,0
-0.19878200415789524,-0.21968608625636019,0
-0.2614725058316263,0.13177175517057238,0
-0.13503868682252523,-0.40362952777746947,0
-0.007801616780984842,0.15832564031572785,0
-0.34161320821711877,0.3189255697781886,0
-0.1709105010466611,-0.3910254567416953,0
0.11557411157038493,-0.4141030248006877,0
-0.3714888712981474,0.162941644594336,0
-0.30440927608556606,-0.0798070265780885,0
-0.09377410139102907,0.2897822605051747,0
-0.21503550495574042,-0.10731933192174904,0
-0.17398897114073902,-0.15255755797170112,0
-0.003432714988363017,-0.17354896917764934,0
-0.13988398241932185,-0.051686061607139865,0
-0.24026824212966388,-0.16250784565020635,0
-0.2038138185939262,-0.04595559401354278,0
-0.05999038024667749,-0.2721985147430569,0
-0.3056675618143572,0.27852583905161205,0
-0.031985105012130886,0.017357266383978758,0
-0.03058466568215071,0.08071019714216797,0
-0.18778893488553386,-0.024305646420153895,0
-0.37556060357454685,0.3102454382952345,0
-0.21150324071555276,0.1493630349164901,0
-0.17454314558888331,-0.41115426102110175,0
-0.06692363749226281,0.3496344560305986,0
-0.03603281690243319,-0.10288977204929109,0
-0.34190325855224574,-0.13468024763158012,0
-0.14012564478502604,0.028888071218917073,0
-0.034039077940598315,0.4246149427631506,0
-0.21950375317971438,0.42308487771309755,0
-0.10972155177688074,0.19939147759851863,0
-0.19434500092100968,0.35385844364351754,0
-0.15283631641763953,0.3611635431614467,0
-0.3631808687450459,0.2934285804979363,0
-0.2821603840742319,0.2758233954731819,0
-0.33923948661488845,-0.28215301017914163,0
-0.26296179852098533,-0.11382877330423885,0
-0.05625394367250617,0.44327694795847533,0
-0.2936665762580162,-0.10586406386876146,0
-0.14502036817051822,0.3177558442264233,0
-0.37396078214201434,0.0647895919263369,0
-0.10132743521586707,0.42551710074160165,0
-0.05694421839312694,0.3657049958672773,0
-0.15141941081802313,0.32174164692339247,0
-0.3517402108158254,0.06340272845293864,0
-0.22233422770042596,0.030215524134836007,0
-0.06739200798960465,0.12948670276755844,0
-0.09685301718094622,-0.09454778232574641,0
-0.23556960822163495,-0.18369365269474966,0
0.0016375270617313984,-0.18894567984563465,0
-0.13631047135112087,-0.06400870128514977,0
-0.16418301453137393,-0.032318256500495864,0
0.005538834537465119,0.011771025498774897,0
-0.36890128169940956,0.2297214250793178,0
-0.32555725060659674,0.01829077286241081,0
-0.19499865572078895,0.46461313889381534,0
0.04053341413073578,-0.4239701435776138,0
-0.3019590036816981,0.11065043257977286,0
-0.25617144703402484,-0.21698109170088173,0
0.06222646636552785,-0.4076269346917496,0
-0.3348217433444309,0.005505674152901568,0
0.08250228078375028,-0.3065569266934711,0
-0.29231403130493394,0.027132132737774792,0
-0.19761637353503114,0.32647369537137827,0
-0.23220190291138942,0.4380854111425071,0
-0.37627875108717673,0.31802413535822244,0
-0.04380450590087303,-0.39214539763125617,0
-0.03746990430725887,0.021823548827261507,0
-0.14841072359181576,0.16161284022852598,0
-0.1269668550241975,0.04984854125945659,0
-0.26869310103672106,0.20640029460383283,0
-0.02290176787374583,-0.31057695979934424,0
-0.08150177878298968,-0.5793399626301753,0
-0.2212040359246395,0.37458671390731113,0
-0.15975630091649923,-0.18031217446808975,0
-0.44844144078531134,0.1448042220576526,0
-0.09842346750251352,0.4082444636030271,0
-0.06379644166297577,-0.3693893414461833,0
-0.09923390230920066,0.39863181395671266,0
-0.28452327756076706,0.25907092996152076,0
-0.14628464362389723,0.4400004435545815,0
-0.21102695324299592,0.024566556649957466,0
-0.3674889299093397,-0.08921962381562923,0
-0.3196173615260654,0.15312624753659004,0
-0.21177815606278172,0.38699473654102967,0
-0.4103919055075859,0.3393029925467759,0
-0.09607414347065912,-0.3817384361074966,0
-0.14996857536873207,-0.25697915038606667,0
-0.09238021075851403,-0.3870451874751203,0
-0.19624235358627154,-0.01244530787553494,0
-0.06754193857416765,-0.03578035645976929,0
0.055790414441895156,-0.23819474239921085,0
-0.3454055236568172,-0.09432111701673276,0
-0.20643312101535202,0.0512877867573733,0
-0.0808688601502298,0.18583311771809696,0
-0.10486690051045582,0.015808642733711742,0
-0.09684068170691802,0.3885704024374492,0
-0.024213712939275517,0.2688281986843888,0
-0.2791638551460685,-0.19177779757908148,0
-0.06999954251141856,-0.3209067661666155,0
-0.3286985899502996,0.354485131138382,0
-0.07569137264374279,0.3619991021687167,0
-0.08000065635709715,0.37170288250094163,0
-0.22883154693306662,-0.24486765578145256,0
-0.15836703119480303,0.168720680865157,0
-0.12834667305061914,0.15095387146328593,0
-0.02023106003042961,0.46331583034577933,0
0.052297385805734106,-0.4404370502944625,0
-0.2482473362537911,0.05698595391893198,0
-0.09732851568190608,-0.2566867472445786,0
0.011468123004289765,-0.16972433756195618,0
-0.04211976855801985,0.31883336747764346,0
-0.24582950290625036,-0.2491672922036318,0
-0.15418942200152483,-0.046206353884072925,0
0.017863915492478403,-0.08461430398679795,0
-0.038686095534755084,0.26578180180657607,0
-0.012124758411442319,-0.3032582719172228,0
-0.09647439064960903,-0.38408651008630507,0
-0.05925551182554512,0.08933115685140891,0
-0.0630165968214388,0.367065799526634,0
-0.09381052343104872,-0.2984459269025501,0
-0.16284970616631916,-0.3306817827940978,0
-0.37679804462028166,-0.0017392778247588131,0
-0.12197935421889404,-0.06375059263914026,0
-0.0015418347392565377,0.24730919904206344,0
-0.21804341640004646,0.38625810318662507,0
-0.0996289501217772,-0.3981122028542713,0
-0.10731700498884313,0.017430744356448532,0
-0.2041047881518566,0.19607601987074555,0
-0.044057755549626466,-0.15536298280581629,0
-0.29418762179846175,0.4347462834320445,0
-0.24761905882311883,0.3791967498982873,0
-0.05503426032384005,0.22434310471585006,0
-0.14411249701124365,0.044113835116850644,0
0.017751390463492812,0.11362926347962636,0
-0.10050384343048181,0.2758925216208927,0
-0.2942794102655256,0.13241247255033184,0
-0.23741851846794004,0.14996917214134017,0
-0.004660110238860377,-0.016393919356380474,0
-0.2535741883308614,-0.046815013647456716,0
-0.17899553982517244,-0.32725950913876684,0
0.02387397636101503,-0.25604153835785454,0
-0.006751671902436129,0.17901728443445636,0
-0.024138085283076042,-0.3452940444221021,0
-0.24435071970033403,-0.008788423711655948,0
-0.03854979791763193,0.27028747249277624,0
-0.09623325504328578,0.1416821411294591,0
-0.3092558667107255,-0.2057258971679405,0
-0.10019562921360452,-0.2723224411209337,0
-0.09764744272334422,0.11158321393455564,0
-0.08386133312197219,0.3004603396010838,0
-0.10753016972329935,0.2642165994087068,0
-0.02398201092021586,0.3487356398164664,0
-0.2847504746080119,-0.16858068772367626,0
-0.09692133337072986,0.004488155717649892,0
-0.025361653368463116,0.047950090999768,0
-0.36413732415948186,-0.14393563080738875,0
-0.07863320901426718,-0.2852171946613504,0
-0.0072103967358449345,-0.25282752361645,0
-0.07428765338191294,0.3199505501827365,0
0.0381174017729815,-0.07223169553847045,0
0.07646867307306492,-0.3312456795274805,0
-0.3436501144021362,-0.23214336215680617,0
-0.09687209540804957,0.14874468942204921,0
-0.34729071683805257,0.09436473346053677,0
-0.02898917419524482,-0.33385563418967984,0
-0.21821076825600078,0.4320734618686331,0
-0.28295568079466193,-0.014183825998489786,0
-0.025218855364840007,0.3471128972593863,0
-0.024265137355683107,-0.3415939955141623,0
-0.2688918163300254,0.42120638330759497,0
-0.3519453308785621,0.4392178201174091,0
-0.17638893973868508,0.14469622924344752,0
-0.06471708556480402,0.25813951609110786,0
-0.18153932769004877,0.003045815105352559,0
-0.4021702931558931,0.17550051757709514,0
-0.23478074298530288,0.13174216147447768,0
-0.3482947396352452,-0.054053344085300645,0
-0.13969182967862426,-0.051553347765813884,0
-0.12150852423446586,-0.3890542871683764,0
-0.07021113202942542,0.019214751205376232,0
-0.015426691378627412,-0.040854595566975745,0
-0.20546123050248322,-0.14664862533511674,0
-0.3415373813289328,0.28210569776371175,0
-0.37370438473002654,-0.14158681060687464,0
-0.32168767928135017,-0.31699648768246275,0
-0.3162549722283756,0.1544477049976977,0
-0.11096862589191017,0.284330741088279,0
-0.39040006621525,0.13863665508672582,0
-0.19538882238508049,0.19376604195101185,0
-0.2970944441124527,-0.06436558484470317,0
-0.0070898157797393375,-0.31716894061540274,0
-0.022027762624650345,-0.06933009244792952,0
-0.3014558820099142,0.3283781138898728,0
-0.031803967553262626,0.16089439377992318,0
-0.31513220164064315,-0.15500593683882927,0
-0.3686903742766946,0.1508741248289443,0
-0.08670226158684662,-0.05955537401179467,0
-0.2870406524578589,-0.15798616497909304,0
-0.14022674410926114,0.15142103100257084,0
-0.1334059575613445,-0.12421289681247835,0
-0.2276487565590162,0.09349292662927203,0
-0.08305642057611534,0.32038950083281087,0
-0.40433229022811995,0.11647585609725315,0
-0.17701057345558066,0.05081169105399903,0
-0.2462226198034702,0.5116376013345945,0
0.003540100420663553,-0.34688743814794804,0
-0.26281739949979727,-0.018412796740555532,0
-0.13482783131036627,0.4358528448503542,0
-0.079775962491699,-0.31306958093472054,0
-0.291911698461008,-0.3019448589062009,0
-0.1901862428163216,0.4635378371312828,0
-0.22408103804807092,0.2961186410788167,0
-0.09292486014519707,0.12251097026523379,0
-0.2616597659028713,0.0009885089236269394,0
-0.06802707064053014,-0.18297762249768862,0
-0.20795717100992142,0.06425427165667459,0
-0.027798750213378094,-0.0929727244366847,0
-0.2023462357354295,0.46622785869857963,0
-0.04692714733901389,-0.12835421901040406,0
-0.09893185506433488,-0.35783706200348087,0
-0.10902724132695789,-0.017111236330538064,0
-0.26242629530174694,0.039128558374996035,0
-0.4132528074681144,0.17556824736312604,0
-0.1657377868955912,-0.4099219683368105,0
-0.13694486425141253,0.4283038404048593,0
-0.15537992322427313,0.18925779136918533,0
-0.18256158897402172,0.31337371468481656,0
0.014562107643303079,-0.3128973404890669,0
-0.18624751269177375,0.01259783392957771,0
-0.029876805687837404,-0.37001422539148326,0
-0.25615988644774795,-0.14220564133614588,0
-0.33846364222787534,-0.04866417790474016,0
-0.39789033845489624,-0.011387244906639019,0
-0.0003747107312798497,0.2637928260208744,0
-0.3683327611576516,-0.045762481148241906,0
-0.22523578326828247,-0.15359886676414433,0
0.06487355697675809,-0.42580553042278674,0
0.00995585075871637,-0.03355737426361274,0
-0.09462168735539425,-0.3905252798014697,0
-0.03697283696986377,-0.3938311334624019,0
-0.38744852028228083,-0.017916247721139634,0
-0.06563957611974201,0.058433360252763814,0
-0.2600359503327274,0.3098967389422848,0
-0.18719950282552417,0.20020675363194712,0
-0.18781231005529803,-0.33085394820217134,0
-0.26087312853458045,0.31419078968149594,0
-0.4031234891564001,0.09084824446584051,0
-0.3001824760727619,-0.16358384384598318,0
-0.3691198910252619,0.21850640887018172,0
0.07809120951375478,-0.4388988984318157,0
-0.21616006993658207,-0.12494143296401705,0
-0.14323432001946199,0.4372347296546138,0
-0.19115008084883997,0.22810818851420586,0
-0.1478400241516958,-0.1953490307872617,0
-0.08687398560576705,-0.313117173879477,0
-0.0012287704250262266,-0.37528849907218786,0
-0.12169122150449181,-0.30260333502441317,0
-0.34951171717913737,0.3746048229420878,0
-0.22112901103960647,-0.19306161743036096,0
-0.35751791009727535,0.34820088941347654,0
-0.07136988978280172,0.3766952759438889,0
-0.2517261901428591,-0.15853746174668196,0
-0.030080043551769364,0.025338956650335052,0
-0.03074028952118135,-0.12179059945819026,0
-0.06431046871419183,-0.3013534027343819,0
-0.39664303866101625,0.38755579156125736,0
-0.30656316795685773,-0.018273350752813975,0
-0.2570393213444573,-0.29167246493468596,0
-0.29138328495629007,0.04739874090752557,0
-0.1988968834943601,-0.015449809369867317,0
-0.1766863674102592,0.006098777085900757,0
-0.0727030031617,-0.3482537204693161,0
-0.2697431023312508,0.399800300623033,0
-0.03959744814513257,-0.32813771662581553,0
-0.2761973827332936,-0.2723231848995111,0
-0.19165801147915137,-0.25664312570365655,0
-0.29745586659017187,0.07773966153435702,0
-0.18200133100151664,-0.007939301736896116,0
-0.029019655594802376,0.11320196254959779,0
-0.20488830523877993,0.21855127466185775,0
-0.057964948559344975,-0.3212272033902814,0
-0.02461297597545585,-0.002347249031828309,0
-0.09046243743813258,-0.18233170302997978,0
-0.13789290175420296,0.35796479332660375,0
-0.2500405673538137,-0.2449431325296205,0
-0.014345528681726958,-0.13349320898111416,0
-0.038888105705057234,-0.5420110432147411,0
-0.2850268836838614,0.31803004773878213,0
-0.31470929871664083,-0.02971362158144745,0
-0.04075640236561223,-0.00987608514275651,0
-0.18529606581638466,-0.020770256075573965,0
-0.09600145811039523,0.3944420408565844,0
-0.3584467394012445,0.01710912388352833,0
0.02029242300341017,0.17300650646491286,0
-0.2524317806349011,-0.09789067946817663,0
-0.12527759049238338,0.23382821001096737,0
-0.08465338862856302,0.05974152221796215,0
-0.12915790588996703,-0.09452722805125092,0
-0.08311631509383506,0.39176467711426516,0
-0.21215394731880766,-0.24421195843387428,0
-0.254654260110913,-0.18053850721030346,0
-0.230240779380013,0.3903665567809595,0
-0.3231586830572185,0.3890936964580114,0
-0.25075016900654096,-0.2954107549254293,0
-0.31196098254086957,0.18113734922483757,0
-0.10148456063923074,-0.3048469101034366,0
-0.35644327522599795,0.006330323507178443,0
-0.21315717227336414,0.13791760493803873,0
-0.08591707163362586,0.19631386284616037,0
0.03705736000497331,-0.12294360215984206,0
-0.055377353796158345,0.3501971579483632,0
-0.31078906981938625,0.09192717564271692,0
-0.015666587902724214,0.1344861399705671,0
-0.2714997616976911,0.2986735078053364,0
-0.06199798431179054,0.1351564389045131,0
-0.10868413426500274,-0.022720395611549857,0
-0.26429242460268093,-0.14879031945217763,0
-0.3603428873029675,0.37091858404598044,0
-0.12741074755936127,-0.3124870689167114,0
0.05108333409213129,-0.320151029821999,0
-0.24464774072234619,-0.15563902388118778,0
-0.09441981348126945,-0.37636843689317173,0
-0.027448192496586695,0.06571146238953517,0
-0.123828607282156,-0.26986886240677355,0
-0.21213597265440554,-0.19003395241876528,0
-0.2899505437394981,-0.04351236672093041,0
-0.3193645876194069,0.2780509219150075,0
-0.20493010732678607,-0.0405056940911807,0
-0.23626446055269454,-0.34631885740559365,0
0.015961979894583932,-0.4666860751308997,0
-0.1959015668067923,0.03968332499148633,0
-0.03807549954257681,0.21272417345594824,0
-0.15514767445995414,-0.20237524650441438,0
-0.15786335973360782,0.38120819239597387,0
-0.4216289030102696,0.30330956186722685,0
-0.4185193618434084,-0.05285014910938032,0
-0.04138133810914622,-0.47390452496577284,0
-0.20553397236985052,0.14914272363361822,0
-0.18468564388026312,0.052372331279610586,0
-0.023095601041643477,0.1630805013857991,0
-0.2574282410868042,0.057698741061023705,0
-0.13851200272918252,0.47583577689969203,0
-0.30664377845415486,-0.07601235165467032,0
-0.047655484567791714,-0.07960965294415892,0
-0.31176961301307704,0.15865720714284695,0
-0.13899662658486106,0.20272511371178575,0
-0.12969078721179933,-0.21904863958847381,0
0.008768477990519281,0.27635558464102444,0
-0.15333969528301503,0.4112226314041411,0
-0.22657931512583862,0.41631172373590614,0
-0.06722825401455768,-0.33233391979955407,0
0.004956547328935556,0.12056036722526091,0
-0.3172978049457325,0.3572050683627147,0
-0.20298400075621878,-0.32758775723595157,0
-0.019396323654722332,0.30766238792649264,0
-0.2338762055201496,0.13848653820021978,0
-0.2820571916007117,0.4488879435185838,0
-0.010714323131370967,-0.14273255777330895,0
-0.2123787903965296,-0.1670759754854131,0
-0.21788180131875307,-0.21319288330986028,0
-0.28545151021309617,0.20801985585015245,0
-0.34156428860664406,0.1447211541763107,0
-0.19547448781538815,-0.38217303138672404,0
-0.12436887865173907,-0.2814761382138862,0
-0.2738643465562965,0.42547946051282964,0
-0.26021592274759114,-0.16117918131587633,0
-0.15458606952819168,-0.2648508644390197,0
-0.37678922318879476,-0.04734410971109439,0
-0.06832043119889154,-0.11268838800090275,0
-0.2662758523063901,0.5272803411080855,0
-0.11282717881163598,0.43500038520681095,0
-0.042673861325417,0.42953958663014985,0
-0.20293929574974895,0.29207575729144003,0
-0.039119510533188566,-0.4843218712728939,0
-0.2001737551929464,-0.10691315366350493,0
-0.20485241560577902,-0.23224733502770228,0
-0.2617296185027262,0.16977254640870582,0
-0.0007240335715972077,-0.38317165120501157,0
-0.28396220826742646,0.255344612990943,0
-0.06737277196578008,-0.3509851322790382,0
-0.3001129333058202,0.4310374876620117,0
-0.34474784148759413,0.4456721708164413,0
-0.03588126586225826,0.3684448174932673,0
-0.17951689545782198,-0.23800843489482615,0
-0.38855038640071515,0.20971407424186628,0
-0.03224537810245788,0.045215508407482286,0
-0.2104648962445803,0.028175932827683173,0
-0.13742728229022896,-0.24477633965022194,0
-0.34582797667762494,0.1336405420401959,0
-0.028157456750341734,0.4750765574717075,0
-0.08281504893614126,0.10114197775132437,0
-0.3061071396680644,0.18813558888575233,0
-0.05698991719113349,-0.19302412393275697,0
0.061467892816966595,-0.21113452213275627,0
-0.15042613334099592,0.3662646697084517,0
0.026296879685752218,-0.25339413250695436,0
-0.060402484583869,0.3802020439111677,0
-0.2311112722666743,-0.10004024029159597,0
-0.030937996789184803,0.095795205601578,0
-0.0705002650443243,0.17251752733747827,0
-0.07552780213734138,0.014622168866269596,0
-0.3125561633444837,0.1582581930490278,0
-0.2636922697553306,-0.25148303836434,0
-0.049013202638346645,-0.42731261049418473,0
0.0024379035641638935,-0.2672180492864929,0
-0.08516255118731492,0.05256293461188007,0
-0.041295471046592015,-0.0010693491100695802,0
-0.36372355341757634,0.04660938733932294,0
-0.33238030532423923,-0.24627314655833107,0
-0.20083741645505923,-0.046003310689010694,0
-0.25775072753792866,0.0335372115497561,0
0.03616757268117386,0.0856724150739774,0
-0.4031904256524939,0.1145028001202159,0
-0.14969235830532282,-0.03642443899931837,0
0.028481386438162254,-0.15841099111329304,0
-0.13279841510669987,0.056198949554265805,0
-0.002911858370862319,-0.2586667748167636,0
-0.006695958800341678,-0.2797755071831625,0
-0.2557676404191838,0.06319770155731165,0
-0.11403431362964978,-0.35127250887007305,0
-0.12198115421042784,0.277910331339339,0
-0.01964039151309943,-0.3841569093413177,0
-0.09232714435130833,0.1776043054113821,0
-0.01282166120073701,-0.04517768029409246,0
-0.2692794680195207,0.18822080395559074,0
0.013631645875401485,0.05525550735274931,0
-0.10883025218967615,0.14068284624490268,0
-0.02386329355563867,-0.16959549834585017,0
-0.04355017980519449,0.37602952818707086,0
0.0634104083161823,-0.2829095937784577,0
-0.24525564977626543,-0.3596583287879759,0
-0.2100840418591574,-0.04932115398799253,0
-0.2855786853283373,-0.03751971705336832,0
-0.0770609149446975,-0.16260981706329475,0
-0.2539693396176241,0.2690770947528265,0
-0.207355340721236,-0.20810538746186083,0
-0.3925863033611691,0.245435367613003,0
-0.034283950662332176,-0.14584665660062157,0
-0.21913239719608352,0.1649874955114166,0
0.025619963870839715,-0.2071095853967934,0
-0.33121558387337424,-0.25006082148347547,0
-0.1668271365484548,0.24790189799272028,0
-0.23565779905157222,-0.09621417501297688,0
-0.10371139621674824,0.002150340047457432,0
-0.10753521265661062,0.17707589677283306,0
-0.1848204308025756,-0.0622735500632416,0
-0.056582250136982384,-0.4920460284024466,0
-0.13426045809791012,0.5064460646577407,0
0.12188026100774363,-0.41140332630582704,0
-0.1321559740884253,-0.3022656457120746,0
-0.003542902520445474,-0.021242580214851793,0
-0.28934088993491014,-0.09213863279295,0
0.010577278018406844,0.11122857666771312,0
-0.02226235476590089,0.3222849035563291,0
-0.10174536624714554,-0.048385592944573425,0
-0.27927399874165876,-0.2649301051307279,0
-0.2738690928662238,0.22258933192585345,0
-0.022145550563457305,-0.1827729319910467,0
-0.06685831466065244,-0.20716632915344127,0
0.071428857599526,-0.21485824740749768,0
-0.11379335644110589,0.1412681016100439,0
-0.04550721229975525,0.10416998695487109,0
-0.06433616995230906,0.07871619450173117,0
-0.028337160243785017,-0.30273405122082453,0
0.001254963189266586,-0.3446556888929923,0
-0.04216904651864358,0.08011209427997672,0
0.08451338857924244,-0.443380455914874,0
-0.28273416723381867,-0.053783209526695706,0
-0.3211756767252778,0.0999987031265682,0
-0.1856746420046412,0.6348703888147228,0
-0.11959430496928383,-0.09065479388951907,0
-0.10745783612949913,-0.11608608636091323,0
0.0317352134068298,-0.4363043499925676,0
-0.24071902929251437,-0.18273349883893078,0
-0.22071057212628545,0.4385618860477988,0
0.03167392987884209,-0.050118932213445676,0
-0.10121433543521324,-0.201452911626928,0
-0.01875981684426843,0.009247784883358165,0
-0.20641368700936563,0.0612279279073652,0
-0.23531309156826857,-0.26556316913794226,0
-0.07286485226895363,-0.09037889589276873,0
-0.05511187047874415,-0.14865273188324132,0
-0.03819087674211466,0.033359688686776544,0
-0.11025558847636441,0.20183615285768874,0
-0.12666398404774648,-0.01347411943597619,0
-0.00839912306081061,-0.4165874470972456,0
-0.2415718281562135,-0.07837353621471949,0
-0.07978247764419737,-0.17158957494971364,0
-0.1775150870473914,0.33017623312432753,0
-0.0368569188176368,-0.478122620457695,0
-0.15151481154947807,0.22122412084692003,0
0.060455372844313314,-0.4370081752679356,0
-0.18496891034105098,0.044833283849470836,0
-0.258779538739645,-0.36515416413400115,0
-0.12877652366792317,-0.34050864377951806,0
-0.01862736667165115,-0.21027788684301713,0
0.06696381585173856,-0.3663127033130913,0
0.03588130902602345,-0.0802158315670273,0
-0.0971777415828826,-0.3020423724494118,0
-0.26316775780730245,0.2862486818287865,0
-0.09383338907807623,0.3816048480098793,0
-0.09143862709570111,-0.028621095017464612,0
-0.24629526684744088,-0.2634988851407776,0
-0.23591185953596236,-0.2233876508663501,0
-0.2615844521550452,-0.020591558753875402,0
-0.23190565309834754,-0.008661870502807664,0
-0.327638408959161,-0.09083197296537228,0
-0.03111660989976741,-0.3087945064620416,0
-0.07301150210328668,-0.2901008090467132,0
-0.06778712266177779,0.35329034529021175,0
-0.15741780658738133,-0.07892798930407181,0
-0.2163014197395798,0.1037468728431237,0
-0.17664012332895507,-0.2543597253987741,0
-0.024840104551039133,-0.005582612448941913,0
-0.05503898892734834,-0.48511853683265,0
-0.13370577080054644,0.058742622680962496,0
-0.013811142932116586,-0.14551334784193196,0
-0.2416676991370384,0.3476952046282179,0
0.031330172055370704,-0.38389879262682536,0
0.008798936185693204,0.29737393083342384,0
-0.257401876098039,0.10900345261716665,0
-0.04726162678853559,-0.2915804110836543,0
0.05994778323712495,-0.4306829693531879,0
-0.3318114765819405,0.015587363451766721,0
-0.26461365321838587,0.01590543176366258,0
-0.14732722244363064,0.4096832429150107,0
0.06741793697190011,-0.43694112629545473,0
-0.2111429850676695,0.4468154594015215,0
-0.032403039437011213,0.442632670858548,0
-0.30231981142051395,0.026178532338760163,0
-0.126809663862679,0.4955716362527001,0
-0.01987673855777002,0.2977070444375918,0
0.007433456105397543,-0.10406827843282551,0
-0.04090128333339931,-0.16825313182366364,0
-0.2281023787897946,0.1774521363408278,0
-0.0320532395094642,-0.24898682869467884,0
-0.28014494466008044,-0.08619055990036834,0
-0.4182919394675344,0.23227345383511874,0
0.004775883904051272,-0.16965749680457448,0
-0.33702752226827315,-0.07063220888925224,0
-0.26214844596051723,-0.268011654104226,0
-0.2315916654882519,0.3055821837856985,0
-0.2993324580968138,0.23710762962648663,0
-0.06786565149329107,0.17276320777645363,0
-0.34552367412648705,0.13933002461061242,0
0.06649009910238105,-0.3343685850843775,0
-0.19257743798233748,-0.19288857855792804,0
0.025298872337331347,-0.02768122680587878,0
-0.24062967036410796,-0.03240354961906597,0
-0.05386608939381371,-0.3376572538359237,0
-0.012553142791498065,0.055660571864202306,0
-0.051875550487855956,0.24588710128707864,0
-0.11436237178191563,0.31619969988506325,0
-0.44345565574659274,0.1414197191302603,0
-0.027536197536019307,-0.1161420586335399,0
-0.26390765605378314,0.024278345889890716,0
-0.23187210594588054,0.06326698148293095,0
-0.1716746562987347,0.02432072016526119,0
0.002656188361403216,-0.4480913728177005,0
-0.02641303722982065,-0.5382728637777178,0
-0.16715987208258828,0.29564979628835447,0
-0.3081895110304911,0.3437781472972311,0
-0.20863287348525042,0.21936452348034,0
0.00032029757801004574,-0.30421476591938496,0
-0.4062792841408487,0.029253732967760675,0
-0.016849337059124586,-0.31703809108294406,0
-0.24687035397620083,-0.11996532614822938,0
-0.06649440771143397,-0.05177911896279451,0
-0.2652566432619449,0.18435489101631017,0
-0.3643561814914497,0.13479383397245856,0
-0.18428888390450676,0.3132523745595295,0
-0.1094573081345201,-0.004728297026084707,0
-0.1195460074059769,0.19705484240576424,0
-0.41306283339020033,0.18248546921360875,0
-0.10350097236839469,0.4158333794092581,0
-0.23909061495484454,-0.25447738956633165,0
-0.005350402533821555,-0.3850440595156564,0
-0.11062888982063644,0.006830661514976973,0
-0.1367328299276432,-0.024286434683641753,0
-0.17595467225005956,-0.37566334990935285,0
0.0027524217116427353,-0.0008803453212957673,0
-0.06932497529733267,-0.10027249577896687,0
-0.0007805822776786288,0.06412599074378093,0
0.014349828486667146,-0.003099026487841576,0
-0.07225131048975077,-0.018649286005428693,0
-0.21667694239126414,-0.17361678279633344,0
-0.0029619089089748182,-0.07834326268589213,0
-0.3713443483117183,-0.0032319662381818442,0
-0.16712867273726714,0.3787408588655193,0
-0.10409493471561534,-0.35312667571112893,0
-0.01667168216382312,-0.33024752917822153,0
-0.19003825375251984,0.2727108436779883,0
-0.24458710208489215,0.17071500830285435,0
-0.0754186705900804,-0.4352145248134483,0
-0.23609995876018164,0.15444720873519754,0
-0.24463493469646522,-0.26228724747025256,0
0.0090964243792723,-0.25019219138373777,0
-0.10613944193940585,-0.3141712388645693,0
-0.3540641845358974,0.4515625405948338,0
-0.12244864075480066,0.023600339908557783,0
-0.25888449885872106,-0.046789682242953115,0
-0.1290486602198795,-0.2912490402320574,0
-0.1750146036468361,0.24516312832819262,0
-0.0046586090545252395,0.17346527351691735,0
-0.2500041154070856,0.27996653415304806,0
-0.0776973365069733,-0.21945294737932297,0
0.0579913322651188,-0.57196643480621,0
-0.2660931748742494,0.3174550432338333,0
-0.35303778947926084,0.22809207624624006,0
-0.4249581712983618,0.1695816136491738,0
-0.2261854935807754,-0.33921675755031916,0
-0.18536708283061176,0.04760964795452082,0
-0.20315159657920936,0.18719754030709188,0
-0.017189363364456308,0.15131032317165063,0
-0.1868179120748667,-0.0761692669027604,0
0.0013817621994475766,0.1035577674889999,0
-0.27667049175469566,0.3221875973917323,0
-0.012701018843497383,-0.2639279920575555,0
-0.13311837660719672,0.07014053365163171,0
-0.12759571852653073,0.21303903407487437,0
-0.042062256775936745,-0.18535800079347597,0
-0.09690353533799245,-0.20090951692681433,0
-0.14451917024260866,0.2973848064355102,0
-0.1888023917922921,0.37773365977990514,0
-0.1343113372141019,0.4174124049989451,0
-0.1858566756298569,-0.22148162843786515,0
-0.3578179179910851,-0.10469643125259273,0
-0.14590228914722425,-0.24394186980242322,0
-0.26349896619526775,-0.10009336512056889,0
-0.03611345114228663,0.08970282612801803,0
0.025985427799636085,-0.07360671493389143,0
-0.30098044510233546,-0.18974004704112363,0
-0.0922184119139537,0.09331327215163392,0
-0.15119729956687483,-0.3638505094112459,0
-0.14889631391013813,-0.34734412388383157,0
0.06420723332889752,-0.24881089708110554,0
0.11042450908778727,-0.4872952965813683,0
-0.26545636515733884,0.1016328874492542,0
-0.37279053971653014,0.33664526436447245,0
-0.3628814849698919,0.010959053312043053,0
-0.006242108916693314,-0.20265467042771923,0
-0.272184095760546,-0.2333298047103584,0
-0.15029650822337431,0.09495101055206856,0
-0.3791257914119207,0.17433880401312835,0
-0.22464672380592163,0.052644085312434814,0
-0.13539828815938212,-0.25628109388683207,0
-0.013819656865896337,0.39601281915403835,0
-0.3422708208773272,0.15239452061595546,0
-0.10378029601032657,0.23432680621187915,0
-0.13362955102254231,-0.2562949439933661,0
0.0036235496382590986,0.03152098808766631,0
-0.27068810279562233,0.36880508823937486,0
-0.08499673520515237,0.2140638149642224,0
-0.04270645090242279,0.4225297176546483,0
0.03805518928562616,0.02178338892642315,0
-0.02013844606429294,-0.5361419335570499,0
-0.4220600459083338,-0.06072159020935798,0
-0.22369236118460886,-0.325366964768738,0
-0.13593129343914714,-0.20018597574927513,0
-0.2427996764669373,-0.3393900955622078,0
-0.20168921109715857,0.16065761230968914,0
0.09907051435150395,-0.39965986348358407,0
-0.24978293871369905,0.23715223480349915,0
-0.257532349729423,0.05212909632067247,0
-0.06532794280050698,-0.147487015946918,0
-0.13880433837651732,0.1836285245171818,0
-0.05967091305121153,0.20718295814254314,0
-0.22510289910588235,0.33065040521069045,0
-0.08482308508305506,0.49214452209675397,0
0.0026006761198239304,0.0015327429164188433,0
0.0656675147813109,-0.46813078808152925,0
-0.1277451154328306,0.2455763203015088,0
-0.3161863450778569,0.05838925633369208,0
-0.017046711021962986,-0.3835034965625281,0
-0.19269141284831143,-0.2252600473796262,0
-0.3260037252900898,0.4870455849274598,0
-0.10824897113959946,0.006992382358767037,0
-0.17539102236516554,0.31480477339556284,0
-0.2152738766493747,0.21285227280349497,0
-0.32196813658750834,0.22221438652812853,0
-0.29090041110998566,-0.08885676911781155,0
-0.2755248132263529,0.260938695632383,0
-0.1741559857958676,0.22360730788211824,0
-0.39006553979225944,0.23315482783326036,0
-0.1413538909300843,0.12254927983532621,0
-0.023878147017803896,-0.12830318555952533,0
-0.33211421841564825,0.10121847471212074,0
0.003989584067425816,0.15256198117317138,0
-0.3709865920630403,-0.005702822722506115,0
-0.26138063017383795,-0.09689135202342557,0
-0.17611767752020932,0.45074818956408247,0
-0.019648397978373568,-0.3383124585298851,0
0.07056879089671497,-0.3575461049371537,0
-0.28126551559403545,-0.0877678517451471,0
-0.011003306789841969,-0.055848273578452505,0
-0.2147595818761495,-0.16684140614825477,0
-0.20832482485260015,0.051625901641362625,0
-0.19693283703952613,0.11597420119147381,0
-0.07361990622302161,0.13227062714150012,0
-0.06597787593726889,0.29361574728419526,0
-0.18027774373831967,-0.2949372231404811,0
-0.33100660448071234,0.1503216735862604,0
-0.15086045664107925,0.18669563335287434,0
0.05747423724735299,-0.42297964297545176,0
-0.3491611379744147,-0.004360493248879696,0
-0.23006215843692718,-0.10441383771866138,0
-0.0368493396321404,0.21930500683572524,0
-0.20011888871710468,0.19316041504657325,0
-0.0569912741022504,-0.1824358035500416,0
-0.07550986680283904,0.041139589745540245,0
-0.1872988671482847,0.3149256181798257,0
-0.07814872764640159,-0.2864484428654194,0
-0.27886730098312384,0.08675448239424643,0
-0.11743958446406028,-0.13146950890627762,0
-0.35539256315417644,0.1375357777646886,0
-0.12914658235886856,-0.05447951985762756,0
-0.027198469016243468,-0.2303943369344761,0
-0.1754319724328397,-0.3355338597733551,0
-0.0315130615047714,0.24791528061108256,0
-0.2658975187719006,-0.14432148167203362,0
-0.24778359646843715,-0.35966164641308657,0
-0.023998323149582643,-0.11668763501688617,0
-0.19540360991129466,0.31186230667453313,0
-0.05095875598720789,0.266145550231804,0
0.012679904386503134,0.2564520197617925,0
-0.23134606542594724,0.3599700852910994,0
-0.2929183881335226,-0.20938701432851972,0
0.017820039015348194,-0.4249977934722012,0
-0.03644940509633362,-0.004573649026172964,0
-0.059862501977699316,-0.06387333724976184,0
0.05058964611426232,-0.22672397204641848,0
-0.1720484746696677,0.075803155986269,0
-0.0033983040336277017,0.02935897353486445,0
-0.06761736400898043,-0.06569579398076329,0
-0.3525745928952522,0.16826392352713115,0
-0.1328367564959112,0.392384086914834,0
-0.3117315140656603,-0.05085584251549921,0
-0.03316191581140109,-0.2788823976430581,0
-0.26679647970371667,0.3808339243187725,0
-0.3152407350583153,0.24961836759019534,0
-0.29016653227336836,0.2105771940636415,0
-0.012801784483213043,-0.25603506179817775,0
-0.2732269098004239,-0.004219278266036661,0
0.012473723221923803,-0.02003654804956281,0
-0.04891050814292147,-0.12015280646567171,0
-0.3486123151159975,0.19332588960415634,0
-0.21865411575605118,-0.18439540914759667,0
-0.09658325127248395,0.4322053628745494,0
-0.05012920910523795,0.3458038046967717,0
0.011010472859696868,-0.27015887400373984,0
-0.10677442673674499,-0.1313390307023426,0
-0.03573087322764467,0.28571498909922627,0
-0.18408485798831406,0.0591477731953558,0
-0.25369941137720864,0.4021792350648256,0
-0.37272279765120775,-0.14129332066984632,0
0.06995499774778874,-0.20688465228394187,0
-0.06207084425377017,0.1927197098985619,0
-0.16209391323944586,0.13504544677144872,0
-0.13003264966550065,0.23521701826389996,0
-0.028708590594530292,0.10028170403810308,0
-0.2944479528291741,0.19303315005984767,0
-0.20615735550425984,0.21647471431545576,0
-0.08851907492644844,0.05957020256081418,0
0.04351409740658129,-0.30838867200455966,0
0.06852729598515098,-0.22120512624429298,0
-0.3486527849126758,0.17436303105966233,0
0.009892500629523328,-0.3873913863427663,0
-0.2765236646776425,0.25606295456407235,0
-0.21976241692814108,-0.35559384070314964,0
-0.0277548908599627,0.1610053761306413,0
-0.2819325798242878,-0.03355377540214058,0
-0.3620737639103547,0.263039536029449,0
-0.062213905224253296,-0.21914969264789294,0
-0.4264574695256114,0.1594204060146419,0
-0.1119004991705029,-0.3194122505879132,0
-0.1523378168978954,0.37466289910339795,0
-0.26532711404920734,-0.003221568254844825,0
-0.28177917433953076,0.29901901424499483,0
0.09943367150488476,-0.3355559626279628,0
-0.33310699132999994,0.07283438995570529,0
-0.36267584632533595,-0.1392631867054109,0
-0.1114959430063283,-0.32672715085497467,0
-0.2253251000881189,-0.029288779535192207,0
-0.23458784073099997,0.39231401310765207,0
-0.021717119888049197,0.24856014093030526,0
-0.23522423319645316,0.2562810152153678,0
0.0580113267493778,-0.36023545735594686,0
-0.29430484965689163,-0.35999271081331174,0
-0.21979929215575078,0.021795213436398626,0
-0.0634723780444029,-0.339420069340934,0
-0.390456242618932,0.22620725944764578,0
-0.3759729328884118,-0.1452008895332927,0
-0.057128477239424616,0.10516421505353096,0
-0.397843938333168,0.2258031126076689,0
-0.10228510237587085,0.227148621038985,0
-0.16739188449124762,0.06652886091934139,0
-0.16882182710041646,0.13516067654266084,0
-0.11334911925682789,0.2520986141353449,0
-0.2087275711730343,0.15099501388172687,0
-0.10273376848416232,0.32699729941675004,0
0.044946708726800365,-0.4407293444320624,0
-0.4390757335647382,0.10346037073802851,0
-0.07816253299615324,0.3449832185623502,0
-0.2575348069146365,-0.057108847239887954,0
-0.18372520275229595,-0.3272248882397892,0
-0.020455148568176488,0.12447905603472165,0
-0.26553519237783285,-0.28954090602338245,0
-0.16593905984794668,-0.09700075665340017,0
0.0695659156454394,-0.19842393701824185,0
-0.13386772874406958,0.17355749196239878,0
-0.3132237609101449,0.4249067691602383,0
-0.016583824193190315,0.14268959045419982,0
-0.07536794678644126,-0.375929403568896,0
0.043622241091143266,-0.23995077788147803,0
-0.2632229215666563,-0.2413219153145781,0
0.03786177977970279,-0.3258895845481579,0
-0.24805573712541512,0.11129871084921684,0
-0.07593438014946251,0.1587626350002694,0
0.038225648602772416,-0.3699592883649532,0
-0.09270747269909764,-0.05113664950131303,0
-0.25221560597884113,0.17167048453346082,0
-0.09733925623634343,0.19151834848526997,0
-0.15726563793115633,-0.32412942235878694,0
-0.315902205320177,0.40425901610326537,0
-0.15733932110772172,0.385698584800826,0
-0.19390219115135712,-0.19296059963141896,0
-0.2728346419856791,0.5300637969986306,0
-0.04890305422675232,0.28873181213711674,0
0.051394194099515796,-0.4811273996045733,0
-0.37502568889921856,0.061103898066193874,0
-0.153960510279986,-0.19192212551348217,0
-0.313216680811954,0.014624955670383794,0
-0.3856269810183577,0.3623145094545788,0
-0.19030561556836706,0.27396231926979075,0
-0.20965029374170305,-0.2269187412554263,0
-0.09213626990024955,0.3611451492570699,0
-0.32582235075512356,-0.07320854981300404,0
-0.06732802634797881,0.13398462741117734,0
-0.26112899967340153,0.12360762725028723,0
0.028996989526865594,-0.4040868093167228,0
-0.14877681581405164,-0.08835235462734904,0
-0.22680595442644835,-0.09491353981887737,0
-0.08956247486782283,0.13150020867671114,0
-0.1428952905288224,0.10280288319994342,0
-0.12576212086502483,-0.15575970901216818,0
-0.23023698043793844,0.4156517470881332,0
-0.04924454552775046,0.22777806185153468,0
-0.2371972424014789,-0.07880210403763613,0
-0.32170884738419603,-0.09228560087787879,0
-0.10913835497205997,0.36050376385554966,0
-0.022582326347239754,-0.24405760952523584,0
-0.2974892280446224,-0.03215744647900728,0
-0.4132837368766765,0.22997577408705183,0
-0.23290487389707373,-0.21418373390739576,0
-0.03835122012712365,-0.48323573564949346,0
-0.3231451264595582,0.06749886273659525,0
-0.2849329452323437,0.18758058833790073,0
0.004347161926368313,0.1730321408574781,0
-0.2701530845918464,-0.06933149974767526,0
-0.10670675790249991,0.40839454031277217,0
-0.04685758799790471,0.021679155878430386,0
-0.35386291365977846,0.44259883509982834,0
-0.2904740904382586,0.417698037714518,0
-0.1089391348936976,0.06692852890520427,0
-0.06426037174428773,-0.2075583080459344,0
-0.14338274781902466,-0.3309104423252127,0
-0.1271050950940254,0.37466715399571815,0
-0.2573175996406525,0.217987249404287,0
-0.2609651500853805,0.0682979858756331,0
-0.11014764648925066,-0.05833563486021424,0
-0.11144281583420294,-0.4753958655980054,0
0.019225552918708644,-0.15515494176886382,0
-0.2027683450740493,-0.028130207185661102,0
-0.3157546590186468,0.39134501646212017,0
-0.09567885949938143,0.37333024278923926,0
-0.06736569167268769,0.3065624460464485,0
-0.10400238845029425,-0.12452592558902886,0
-0.223640080476021,0.1465539795654999,0
-0.32073179529634455,0.22003770927334693,0
-0.2621697120878102,-0.141157893334829,0
-0.08327873125968119,-0.26332344896051035,0
-0.12274311547473664,0.05057781324176667,0
-0.051085154912888696,-0.32724832477191285,0
0.06978728774983775,-0.1857565335358084,0
-0.16937869315406795,-0.18280468814174428,0
-0.14854450161272673,-0.31220697868764713,0
-0.3369577056969787,0.26904145037555316,0
-0.3158773025323251,-0.2211915623601586,0
0.0028606726046790853,-0.4117683395945395,0
0.04298350611097317,-0.49016178467864846,0
-0.28640445993478847,-0.07023800719616666,0
-0.1927810218005992,-0.21642107930127694,0
0.04327925069714971,-0.33563949483076255,0
0.04135280830649951,-0.31200100460962377,0
-0.09531335392225009,-0.34570872804151925,0
-0.22053371921683734,-0.2864152982610145,0
-0.15996992432851362,0.10881091313748775,0
-0.14116481847358184,-0.18523264429879827,0
-0.24726763158324278,0.08109061921159381,0
-0.14967894989693176,-0.2548823885302386,0
-0.1898800828302029,-0.2644056304251321,0
-0.18468373837690533,-0.3777777097174871,0
-0.18504723695514694,-0.07197729216802588,0
-0.020742306734608768,0.028409881985849695,0
-0.16970187595934477,0.29032479611176853,0
-0.37032247798482243,-0.11722708982972335,0
-0.0937806244432361,-0.04902754450085324,0
-0.32959599697227504,-0.004768686151406942,0
-0.05305675073921259,-0.14900751320271685,0
-0.13045579778114252,-0.30436050898892325,0
-0.014425759275551541,0.3088977738927888,0
-0.3032524893671633,0.05548806321131846,0
0.0629904903653985,-0.18347341284874932,0
-0.08378331656982618,-0.2692275516245255,0
-0.0003418898841995802,-0.22988828691395588,0
-0.20454782101222527,-0.2522230769607652,0
0.10159427800702575,-0.30608230917971974,0
0.04276284565413247,-0.42421382439409266,0
-0.21953523336210579,-0.08640488081865694,0
-0.30504552241845945,0.21435026343098057,0
-0.12617423863614202,-0.04760908425957125,0
-0.06860892633176273,-0.16966973382404102,0
-0.15368692683492446,0.3607397133070331,0
-0.14489350875608928,-0.21281845909007296,0
-0.3748248982951671,-0.028876666590717113,0
-0.21096903400933514,-0.39287814933924703,0
-0.47533209332178583,0.24886161354240668,0
-0.1119312184857778,-0.35332188057158775,0
-0.21136618653647737,0.03979030911111151,0
-0.21794831699014117,-0.05190719733863429,0
-0.24937199063573512,-0.13000661662186877,0
-0.12493572465773681,-0.06863034279112286,0
-0.2430748311672686,-0.3510331096587276,0
-0.264916998062727,0.281254179366046,0
-0.19709008132118444,-0.19455597623367316,0
0.019099891036858045,-0.44705403502218527,0
-0.12239641374809085,0.2391519775111184,0
-0.043024759820590015,0.21473076962432322,0
-0.0430965188352432,0.027113223150046405,0
-0.2485529479461418,-0.18693096299834785,0
-0.0383465877756319,-0.41099688735586415,0
0.036256351002752145,-0.24817108802144502,0
-0.23731048610232885,-0.2484043560239138,0
-0.14365767968106705,0.04623026738615875,0
-0.025435325491028594,-0.12014293953538838,0
-0.11745448660583375,0.2436785018862813,0
-0.21383109433108133,0.041867746054229694,0
-0.19374105910471018,0.2761909024422187,0
-0.09302657434729014,0.43924130861010036,0
-0.0581706276514134,-0.31091892638994856,0
0.02215371316250838,-0.2564268653462946,0
-0.13541472206519894,0.0013517648508889722,0
-0.08958433961921049,0.45777099786330133,0
-0.06764810804565502,0.3708540565557028,0
-0.058347168086303976,0.35054426606877825,0
-0.02976979936789326,-0.1865218738353201,0
-0.3050951071882369,0.26027978096847404,0
-0.060819356165070206,0.2182912102041168,0
-0.05393953624260785,-0.3091214285791525,0
0.08823742286166265,-0.32115222710674696,0
-0.26280014978401717,-0.21786696871975209,0
-0.43238831446245907,0.16538766797370308,0
0.0018134051958868319,-0.06233057655019677,0
-0.04805459610518028,0.257782013554284,0
-0.18052879345186373,-0.31095870346483645,0
-0.23187322888192813,0.37514593771667193,0
-0.2357621822218825,-0.20795654390068613,0
0.006488931643013071,-0.006012186148945818,0
-0.058940474778152716,-0.2123694783134647,0
-0.1367394641330639,0.04352047416181928,0
-0.35189423376096596,0.2967787011988004,0
0.060356916157810046,-0.2085993585391183,0
-0.2920319590528744,-0.10918829052943597,0
-0.40269206738212693,0.03484907753781655,0
-0.32639959253814244,0.10402716277969747,0
-0.39492669013566734,0.1441530789729701,0
0.005351687059697444,0.018862879574756478,0
-0.12236222197849825,0.20703121214017145,0
-0.12722707818322812,0.18703726714060406,0
-0.10614146807048022,0.1963685613325618,0
-0.2759328480399299,0.45451672705052737,0
-0.17343212078151068,-0.37432765215364006,0
-0.1849750143745728,0.23396881450594922,0
-0.26740059376178776,0.29678033410294047,0
-0.417723218271596,0.30479059131808917,0
0.02902010065987913,-0.4676342342268828,0
-0.2523415569404556,0.016334924694323443,0
-0.09178043399569294,0.14760408777899628,0
-0.083467485733658,0.0793930109946699,0
-0.37666166641188914,0.3597925004623242,0
-0.21085565234569234,0.1634388034455639,0
-0.3370560479273282,0.22224166954267438,0
-0.23229695896953662,-0.24669475615179887,0
-0.04683842004694055,0.39943415036801544,0
-0.020682491504811246,0.06067752601999006,0
-0.05637624064973425,-0.24107340803474747,0
-0.02705457498556397,-0.2834150362299899,0
-0.2984395401327238,-0.004214260108738496,0
-0.09601537300602843,0.2406842288915918,0
-0.19555108835051668,0.13828431067034574,0
-0.1504655402496134,0.24793806128742343,0
-0.3400206605890742,-0.12752421733276834,0
-0.36915783074606534,0.1733138609038024,0
-0.35054706116222795,-0.11014635868213322,0
-0.08855610165858942,-0.12533287366225845,0
-0.1839715047791184,-0.39594262941361574,0
-0.24689209450260816,0.11885695156947756,0
-0.06706053415353007,-0.42247617744030297,0
-0.20076725575049764,0.08867963914937933,0
-0.1710636577474244,-0.14966690295752258,0
0.032476092960337766,-0.1214802656803674,0
-0.020423657644509267,-0.26848575568882144,0
-0.08594041287876511,0.026681612444493734,0
-0.0704566906590149,-0.24607580127766165,0
-0.04278019757449292,0.12366413475570198,0
-0.03152629006264007,0.0080015810255717,0
-0.2700043768569843,0.00784297794820436,0
-0.15163445368431436,-0.17154355109979083,0
-0.03566032375940164,-0.0909751730883983,0
-0.1389077057781089,0.3766374151703609,0
0.015697128149270767,-0.26353901231316573,0
0.03212701841542938,-0.211571559418381,0
-0.19148405760461687,0.3485969112968087,0
0.02913760973638822,-0.4170323361198454,0
-0.11960555817137017,-0.12832577779085844,0
-0.21545418751956952,0.36784848048342844,0
-0.017558618426950445,0.015799476418168715,0
0.026870068002196185,-0.2829551498003082,0
-0.2205005676603159,0.1876335139535702,0
-0.20411006197846357,-0.3814640060493998,0
-0.028720250616360538,0.0791945580874651,0
-0.32219137951414256,0.23465230635558154,0
-0.21657093690179272,0.12785659414323833,0
0.03125911924734481,-0.00942015997639864,0
-0.12460596532485957,-0.1441828062734927,0
-0.16610778758579617,-0.3781603068098069,0
-0.05242852407271457,0.27062705793473857,0
-0.03561982066512875,-0.41212858823507925,0
-0.28273857154439197,-0.021370368620410102,0
-0.2186162968785491,0.3253675265824086,0
-0.07713705111552187,-0.36964887284743086,0
-0.31334881669784803,0.12917315118465109,0
-0.0232035767974128,-0.10462906791158658,0
-0.0042517256919960495,-0.16720840818473262,0
-0.09322177784914924,0.4544338889024115,0
-0.2769557860218653,0.24091487911612938,0
-0.02582605142470819,-0.14989748890536403,0
-0.04344129748968766,0.15389598925308243,0
-0.1690884053959675,0.4656982423440148,0
-0.044476156952973564,0.44897583479069225,0
-0.06881535132912454,-0.27497918435012286,0
0.00507996896265703,0.31067357948919716,0
-0.19127430043641713,0.35489824016815885,0
-0.32001869084857426,-0.04873578328486725,0
-0.28059905274803565,0.3393155275744074,0
-0.05899421286369499,-0.1273197864624917,0
0.019886133154747757,-0.027620461771218983,0
-0.31451498815365136,-0.11949115256353887,0
0.013971337034433061,0.009673794372963106,0
-0.004422522465959945,-0.23720393348258326,0
-0.12021368207867442,-0.11487935333710335,0
-0.2286959982465003,0.07491015433992038,0
-0.1672927686399034,0.4576881116492679,0
-0.09210855823120312,0.1986425498114508,0
-0.36262833592070964,0.3236654582958467,0
-0.13158516358117375,0.45261334914132906,0
-0.14186757410265044,0.1966913553172892,0
-0.14757684402946084,0.25580696376216333,0
-0.04811431711266475,0.38303430948798445,0
-0.4226078266659873,0.16063389905104522,0
-0.3610328010149402,-0.004193510804533329,0
-0.12838345899731263,0.2794945638859856,0
-0.1528452823360841,0.20062133962746861,0
-0.04457742678170768,0.44495146503189364,0
-0.16651368625619806,0.4113074163183122,0
-0.10301178123132278,0.30268520563637746,0
-0.1661036545242432,0.043149335469746274,0
-0.07632376984794048,-0.129952976184198,0
0.0507513033576773,-0.24100362143008708,0
-0.09005279979799903,-0.10610245399120136,0
-0.3161554068515159,-0.08781812646884216,0
0.012409134991686901,-0.3816622334930789,0
-0.3191730321034965,0.2192570982696294,0
0.010139145307898393,-0.2582626732879379,0
-0.09799230980120716,-0.386068387769434,0
-0.3121490394511613,-0.053108405707149045,0
-0.2862783499801026,-0.2935110150336557,0
-0.012514741002389635,0.3177091849787758,0
-0.23857212621416893,-0.330022481536215,0
-0.03206401517567252,-0.04249600616449183,0
-0.28322500235639214,0.23714037963080387,0
-0.16001933461136,0.38896318835951355,0
0.05924160838447554,-0.1808012128430662,0
-0.37851675978058924,0.06150255082785215,0
-0.3633829596802591,0.1759683567029965,0
-0.29700355272339707,0.10155617703571124,0
0.021937451516411244,-0.48617669199426045,0
-0.0431837980423828,0.060713449601352006,0
-0.05111650791525568,0.3740801969267153,0
-0.2157323074538616,0.19186586761768612,0
-0.18749562665182978,0.3042809034504775,0
-0.12394236568203627,-0.155388033687286,0
-0.0036218683034680865,-0.25113918409738767,0
-0.21370566464703944,-0.3009006298389813,0
-0.009526565020977732,-0.10321452416321707,0
-0.05479013265578254,-0.21968565811164747,0
-0.2649544458479739,0.07527997830910121,0
0.0064795171946566855,-0.10028304774644826,0
-0.1367211535956772,0.35085658296016087,0
-0.19489681543459,-0.030392764744256895,0
-0.228873899269169,-0.044081761623392834,0
-0.2631612026963027,0.4316103877509802,0
-0.09273947451394764,-0.036012350882475806,0
-0.2121637719072182,-0.17650066128977976,0
-0.25708355813982786,0.12153151350368956,0
-0.26088968763181164,-0.032224083625741105,0
-0.26018185952349393,0.18845741440510724,0
-0.17940050520551573,0.2008783525828695,0
-0.30255951995370833,0.32099488192990616,0
-0.39486395581530886,0.14975580862170054,0
-0.23682941722990133,-0.2518317835959971,0
4.6919392695546744e-05,-0.3801524639640497,0
0.03632061476311352,-0.11595586660249697,0
-0.19250647057140433,-0.10685997715500255,0
-0.045748111130275604,-0.09278437765087993,0
-0.37791815497018444,0.029078883215266544,0
-0.0019202617273519098,0.06831105498276321,0
0.038946471805048434,-0.09829611532309734,0
-0.21745795459632353,-0.2400967839475841,0
-0.07393405107400791,0.08005477873704601,0
-0.19198383352637366,-0.04915213499165152,0
-0.3707741653318015,0.029792603858814132,0
-0.3428220750989015,0.18960238552641315,0
-0.35667754093271603,0.1758762566234887,0
-0.055331991732769634,0.37349860035567695,0
-0.36251390090288893,0.05371131157189463,0
0.002419163273871305,-0.17607141253697256,0
-0.17001881970362262,-0.15305570863726942,0
0.02327035837702555,-0.47624671664113044,0
-0.31400915143508945,0.41564079236705626,0
-0.2920940221554266,-0.22211070592360127,0
-0.07294567813611416,-0.24856498068110483,0
-0.21093920678996403,0.0584883434213438,0
-0.007904556449870422,0.18423394009517707,0
-0.10624853354026952,0.1238440214492229,0
-0.2437995812238013,-0.14633015680568862,0
-0.26223134564803097,-0.3132988627322352,0
-0.021666967609907623,-0.11896272622980512,0
-0.01616972569534728,0.001626306781741421,0
-0.12593838384335407,-0.12071516583862651,0
-0.043229797589713265,0.38388847013290145,0
-0.2106824521549544,-0.07902309400654363,0
-0.19317688088794951,0.4235348128391443,0
-0.009450629974623682,-0.41371193445745336,0
-0.20579232006481632,-0.33870479929762304,0
-0.06268454517655268,-0.004143180362993677,0
-0.10503295610745025,0.10558248590559025,0
-0.2357637983690915,-0.19399594736463385,0
-0.04290408888242284,-0.11016678918688644,0
0.00677265065922979,-0.16346684788404325,0
-0.23770851280581468,-0.006963516400908127,0
-0.23308837250893863,0.22679252051706505,0
-0.26590638959203683,0.378200210597312,0
-0.3177613421812736,0.18636565429029206,0
-0.060643185478641774,-0.021020646070590517,0
-0.2585897358658209,0.06253159914455948,0
-0.3916581257513425,-0.0023905038265598037,0
-0.1723820306707972,0.188502791772736,0
0.05060876390423224,-0.38250954881949717,0
-0.4120810235996802,0.11606720816878506,0
-0.11470009272851586,-0.29502000039210785,0
-0.1925179652121336,0.09383817002709424,0
-0.1339871471355114,0.054370677902872894,0
-0.045478856581351174,-0.08088594135598681,0
-0.2710291640361835,0.21336298459680164,0
-0.16228540103812292,0.24195815378099844,0
-0.10509559660872014,0.10264374211304023,0
-0.04850902022876623,-0.26029320907861087,0
-0.3149542868206844,0.30849951641211454,0
0.003995641952993217,0.05366121955207602,0
-0.3215721777532932,-0.14370410292881197,0
-0.26942775044351025,-0.1728545518326546,0
-0.19382376096059062,0.05637464373951257,0
-0.009652061080067094,0.377221532281755,0
-0.02871738185874863,0.4554954698912331,0
-0.41850041657495013,0.027102236064683535,0
-0.22001261923828963,-0.26188574894808603,0
-0.1815027218079503,0.4417249628312899,0
-0.1403468214286701,-0.3300568080496652,0
-0.13157400004401093,-0.14402938317272054,0
-0.024833676167911784,0.4681465333985275,0
-0.41693605524446875,0.13680670434423686,0
-0.06290720388515304,0.23373330662876307,0
-0.046987037595960957,-0.3965145844752011,0
-0.24055667104788162,-0.04379135969624892,0
-0.15310088231372104,0.1487912322122758,0
-0.1129217285775135,0.18964585511979354,0
-0.07234824099902763,-0.05090341126567218,0
-0.13300832309491994,0.4801548270464931,0
-0.46102619407074946,0.21031640036677082,0
-0.2105289611429599,0.2863301323354169,0
-0.1145091408519963,-0.10170460292934243,0
0.03044369039847581,-0.1336126111973074,0
0.0068068838691470795,0.030360374131069685,0
-0.3617062344459242,0.32165291354347014,0
-0.21542552897941306,0.10791743125931733,0
-0.2861481614389058,-0.29558656125022553,0
-0.2679693925841819,0.2538362292224829,0
-0.19775101499915587,0.2951512494917518,0
-0.10201573605678048,0.3522974347321633,0
-0.2095801741522525,-0.27946791910300206,0
-0.13308281980741948,0.33634534866329047,0
-0.14629161320934278,-0.0593676304797405,0
0.06850629122455833,-0.5769734149875867,0
-0.1833495839306242,-0.12350430127629411,0
-0.29487491422477513,0.0786618709768898,0
-0.1229636340182581,0.25721818176696537,0
-0.27913336469306477,0.5043610879526719,0
-0.053054312195089486,0.3073678887090395,0
-0.08621901530614469,-0.4036985233489548,0
-0.11147840245848266,0.3069316493560904,0
-0.10134671018923283,0.44892204544888237,0
0.04317300126464088,-0.26419452092537815,0
-0.000974998135518693,0.07539721139674505,0
-0.12333366933109298,0.12225035234274892,0
0.032936970937669334,-0.17145975917215814,0
-0.27218245449726985,-0.015701831189972523,0
-0.24559583692051895,-0.37143577629700303,0
-0.3406084267977624,0.021777025833431062,0
-0.3133330409408804,-0.1790142421167866,0
-0.21293924462749367,-0.33130441410121925,0
-0.12515915282342555,0.028732026710245728,0
-0.1641355452846222,0.1878453339079587,0
-0.122741787615656,-0.4456097449390647,0
-0.22593790465326086,0.23111694856038478,0
-0.1577038056465361,0.42584162534236514,0
-0.2689787563751767,-0.06323783490414084,0
0.08735581939309367,-0.470843485908546,0
-0.33801439585322557,0.36803011353062404,0
0.012700205670148432,-0.2990028209477846,0
-0.19001389668892402,-0.28298317042222054,0
0.02670184139418207,-0.37593269464448226,0
-0.294667099770826,0.06523472099546589,0
-0.08122037259364692,0.21293110232882329,0
-0.34752905349124724,-0.005641730799121122,0
-0.30530458314607534,0.3168670707862818,0
-0.28641585048081414,-0.29294653361665546,0
-0.11042610372930994,-0.1336212610214363,0
-0.0499551852117184,0.0216230049014488,0
-0.18331637636554002,-0.0120054289677607,0
-0.06663804696097152,-0.17636652474360243,0
-0.24363354996685124,-0.019070209170742338,0
-0.017493107819894303,-0.2881055271626513,0
-0.04286896645948579,-0.3673770067444909,0
0.05606542303402234,-0.40430505896269864,0
-0.12044214358177367,-0.09733456236210856,0
-0.1412022601618652,-0.2013378298273192,0
-0.19121897070750887,0.1615629707533172,0
-0.0642495535801354,0.420651350253553,0
-0.3120794534524379,0.09317973626551568,0
-0.22152926622443786,-0.3252470762559051,0
-0.4032896855993329,0.32366048946978454,0
-0.13838465106069375,-0.04012638418091671,0
-0.04320150537448169,0.27452713158824127,0
-0.21425669392148236,0.061955120024285146,0
-0.1422511842690625,0.3143876171825037,0
-0.2663465386641061,-0.18830437385772306,0
-0.18861386650459377,-0.26565215654840635,0
-0.3068095694819865,-0.20955139653022942,0
-0.07834258551119443,-0.16731578873738812,0
-0.42696749711583126,0.22528906134760182,0
-0.2749520104989597,-0.019044074191302978,0
-0.15031201640843242,0.35500362415311143,0
-0.05278065646622078,0.10854601758523873,0
-0.050803748022521335,0.000945542086216703,0
-0.10981863442290103,-0.13530714220959644,0
-0.09853697679284679,0.35516844956020044,0
-0.13523036085341897,-0.26083978584573003,0
-0.07347958936038076,0.03963640644178261,0
-0.1728120711252762,-0.33170443077879075,0
-0.31238608015451536,-0.014278936337016507,0
-0.3403972365449124,-0.04251710502636869,0
-0.14744264154902434,-0.1570729990039575,0
-0.05743307492076773,-0.2748929458664047,0
-0.08472624604201928,0.2977465614306514,0
-0.020136082681055507,-0.00363343523551078,0
-0.14833933049041995,0.43549941431857647,0
-0.1418347707793513,0.025425970971615888,0
-0.012617847312583003,-0.2679638560957531,0
-0.13597646252995546,-0.30994617953867465,0
-0.2761523939851592,0.19192813780992837,0
-0.08312244920167454,0.09542828442282837,0
-0.3333175882738193,-0.0372152860488859,0
-0.22328859146330501,0.09128978739441868,0
-0.1426971973809665,0.28287151068635447,0
-0.31348577153896495,0.1690192802109519,0
-0.04852419362053329,0.08089536526632053,0
-0.174238710645888,-0.010203569393760948,0
0.05403424508350148,-0.3649636062509638,0
-0.2810167609606917,-0.03266213022043195,0
0.015574016903460525,0.10296047400913579,0
-0.16513247380570875,-0.12798702474373672,0
-0.06389061703000597,-0.22758104346684507,0
-0.042724079415892846,0.0568552037827379,0
-0.40116574707099034,0.009935410760613075,0
-0.12679525262742877,0.24762390271146822,0
-0.23216572277204658,-0.31740416872066074,0
-0.313840746187804,-0.309774844542111,0
-0.24405448342594493,0.27899742940402483,0
0.007808181191650374,0.1319341465564454,0
-0.35782566377059616,0.1894202079468578,0
0.03542745816850186,-0.3722543001901929,0
-0.2378679710280213,0.38781679541272146,0
-0.030631413044829664,0.2519493627520786,0
0.010141089996012908,0.1644767515294157,0
-0.2268301248752032,-0.044817369084076075,0
-0.2897387147549006,0.2191908224699288,0
-0.027562726480828456,-0.030450498432885643,0
-0.19282500846970488,-0.2030724609789305,0
-0.08710649306091937,-0.27635429251447285,0
-0.07532418438012424,0.3569983820194261,0
-0.16163985995227098,0.3151756739058178,0
-0.35222985101845583,0.3626643053404045,0
0.03239223056558771,-0.358330004873662,0
-0.20966624134793208,-0.12939603961198048,0
-0.08600552019426806,-0.025601749575305945,0
0.07964839797547063,-0.2455493199649491,0
-0.13053711836272006,-0.06702510326736812,0
-0.3555372594754428,0.22289658411754665,0
-0.24113462320316345,-0.004268899347546506,0
0.020494932087631666,-0.1698792385585418,0
-0.18401342345739513,0.41784230176308623,0
-0.07151333395606331,-0.08737575272280812,0
-0.3182914275596337,0.010094240461542324,0
-0.2158952540219965,0.38995840211864197,0
-0.20483151056937196,0.20744364832866016,0
-0.09036116909523183,0.04362716121636882,0
-0.13922003884661183,0.1372618640835385,0
-0.4050605314079071,0.17268895217297972,0
-0.2814175634530712,-0.12375389751151691,0
-0.0050551139258262524,0.08755661934768665,0
-0.20430387386312446,0.010610559548626951,0
0.028379482458218877,-0.25499955216887416,0
-0.30422722104107586,0.3621282320264734,0
-0.019773393973697446,0.12991800333225037,0
-0.2938524213226764,0.3809682756100053,0
0.07311832428700872,-0.368858255578887,0
-0.38761725652854534,0.27529715267079935,0
-0.059937719731616566,-0.2716024117002038,0
-0.26762306706970185,0.2729038326042168,0
-0.16854499767289782,0.1555320494823609,0
-0.18321774282021852,-0.08349596694441265,0
-0.02089600903312489,-0.27938711462447074,0
-0.19830223014657156,0.2859251303807091,0
-0.14205386498057757,0.2523557394027066,0
-0.08074469235029065,-0.32503061643117237,0
-0.08399169666516267,0.1535666286131442,0
-0.360621290337886,0.2518706524287273,0
0.03361639218596955,-0.20663260506312303,0
-0.30452425859311866,0.35706091346781543,0
-0.29741654308918203,-0.3183561790001246,0
-0.012469989121111321,-0.3238089613565051,0
-0.052895241278612865,-0.30806864650553856,0
-0.30490123280341264,0.17507397921978127,0
-0.34607608582258415,0.3408624024804887,0
-0.026774734658544068,0.06747955042405333,0
-0.14000914946880313,0.14913474933749823,0
-0.019103110475567016,-0.4179159056794709,0
-0.19181745483714846,-0.1072498301942211,0
-0.0641203669786155,-0.39917712453415405,0
-0.024376134048025477,-0.21188893605569176,0
0.012282616123755677,-0.17447007806295425,0
-0.044243677518841396,0.34053885498017317,0
-0.34330200096254254,0.3949670221509609,0
-0.2572971122412818,0.40321177612437037,0
-0.1539842541958453,-0.06861220736852756,0
-0.20866499924706267,0.2591764170052472,0
0.08867713344171345,-0.47740915599803263,0
-0.1367197822919609,0.3199522308393365,0
0.04717433749843037,-0.3945438857828465,0
-0.2830357770547373,-0.12871171947504906,0
-0.2914056453321562,0.35071393313786314,0
-0.03883063736665682,0.39872524661999875,0
-0.22126329689904844,0.10039693816823393,0
-0.2846387622765798,0.14088069706078038,0
-0.3133668759145681,0.16407691090441295,0
-0.1270477467945825,-0.021407059338038333,0
-0.2713463285551755,0.3272483021568163,0
-0.333479210604,0.3188842720127673,0
-0.16818054423713796,-0.15902921772144665,0
-0.02784330652543931,-0.48373621953560864,0
-0.03427916947884892,0.19870216570868862,0
-0.04803224826623916,-0.3727960363384658,0
-0.2029537363457299,0.13761785980894214,0
-0.3900998294154942,0.1403028543281923,0
-0.027704484780717766,0.36403456494695385,0
-0.3727120071843415,0.06847975142755822,0
-0.15904773793146834,0.01183612844304997,0
-0.0490630422995491,-0.13507373780614718,0
-0.3364056120190665,0.2973577350445594,0
-0.26302797168512987,0.2683828641327691,0
-0.1710231027437196,0.0620913725293101,0
-0.19284955121343694,0.3916460518464362,0
-0.14571226630002637,0.3116615403588673,0
-0.1830550769057863,-0.1052285116270899,0
0.05298730094790451,-0.4115895385097268,0
-0.3015020674115945,-0.056950988333481195,0
-0.25039846945301947,0.3117512429485076,0
0.009604986135547274,-0.4857917011565448,0
-0.07067762958528619,-0.010369524370858854,0
-0.05934800775515531,-0.17650264358311066,0
-0.16604394644988593,0.26563412943033327,0
-0.22183074858195476,-0.05756477609497695,0
-0.09783747714820765,0.3798155196586079,0
-0.3585397570905984,-0.11050781145980565,0
-0.11005488557850863,0.25710159850924746,0
-0.05722781818306016,-0.3569567753568828,0
-0.03981195008950909,0.3962252230111182,0
-0.12091450564623817,-0.12108460426018539,0
-0.07212997287755332,0.30845728049308635,0
-0.323052750996345,-0.15193914835451047,0
-0.11672054917301773,0.002932946080175761,0
0.07653269143699869,-0.43705036944421766,0
-0.24736917009946946,-0.1175667081005579,0
-0.4349198521654645,0.10601944029967315,0
-0.1724286945979693,0.36949691884803115,0
-0.1520872070556039,-0.07363717216174205,0
-0.17799586001562134,0.05064347659726955,0
-0.10720429839983063,0.40802999491486014,0
-0.19708704834463187,-0.06506019949105118,0
-0.3061194841829736,0.2561966948802855,0
-0.12897440362688348,0.23090791009963943,0
-0.3210189036884755,0.46230809970028997,0
-0.4331401427462411,0.11011424782362443,0
-0.04746215896417171,0.24767921022548642,0
-0.17308175761166789,0.3811062315799826,0
-0.21313709527246325,0.06427718828549228,0
-0.12313543473096311,0.24738936718221657,0
-0.23736988380110258,0.3237357602292898,0
-0.03236150567849551,0.02859719906734187,0
-0.22802539674551658,0.39004118366972934,0
0.0195606105068137,-0.48413326235389975,0
-0.26534461555488914,0.0274721865011343,0
-0.04735249154876584,-0.5254345697625166,0
-0.14083830268795583,-0.3340602326017365,0
0.03533939011841909,-0.4499873090146488,0
-0.2654171046473441,-0.03316688444099052,0
0.002109065989137296,0.06989850184353001,0
0.05534490461854834,-0.1831860793698156,0
-0.11765600912260347,0.3770313191018747,0
0.045488887052866696,-0.29451540818862465,0
-0.25798334339969176,0.148461262634727,0
-0.2730418390939689,0.46782235463475064,0
-0.4122759984244465,0.22677110402788936,0
-0.1089524357005131,0.2269120535641824,0
-0.1882986598893403,0.44614778692432167,0
-0.08399750596066703,-0.13308437014616523,0
-0.3461018352713244,0.35666060380400794,0
-0.02109438241898981,-0.29810318483902715,0
-0.10968947215737929,0.04234224714930884,0
-0.23602580968809406,-0.18175430166636045,0
-0.16600984551998427,0.14298607904431648,0
-0.25108368433606604,0.3225922105729654,0
-0.175413377896488,0.2787994019479408,0
0.14096845564577154,-0.011775768095802672,1
0.5749294204040896,-0.043635761429606984,1
0.1983334820980013,0.2976966907747486,1
0.18780483545621798,-0.3332706032281909,1
0.21253280131033958,-0.033221232148816136,1
0.14292846336132792,-0.47252323542908253,1
0.5882665261879646,-0.07987321109651092,1
0.04769683722939248,0.4207716091079511,1
0.5258786879930316,0.2197181052780199,1
0.19623723221781586,-0.3804118181528776,1
0.3241893693528078,-0.00616937976810325,1
0.06055938372590717,0.28646810711364257,1
0.042604297892123506,0.33983677583695016,1
0.4836682828963902,-0.0003019604276090305,1
0.3020525287538088,-0.03159469141810381,1
0.0143627109031507,0.18484024692769493,1
0.07995131205850053,0.22423966754557736,1
0.06992490656271297,-0.039489413315727806,1
0.3163367523329533,0.06897000571324473,1
0.13189522322535976,0.37375625747375685,1
0.07018215848616276,0.34875722535747117,1
0.31572201652995713,0.1938226224820888,1
0.4865246396971116,-0.010673832781757075,1
0.5445684033752928,0.14813092810607906,1
0.2018921643280994,0.41199748273381065,1
0.30510125711627883,-0.29294042828066147,1
0.3239859046258043,-0.09811609191276782,1
0.2625503066173318,-0.025011101438933564,1
0.19549078458993532,0.1900220583965797,1
0.44015759604002125,-0.10717097824057263,1
0.3160381807322864,-0.33701223365858246,1
0.40826995670294447,-0.08457839192333459,1
0.2669076367705012,0.16039171878727793,1
0.15923591927690575,0.09358188627489139,1
0.23032523154435133,-0.3132530926418071,1
0.23216540495976778,0.41101214487565474,1
0.5775761420816896,0.2004423205020356,1
0.04746557034514254,0.2990732290223742,1
0.3656625961073532,-0.06103512262397472,1
0.04383464406732642,0.053807677604265074,1
0.1607795029763494,0.2719242333867248,1
0.24184412565922367,-0.33510154734075753,1
0.14898208966014062,-0.002742577265404706,1
0.40236817097544436,0.1870131559156162,1
0.2620075542190519,-0.3402392162857098,1
0.14054683767575044,-0.10707461533322059,1
0.02944806414420122,0.27879697190051944,1
0.33469934211165486,-0.20308100225642708,1
0.323171059148934,0.34754244157970876,1
0.3172075779753462,-0.2879773873572211,1
0.35387812612262376,0.09376042347591333,1
0.4577960700912919,0.15270969877494162,1
0.32165339952592,0.3637052433384391,1
0.14286449174817456,-0.31585455728799317,1
0.32262590455270035,-0.010935633463887394,1
0.3707250335565399,-0.03455959222367028,1
0.1072015167300216,-0.22170669915285615,1
0.28456787531113537,0.02492832010877476,1
0.38146657340887224,0.16297717470889306,1
0.5236068566878869,-0.16241423204008232,1
0.3896891634618413,0.007099097659512321,1
0.38030282875473714,0.19334954190568443,1
0.17350164628522122,-0.22294384730073394,1
0.431044077845275,-0.18421982715714147,1
0.15828137006763704,0.18708084658168112,1
0.11305658405845541,-0.07247645531478396,1
0.12193452817077458,-0.3089649272556554,1
0.3049031056478579,-0.18439016704069433,1
0.3091105311905447,0.22328859409745225,1
0.08903660357423877,-0.23505461407148195,1
0.17176522156817872,0.35319620431166937,1
0.29266178986851593,-0.04646584258310201,1
0.2081337073862195,0.016085098358804725,1
0.09592751637707307,0.3798512036148709,1
0.0874421112347005,-0.11507289590503983,1
0.045962133959623334,0.1466829102581577,1
0.08830951013319788,-0.2292181663030952,1
0.35540253905016844,-0.2543310669359758,1
0.28302678354023486,-0.02675449886048251,1
0.290115691619432,-0.04258285183477136,1
0.07780954970500988,0.3549984922860449,1
0.10535097707480828,-0.26746312111349735,1
0.31468263489106035,-0.08861990469116443,1
0.6291209537799286,0.09883257430917279,1
0.2555184619328419,0.33069466498440425,1
0.25220766482365753,0.02340644820408706,1
0.2195298619782538,-0.2807160949343525,1
0.31593403340446796,-0.23911976002192337,1
0.058193740956949215,0.30385295896753345,1
0.06170836913736853,-0.1496590780399314,1
0.39458461888329693,0.32145041021339477,1
0.5282645444823117,0.10211858199789647,1
0.5160716326306828,0.059250410183330805,1
-0.007771465210894795,0.3947179517760938,1
0.614673779952636,0.26456944865217236,1
0.10123904986675854,-0.2561961537644659,1
0.22264374906827605,-0.05121069833857722,1
0.5786667763471038,-0.17273120331653707,1
0.48926633044995277,-0.014150979633689435,1
0.22352643832714064,0.05541695127324458,1
0.10591149399646399,0.40369703417016306,1
0.378096137103253,0.0008632869589503475,1
0.054626481346260344,-0.15952683537236179,1
0.277882702313159,0.21487755662461208,1
0.1978300160006779,0.03949730043689837,1
0.5071746537509755,0.08144781536165176,1
0.41713325804342066,-0.24254502944447842,1
0.4529839992727842,0.24570931645840952,1
0.12106274560187892,0.2901969219479465,1
0.3306857615386111,0.2055302106105606,1
0.24655344541796953,0.25338205400863906,1
0.13360916949914384,-0.21930353312202538,1
0.338424904398228,0.17772807363687196,1
0.17913432035398386,0.11514000877057973,1
0.2761660049343007,0.1721644255983239,1
0.38257186459167186,-0.19610493190624,1
0.5973234179228762,-0.07694346827782235,1
0.28286473047548627,0.04043223462751616,1
0.2437552383825303,-0.177083992789999,1
0.25523153466019805,0.338935420135083,1
0.29334161536260067,-0.0779287239932375,1
0.6544048310461544,0.11336946911469616,1
0.23707236149767943,0.10184142728999931,1
0.11599392955215017,0.25066374588217327,1
0.14233675909881863,0.3052136192404191,1
0.3481385311681923,-0.09863788098996971,1
0.4683131966364686,-0.22623147393871956,1
0.1862457651471308,-0.2870982610807786,1
0.08894339207590574,0.18618101162517478,1
0.2527818143643439,-0.14793295903990838,1
0.41926507950011915,0.2906702275004078,1
0.5764754772556212,-0.1638737016519793,1
0.23566978266079489,-0.01653130449228995,1
0.17387024910724824,-0.23838415804082017,1
0.3274897353696793,0.3382710389726045,1
0.18441419168443482,-0.1633798779318796,1
0.27452752207441355,0.054109720186823106,1
0.6669722328327854,-0.009025595160200833,1
0.2557225806602237,0.005268762337767313,1
0.4802221898733397,-0.10652835928475497,1
0.5215339250107216,-0.030549283841538023,1
0.5666703171348688,0.08123669074703888,1
0.29106717050516406,0.06703833293513657,1
0.25838856497492985,0.33495240036293167,1
0.25409460931740896,-0.12405226811143871,1
0.501851074701961,-0.1074345441054476,1
0.37926416991644996,-0.012362407798341456,1
0.26309266434873074,-0.11663184791719543,1
0.14642956495658513,0.17281179915334502,1
0.41977542634107073,0.2043236839520748,1
0.20352707948635843,-0.3190184448917755,1
0.137078423681451,-0.3502662126674692,1
0.18150364071746938,-0.22385832615246953,1
0.14753787333489754,0.3598552982788442,1
0.21709271414106177,-0.0031256611176599777,1
0.439784338855642,-0.1292913937346062,1
0.1563154815461565,0.3790137457437667,1
0.19699308927023326,-0.3844484458964584,1
0.2541063770362895,-0.1698218575915858,1
0.34754134091823435,0.1438135145970328,1
0.5254868121906338,0.020702699294232317,1
0.34736914317889256,-0.284556040432225,1
0.3696716928085743,-0.22996654739629105,1
0.2897284060405007,-0.1972166129467065,1
0.12047109158841372,-0.42199777415651024,1
0.40875813240642417,-0.13446060461214876,1
0.18087015539504714,-0.32620129525793584,1
0.11110804636417261,-0.3512245928407832,1
0.16794591389021443,0.3982002615463238,1
0.2633166367012135,-0.06458338745421159,1
0.2880889755240495,0.1276821884200618,1
0.2736419657241801,0.03700505831496457,1
0.23704497993764795,0.2463834545033964,1
0.3575379101852044,-0.09104821955543134,1
0.4457838319901894,-0.2173703894462125,1
0.44781120001031766,0.0882393556723046,1
0.1305000073427614,-0.09838280247341058,1
0.43779904689124965,0.13882271652892444,1
0.2664245139958988,-0.14749283463228985,1
0.028190502280030318,0.32025892197459405,1
0.3988911377536297,-0.2609145165372704,1
0.6033364004034744,0.10202216243895057,1
0.2696189066749165,0.02980754211663201,1
0.07500734671442433,-0.17611022360948853,1
0.34942909399223715,0.38969171610344305,1
0.1607183778462436,-0.3498323616824971,1
0.37443480835025217,-0.04308148182755531,1
0.18375994690102257,-0.40189025921584076,1
0.05929237281274443,0.0011638665495739156,1
0.1845294204932469,0.2159692619958799,1
0.6537319574137738,-0.024004040131662806,1
0.48686654217568975,-0.010601893630996648,1
0.3836050316521991,-0.3029154919907388,1
0.6791061684015359,-0.013508254714799094,1
0.10250763954982704,0.08107877496619578,1
0.2730102549621236,0.2384898320369915,1
0.030229004229368327,0.13214717104479573,1
0.5167435635958516,-0.0243535475040865,1
0.16420846567583192,0.10823118872793693,1
0.261667381838643,0.10777722715905036,1
0.09021017719594024,0.41486679299019774,1
0.15363829275879623,-0.339213255121231,1
0.3259078376447058,-0.20305744020174094,1
0.4846515463263657,0.18598619187520124,1
-0.005535156052861976,0.2606980089127433,1
0.47105970177727435,-0.21073637533918924,1
0.3166664863457768,-0.2128429987279018,1
0.23851745988896167,-0.27266734173351825,1
0.6086395376586466,0.004146481727936924,1
0.42984219905040166,-0.1274192667460413,1
0.25005062306461645,-0.12395614468983192,1
0.4644895439789181,0.2032714927646224,1
0.5425772412447184,0.010875597980006037,1
0.30784393687725825,0.178534589119422,1
0.05648860346240525,-0.1434069116780755,1
0.24613371722525598,-0.38813611235654827,1
0.16380381603369462,0.33131333170087385,1
0.04603180921105791,0.3335966943962965,1
0.42689390427002355,0.17402505569348034,1
0.1214765782665773,0.28604289937907534,1
0.1478539896167833,0.4344459147590438,1
0.09775430382094814,-0.3983772936292759,1
0.6629810490848609,-0.024439916282759967,1
0.22197184797403213,-0.15802358043291898,1
0.22398509583449605,-0.014148356274344055,1
0.2782780713917928,-0.1358425935846476,1
0.08355944475981393,-0.09250183125980392,1
0.4504919973919501,0.2548758974795973,1
0.14779665664711508,0.2592373011449836,1
0.4751614998513836,0.03360266984103885,1
0.5253620927817068,0.10841328702358312,1
0.24185208494321528,-0.2134756159802324,1
0.4269723105067598,0.1471714353586148,1
0.5990891564724781,0.1321820551203468,1
0.17747372805243,0.014836805021011394,1
0.1724648246570925,0.22537270719017244,1
0.2718760606410259,-0.23169942514168376,1
0.012530819224653758,0.42100064767005385,1
0.34792014788183884,-0.22648661136582166,1
0.5824095415440995,-0.047676086637102225,1
0.0856314386206158,-0.27556977018130857,1
0.5080020149590451,0.15706258915047747,1
0.11326368806282525,-0.27936920986121044,1
0.12978773089113033,-0.23992541381282345,1
0.29773868558682565,0.05419635004305926,1
0.4062455976749127,0.162987089325647,1
0.542812638344548,0.22691692892193494,1
0.3691152794638459,0.25983092283082576,1
0.16295751918966195,-0.02041281474015944,1
0.10419642014075348,-0.3723227782965444,1
0.0997730386267594,-0.005334308369116403,1
0.26041470567070835,-0.3753314219634058,1
0.3923559028185754,-0.13740483027908962,1
0.459616913814603,-0.09216427033559285,1
0.41338776252399695,-0.11848836036324069,1
0.47974445617534656,-0.30679951532783767,1
0.20740011869737793,-0.23725476842366908,1
0.21900337756178803,0.26006209883573383,1
0.48810317864810865,-0.023038831423744605,1
0.3218605023970375,0.05001233070072754,1
0.18735562576901543,-0.26205919386001275,1
0.26503646298462513,0.2229437520750644,1
0.37838363630394106,-0.19383401486869448,1
0.5019613666926805,0.037998788526833895,1
0.29682927915783147,-0.32436259634805586,1
0.16584395202523916,-0.17748492281585712,1
0.5209071699081033,0.1145034811462757,1
0.24469743390494147,-0.217019690136179,1
0.13941139540349232,0.2280625527617116,1
0.07581139507815889,0.4476264338957512,1
0.6124302196588823,0.032747799492653704,1
0.3391299046223722,0.0950779057769151,1
0.21958366696872755,0.2875575917464222,1
0.17589465179067512,-0.45907896559191635,1
0.024024542150039404,0.37819512549988904,1
0.0672414640813448,-0.02903145861592568,1
0.42246713950595716,0.18189757329258913,1
0.33365921287145955,0.1625544725493527,1
0.429093331693873,0.20935118822366564,1
0.23805227919958227,0.0970247426087849,1
0.07184140056712057,-0.07836256041604082,1
0.6029074949247528,0.14265255384096043,1
0.26666842867832635,-0.12224913081382953,1
0.5753103342306661,0.060027506945463494,1
0.3580920163523329,-0.1639925068714183,1
0.6573820790227911,0.07041108209122621,1
0.1697966161749534,0.09995970197024247,1
0.6211587702239953,0.017762397158191657,1
0.16723798844664708,-0.09810017605495802,1
0.45492103167621545,0.053190966417601813,1
0.1899085845084727,-0.2844174632108448,1
0.45183911710903124,0.017429057434771588,1
0.3110372200519176,0.1591767085028536,1
0.2610354496729312,0.3932229865008815,1
0.1959411421977675,0.08710440966121365,1
0.1727074621479664,0.3538931634705128,1
0.19331699102537883,0.38319108247757755,1
0.559557559422372,0.10375831324975215,1
0.4617447135248426,0.1621747725772196,1
0.3005168608259597,-0.2556571827412089,1
0.34276439261746205,-0.1199101842166405,1
0.09934146335407397,-0.17067434068499396,1
0.22566219568127702,-0.0008335303312377332,1
0.2249461091876849,0.29198078376107667,1
0.20756065014952005,-0.22991576078994896,1
0.2721907557005189,0.032477177236574714,1
0.42196851032891697,0.07334352743305221,1
0.3622074492365745,-0.040507545163934296,1
0.016798735616646965,0.24471229328394783,1
0.3044384457700902,0.04080889206452938,1
0.5884114703182655,-0.03689611209634964,1
0.6126275155506381,-0.09714614728310451,1
0.6740342643541084,0.03387766600346391,1
0.17426532198476,-0.4841158421992063,1
0.2373059134451989,-0.4316307386819005,1
0.038340766944565174,0.30414529076941715,1
0.1514382496871361,0.3257423692803288,1
0.32008062037205604,0.01615660440790838,1
0.13379706300526206,-0.19964096007486037,1
0.3858067567102643,0.014694051691329773,1
0.338908686492099,0.2016098145080101,1
0.16169643344761886,-0.012669790106227107,1
0.29909523728140375,-0.3372774458562804,1
0.11253454424281963,0.24702599413959733,1
0.20488222030325653,0.06123279833780364,1
0.4120059391974252,-0.060498154155897835,1
0.33262500607884493,0.09229149236196008,1
0.21823461181113066,0.36259564490280777,1
0.4483647314562035,-0.0765201334182551,1
0.41018496845596814,-0.13842220699355387,1
0.4548946067891661,-0.06787202995790315,1
0.41831925106763007,-0.07296298495687564,1
0.23490443584754894,-0.07295305184458298,1
0.27315509422005113,0.13101516948596315,1
0.1106542496112556,0.41500211824871036,1
0.12544574323946978,-0.42975579449165996,1
0.30840965543602333,0.22507303148124522,1
0.2775702866733143,-0.20164995209184003,1
0.5430368038246206,0.00660791134881624,1
0.3577466253325294,0.0030833057408384728,1
0.2776513797929456,0.4029853312867691,1
0.1587004319247977,-0.4337012927170324,1
0.09426044873031643,0.0055852676245300055,1
0.504140083868493,-0.21203272806888626,1
0.38205827567447354,-0.1565102569037189,1
0.10685387936848219,0.26561123762596833,1
0.2671737293390795,-0.34462748026736384,1
0.3933223370648516,-0.02077932690716041,1
0.17798217794271087,0.23457706623641444,1
0.376825477213076,-0.009578739220365893,1
0.11123006124002442,-0.04543667223633735,1
0.6415934208134624,-0.06328794990298117,1
0.396336384203246,0.13843985581732807,1
0.1421812264938732,-0.3444793967559862,1
0.04365020036927772,0.18764705597632536,1
0.4090599094877364,0.036590760795924875,1
0.2347158751359142,-0.2088088252763275,1
0.32217684647617983,0.3214160699570519,1
0.26349601376392123,0.09012345817980376,1
0.6176042280807091,0.038349429514378246,1
0.5790931283551822,-0.16615696401739952,1
0.4113179981578836,-0.17098053223166815,1
0.29680013286751755,-0.18132889409033504,1
0.08504221981463606,0.10963693898466796,1
0.31226169989445735,0.03579531997692488,1
0.03715410553750443,0.3883740147204748,1
0.4838748446084265,-0.19427034911378638,1
0.4429748554033253,0.14669079862447987,1
0.35307227924840806,0.05253311267628485,1
0.426679397398185,-0.09107743007980378,1
0.16149166191638428,-0.16428861564282862,1
0.2918982937755345,0.319757802689548,1
0.48468596604624625,-0.14884675362697708,1
0.22287624522618563,0.10380094168135703,1
0.23170426968703503,0.08127658286063862,1
0.13577724929661475,0.2730915459575756,1
0.39670325384864114,-0.1102093763023456,1
0.6363059418926303,0.047410948941471576,1
0.26510719616466927,0.2968748942825578,1
0.26269298806855423,0.26502820062070415,1
0.23728520321869714,-0.11678247202150895,1
0.4896093831663797,0.3009759216475992,1
0.056347500688961,0.01029989658488172,1
0.04830587559263669,-0.09935342640221327,1
0.2752203424404862,-0.30044666743945836,1
0.07433069748483945,0.25313329340889307,1
0.2875939099714817,0.15527494884776447,1
0.5197709457436194,0.25847821594774345,1
0.3502743368249489,-0.2577644979038978,1
0.6729880820679935,-0.04054278155599078,1
0.1494636975619454,-0.41762495961253704,1
0.07724604691519162,0.36147917614233965,1
0.6087322049939983,-0.1056066119824484,1
0.35771602840483546,0.37870983587238977,1
0.5774736765327179,0.30205767645395126,1
0.21152290941674526,0.062103582039707554,1
0.39448386957888254,0.1081813772565458,1
0.08026685826878831,0.11048833563923967,1
0.04832018750340298,0.333419036173368,1
0.07991111401139384,-0.0005453435473127923,1
0.3167394061928779,0.13066563654105817,1
0.2037756024066884,-0.4476591503239369,1
0.2961515963313407,-0.17744611726828047,1
0.18307507985820734,0.06821290384012448,1
0.16067533373529952,-0.14925626793334015,1
0.08076787958785232,-0.016919178997898143,1
0.4019456419165755,0.026029378589966273,1
0.10881026797362625,-0.30130063030743603,1
0.36049732451427585,-0.02770496441056139,1
0.6602121689790748,0.04126807201865739,1
0.309798976948429,-0.007876512061352514,1
0.09451540204327295,-0.16762592172553015,1
0.45522007561297945,-0.1368113856612545,1
0.20028221958190612,0.0004689972336789077,1
0.422524092898267,0.24014307940981805,1
0.17440928713697934,-0.05931498066647392,1
0.05621754029741573,0.0677868955870294,1
0.1261968783952565,-0.32957541690571146,1
0.3194903738473984,-0.28719375467068964,1
-0.013640676245935675,0.49598753625799874,1
0.1961161331151007,-0.4940724901293137,1
0.23530037591514527,-0.27642950217732554,1
0.43553024536074175,-0.2797897031427873,1
0.19137850465682554,0.028966792448861366,1
0.4263874566548639,0.1706334772173719,1
0.13228879575202482,-0.037904030366280254,1
0.3034083950078074,-0.26081500721193535,1
0.4050696448237799,0.06235308205116589,1
0.2518174967441767,-0.4241143671482917,1
0.409597822554132,0.1783036914984151,1
0.24604870903155468,-0.2291680111784346,1
0.03393296217015832,0.3377208067434385,1
0.3970235840531432,-0.21412393556607975,1
0.42613464514731386,-0.3439448555479753,1
0.3691161796434591,-0.10532622034589934,1
0.2654351889234876,-0.050242310601034706,1
0.38116402481256656,0.08870846425221317,1
0.14396975825472477,-0.2545185144796015,1
0.373847360976747,0.2811287140458122,1
0.5451019919581384,0.15969983177068342,1
0.26579720190475475,0.2806131005379159,1
0.5991393673076636,0.1605015319043203,1
0.4026283353453057,0.024112817433793367,1
0.03937281328133001,0.12278188966115414,1
0.0974765541114005,0.07417833890559786,1
0.11542991264545738,0.2051147975265563,1
0.16867185032036067,0.11017786256853612,1
0.22878057419027198,0.027526783419461097,1
0.3429761666744726,0.21946309398908823,1
0.12808568584822383,-0.326820164294849,1
0.2964863543255303,-0.27781500329044845,1
0.2650888776640205,-0.259123848686578,1
-0.007983945618106145,0.47102451929730227,1
0.3287266572634045,0.04160934625034638,1
0.403596972069613,-0.18026576234257138,1
0.5876670998634097,0.12021733918808578,1
0.22690495197206662,0.20635494119580125,1
0.4668532620251347,-0.04129863802189783,1
0.010591420797433061,0.4551422744097616,1
0.5874211276089162,-0.038769496075526245,1
0.6306155220797578,0.06208233467023535,1
0.18768586015034025,-0.08821575497390673,1
0.5809900848975791,-0.08718813297982635,1
0.2512924344160336,0.004971585791863259,1
0.28377408261196624,-0.02614536393855791,1
0.35647220994886625,0.39971809824790866,1
0.20023498242155377,-0.4136015774186944,1
0.08023237941254899,0.32446672912694186,1
0.13237335966891187,-0.40274621996908344,1
0.15194877066595253,-0.39215002043080904,1
0.06520159638589322,-0.12116980779448185,1
0.25383698533369303,-0.14193668352089497,1
0.004416359092437716,0.3866509109062914,1
0.14872953086390228,-0.3449483360425742,1
0.04012806667717896,0.0076014474953134785,1
0.09726470585060949,0.12145530444094986,1
0.47060370629159637,-0.07690959512039781,1
0.07493819508600157,0.010280333429034632,1
0.03073202005800226,0.11054001818534492,1
0.4942627439630852,0.14320514266166068,1
0.31390589669628477,0.29368630629071335,1
0.08522116196695616,-0.2874175227530341,1
0.3788948958942565,-0.07947556739120763,1
0.5427738682194708,0.1562178977980419,1
0.05237720161668134,-0.11731415496070775,1
0.3741559028311264,-0.0963712008414469,1
0.49730475782919054,0.2688842503206696,1
0.057365151437552796,0.242457850250786,1
0.07589630355601064,0.20065030515622825,1
0.11799309117779597,0.29557268860803987,1
0.5211411880552339,-0.19335710126572622,1
0.1193614430711045,0.25764493628507096,1
0.20998228139628594,-0.18870598277150102,1
0.2543189250478549,0.009304357701605568,1
0.08900336574286578,0.29205777650559805,1
0.17132865617112014,-0.21845164139357656,1
0.24731204519140024,0.24699692698677203,1
0.18970552542952226,-0.4963546075043245,1
0.22737875908193397,0.4117483621260036,1
0.608286374220882,-0.046035953828095805,1
0.5662609476562728,0.13893826076019686,1
0.3979852605287107,0.008694643242824178,1
0.4485703918756174,-0.2162998380652425,1
0.2184067632126066,-0.17143283047409869,1
0.5967369296291228,0.16636588736995103,1
0.271808851034767,0.34814352584880304,1
0.4219498497634624,0.16460889935496534,1
0.35913995072577864,-0.1853495005698279,1
0.3018351941647095,0.02111274548142355,1
0.43468066731645627,-0.1458536374369791,1
0.2521420262209494,0.037072058287860726,1
0.2725758764775999,0.01383772468510391,1
0.110559475633603,0.3448878234984227,1
0.049780894392986955,0.39675285101259233,1
0.6294716853971506,-0.10024696763651635,1
0.4306428510264236,0.2216092037549343,1
0.44674336525623304,0.1131708754829248,1
0.2934831563328278,0.10905733214780161,1
0.4636848795641421,-0.054755055402921055,1
0.22458921192060402,-0.3305089334579275,1
0.3408647157392425,-0.14212387344228092,1
0.43373879900893136,-0.06668103411460367,1
0.4653654847490172,-0.20577825568045946,1
0.5783954557666565,0.031140149760156444,1
0.09146299938847317,0.2618614088776909,1
0.403528663320404,0.03847230359911631,1
0.16884855805064589,-0.40513457772712413,1
0.357346816208482,-0.16176597265953074,1
0.14943222282254262,0.11791625845858227,1
0.20226734833502838,0.13721962326962034,1
0.19781648040882405,-0.3001941177388147,1
0.030922631109722484,0.30301840679966385,1
0.16274993568062723,-0.31369967176982816,1
0.574079133497421,-0.07918762548877029,1
0.5271487952280219,-0.18213648239739516,1
0.6905609300020726,0.14115182954765187,1
0.4445474191709323,-0.06344653412702787,1
0.5810454532229814,0.13903272357481636,1
0.027172960346927105,0.4026221888226955,1
0.6034105430647111,0.05717660968246133,1
0.20331256317166832,-0.40761385193662736,1
0.5502540513424612,0.19301833546968677,1
0.27070708188307974,0.25451282639190626,1
0.2633789339316456,-0.3086387979166661,1
0.3081509375236706,-0.29511187063459193,1
0.23093894387518027,-0.21645916041853777,1
0.10193783877558167,-0.40824442218170925,1
0.1250162978001909,-0.43745732916498103,1
0.2544827716519596,-0.29820098965358666,1
0.2307066392287974,-0.37652848128223326,1
0.5044414806911425,-0.13686669358328835,1
0.15785014401318662,0.14342794826383362,1
0.6078848111678313,0.056049079027311086,1
0.4817008642443558,0.09661003118035033,1
0.47884042068792515,0.02551987092872136,1
0.13218305939009706,-0.10079203302064522,1
0.3377629977302253,0.1851603843241706,1
0.1348370659472041,0.4155931576432188,1
0.5948482023094264,-0.031946170213193695,1
0.2111673165175824,-0.4628320915184967,1
0.16913917599134762,-0.23989557910472634,1
-0.0076638588272459176,0.41766477544877867,1
0.48640485242303655,-0.026565912079813882,1
0.6191252681901064,0.009309458877221819,1
0.30218401308077664,0.07476499377637885,1
0.27910989679538006,-0.08861126430611181,1
0.5672905960051585,0.07061709462957257,1
0.3404359781227898,-0.2946522663136715,1
0.19004190209220115,-0.28950445746074926,1
0.31898945387761973,-0.06336361675300108,1
0.6477242819495221,0.05208794312831563,1
0.1910381792906981,-0.02833401887661215,1
0.4387378063327757,-0.28306819202463407,1
0.49821237739389657,0.15870422973223342,1
0.295668344317558,-0.24498753449678673,1
0.36182095942878273,-0.024244834440719867,1
0.217576783055555,0.34299560120745454,1
0.3029355888690046,-0.14269143945083587,1
0.43133479754412846,0.22543625633186623,1
0.33859942083605166,0.019589602025902614,1
0.26752781257667685,-0.3419124998100867,1
0.2892610035126712,-0.16104655057595402,1
0.3514154492984967,-0.09558672058558326,1
0.050346288985135906,0.33412375938218203,1
0.41566545409460015,-0.2320692509053917,1
0.5429456987563234,0.12769511459365132,1
0.04614923683269357,0.35323914821092467,1
0.21603442981690607,-0.3663561402004232,1
0.29066543422771424,0.22398193900260774,1
0.15508094161787878,0.13160331461424424,1
0.37583487832367773,0.2708627063412342,1
0.4655215741212991,-0.05175362951186104,1
0.14816216129234924,-0.24407054648145002,1
0.4744602133410392,0.02054963793723657,1
0.4923427497536094,-0.24534154168030167,1
0.18610661681432156,-0.3281478500231481,1
0.31711265776066183,-0.24308921841984987,1
0.3973995632021188,0.25469871388832366,1
0.06289166628793745,0.20853228253667386,1
0.3399578217312767,0.15262855843862577,1
0.36557533146623444,-0.06456258872604753,1
0.2733324419929864,-0.23631614388387562,1
0.4203391246232093,0.1483009099341799,1
0.42707510497790124,-0.07151586052703052,1
0.12305846578322317,0.22580556117808878,1
0.42493050580893865,0.0005491829333405613,1
0.30885195561788176,-0.16056088126500526,1
0.6270375622872846,0.0956353414886925,1
0.4470972771889862,0.24625607311734252,1
0.35745753494073157,0.08277706533730034,1
0.07457650023813066,-0.14884262234135576,1
0.42436868311040304,-0.3219339215749763,1
0.08039002849345392,-0.04266646929064815,1
0.11357293636212396,-0.0841899391621284,1
0.5058446233952109,0.08326229981750526,1
0.22613215018890054,-0.3160954253671668,1
0.20355581557519298,-0.24993695390718512,1
0.12667866234273079,-0.38915249326186024,1
0.09578742618423784,-0.24399496267187704,1
0.5302832245694877,-0.005080165183428682,1
0.35993661082329265,-0.36973989099232646,1
0.09779717348633525,-0.0379640834010114,1
0.4113033759694247,-0.033549917801347924,1
0.1438003872787735,-0.07288923438744332,1
0.36831820493406014,0.23335905163291906,1
0.3630225214828223,-0.21072507170457427,1
0.2638422125643351,0.1137136084810491,1
0.12187350828492884,-0.08332296648817754,1
0.12142815542959277,-0.2179200772746853,1
0.14644430087876553,0.28437133453509217,1
0.6078035226912915,0.15697878759412753,1
0.16631339380032983,-0.34329093698401936,1
0.5340482679680061,0.11511878197412982,1
0.4926658045994825,-0.07388496512203023,1
0.7298922640661758,-0.0014759979179481027,1
0.2063619782451513,-0.2505471195020709,1
0.6240613944656697,0.018105693283615606,1
0.26749017390573754,0.07818334500024751,1
0.07954285369926858,0.4039691629479111,1
0.40971738716327094,0.04927814251997293,1
0.5715529537349842,-0.025553096680237943,1
0.04482249033728658,-0.09364558822126379,1
0.3900307573024457,-0.16716896205786666,1
0.14044662213405235,-0.1609443045093625,1
0.12332819295211347,0.049101804570237786,1
0.15313298967007724,0.31952007998928444,1
0.33592752956237826,0.1842607510130732,1
0.2892535067386102,0.08432005447730477,1
0.19750353258350892,-0.40210499546919126,1
0.4285466316175223,-0.15254727624519857,1
0.18686020883791393,-0.28098680278425,1
0.160512704848956,-0.4512850704501163,1
0.15511246974855927,0.27764269299485156,1
0.028535270485824986,0.41276505948114883,1
0.2913269037825661,-0.01831622257105401,1
0.5413300145289627,0.17369523354602842,1
0.31703306979094636,-0.2460693723524483,1
0.5353650870283504,0.048935652262427874,1
0.02483511963019954,0.434938705087293,1
0.2798807082774212,0.20001573287265093,1
0.48676332457121274,0.13485853433764916,1
0.024714773366526444,0.3856236235847725,1
0.13809958104631162,0.14067532659605234,1
0.3632003791800845,0.0010445564251715138,1
0.32578195119683073,-0.27217920331486767,1
0.610039577338236,-0.06921842836634955,1
0.17802883869401154,0.309412491589784,1
0.5840751418589127,0.07893543573982027,1
0.24626837601217083,-0.15521803826297126,1
0.3126696775858144,0.1002493555734133,1
0.3097071699712982,-0.012801042395803004,1
0.3151853532536872,-0.418167715542855,1
0.06736301619904025,0.2716108707172751,1
0.27396352523150763,0.03983914269272095,1
0.06719263786421104,-0.044773774102066,1
0.0704820707892993,-0.1762107011087874,1
0.3418421900545326,-0.21901427307240856,1
0.4386920067244824,0.16143981716038525,1
0.2294752149444402,0.046827323527078246,1
0.0878124266229252,-0.2015635109698774,1
0.3032605231067296,-0.21685864809946379,1
0.1888202235743697,-0.19831071260220656,1
0.11036309821525307,-0.07717349663900103,1
0.5157888046488367,0.17593883632544008,1
0.0549497246980119,0.10212842206113369,1
0.6406032867235288,-0.07123860400559819,1
0.33834700764903625,0.18652705984310183,1
0.40822834486035414,-0.08641119547624289,1
0.2357723696363823,0.013605852979015037,1
0.31799292120744066,0.0640536543734355,1
0.06406591064183768,0.11366580503917237,1
0.19170781604557224,-0.16094582792462725,1
0.6519409225450975,0.06348172166126628,1
0.5612210832196498,0.14468230798621143,1
0.5072098405143958,0.10217733195278972,1
0.22277504710667792,0.03926117614728427,1
0.33191553935822904,-0.05004373634001563,1
0.24176482814467012,-0.4391672935857952,1
0.25705516959906205,0.12444841299710573,1
0.3133546785385781,0.2351343366176703,1
0.17856218198720777,-0.4079164865284168,1
0.08785014136926413,0.25563327515784917,1
0.40788499764373376,-0.2880070599849053,1
0.37303232111624485,0.2669602862801764,1
0.4674247593390246,0.11437305916747523,1
0.23330315324798212,-0.48113836866120724,1
0.406257593958053,0.24793903132980272,1
0.4134189818023434,0.25283267635546386,1
0.6128758130752578,-0.03405894849267138,1
0.18561747563017222,0.22571320102464837,1
0.0755987136578689,0.3996253006546807,1
0.6330468419050924,-0.09716567885458768,1
0.13816108070433678,-0.3668823164431584,1
0.11483782235475064,-0.14780512278603222,1
0.13864656294478814,-0.37796249818710964,1
0.43642688783469524,0.009908440194521135,1
0.3196467180597925,-0.05052804423385265,1
0.177200240194708,-0.41488025008236273,1
0.06514031616764443,0.024204632218921617,1
0.28866110323997113,0.37392120801847434,1
0.39878933285368884,0.19304687272327686,1
0.2855605513810888,-0.04152265763747748,1
0.42331802904671667,-0.22709419655421087,1
0.07960774108940549,-0.03791924135990389,1
0.6216729974359363,0.09228759800547777,1
0.34830680766012784,0.1402138308191015,1
0.06732816237542433,-0.08807248151392143,1
0.3207019848555411,-0.27676555917603046,1
0.604582198353464,0.16413012943140926,1
0.35444937633263174,-0.0001242018872916991,1
0.10359778853028954,0.0682828663768256,1
0.008493321484975423,0.18953330072287553,1
0.5781674724530882,0.08800874718252137,1
0.3619220824248558,0.3140253006720429,1
0.3853243596527719,0.011565194316253956,1
0.06637515510646952,0.29811882522603356,1
0.3019333157559759,0.045613682416612726,1
0.3584014721378722,-0.269056967138543,1
0.16797459840091186,0.2617134060302303,1
0.10399192956038174,0.19701753695720334,1
0.1489046390805272,-0.1212598636829605,1
0.37441257225355856,-0.2886473084462937,1
0.12034746159404729,-0.3660685950094562,1
0.16017571109003848,0.27594160251642125,1
0.4665779192766503,0.19013813110023886,1
0.10596005149974295,-0.4186750967156434,1
0.38046752903588626,0.017030062539554244,1
0.21120150170317606,-0.20389667396269476,1
0.07231836696104342,0.41984182429287514,1
0.49343881314296506,0.28140118927301916,1
0.2768319999788139,0.21456251635811943,1
0.3110330146662213,0.32500309810927086,1
0.2526111835595206,-0.26433758618210323,1
0.11855500515652022,-0.18524697485469807,1
0.47791761844653746,0.09803355096706355,1
0.06743407161210523,0.3269622484476293,1
0.28803164733928366,0.28939039919815557,1
0.040135536159496915,0.16870158019491652,1
0.25705194361995387,-0.12266141542514776,1
0.20041745549018353,-0.18048234046743813,1
0.323814723752308,0.0007906961650653437,1
0.13037271980486126,-0.2862928591179903,1
0.31338924882810326,-0.30523169410257184,1
0.6201093584584596,-0.14111420383594636,1
0.1971002738975725,0.32448942527847513,1
0.09120929102599626,-0.27281553992328184,1
0.3103063730324552,-0.2884816840384337,1
0.3666479748096338,-0.01149037764888075,1
0.5552719383868121,-0.03502673779455288,1
0.28282121774500185,-0.1673576277934194,1
0.6475801281857849,-0.028074265666020295,1
0.38236657859160467,0.12316510407715753,1
0.41342113709916384,-0.0988079175884285,1
0.35641762775617486,-0.16533657858406622,1
0.2656402089380417,0.27332558722115363,1
0.5175723061595365,-0.09075699234052535,1
0.21222024489402763,0.24355951248017152,1
0.4614550987358986,-0.0151707642406323,1
0.22395729820628735,0.29678928905195534,1
0.16751230563044206,-0.4433416882196283,1
0.14834793883605407,-0.07967583627183977,1
0.11951969273738468,0.04435881051889438,1
0.09395146121655458,0.027935826366421296,1
0.6058289436122385,-0.048142488404476616,1
0.5805128629356369,0.28350134830260626,1
0.5436698545932669,0.02896584742456944,1
0.24821694482168702,-0.11888980437124294,1
0.3295701937051961,0.17819529933584768,1
0.6287528928924573,0.03883387414284662,1
0.265523556678926,0.12927084762690835,1
0.050940763995503804,0.25411157401362705,1
0.15793799691165902,-0.4043380109740907,1
0.058858805798996015,-0.03339308407465763,1
0.13614032930582828,0.08567707046863796,1
0.4682696190974509,0.1281812301102667,1
0.4503283029125561,-0.08393906993807784,1
0.28338110893741497,0.2883616735438755,1
0.41815188378453966,-0.010256992911297162,1
0.5676787307425164,0.1987533748548489,1
0.4941124605508837,-0.26574734913942,1
0.19541849409622541,-0.16733543366519682,1
0.31598630227360514,-0.14168039198925786,1
0.18284995720726432,0.2645776626534658,1
0.1627683199529867,0.32448238952953945,1
0.6391560861609816,0.05222730790291041,1
0.06765519482926885,0.11517097681824799,1
0.2654444036906988,-0.12333549758331341,1
0.6095656064433984,-0.1063444885968743,1
0.40436693670638296,0.09131623531744278,1
0.1217604484255703,0.24815777518696078,1
0.3052114633885176,0.13358808364090322,1
0.6862540042137153,0.03284718206323293,1
0.15474718180196012,0.1819536151302405,1
0.22323832244077044,0.14413442178022728,1
0.15578023181818149,0.1881331753039005,1
0.10778487576077711,0.33400229689683475,1
0.3124110587466191,-0.023786415448186243,1
0.16596960059797214,-0.4733037754218788,1
0.12112113246711352,-0.35257849966753385,1
0.2909425346083223,-0.3157749059886834,1
0.06847815700449351,-0.0772449929530565,1
0.47473836352249876,-0.13714171779749737,1
0.021552840468238087,0.34306007116988907,1
0.2282262567805901,0.22281388683153097,1
0.07890815263145327,-0.10286450208088115,1
0.23568969426755088,-0.4266590533888769,1
0.27581523187726203,-0.28627962868441836,1
0.5453912815483357,-0.054085798509840015,1
0.45589336001722996,0.29533075466022385,1
0.2629719120851875,-0.3743755595634069,1
0.2502652268400032,0.14487740914774158,1
0.16105331708630238,0.37108364435299646,1
0.14422051177146875,-0.1515468230211688,1
0.22933593469890617,0.24494026581647876,1
0.1382507197099859,0.14902820418780433,1
0.6444281967341071,-0.08939469450719008,1
0.1354416686341337,-0.37238544687511277,1
0.4355577522593649,-0.2905571727447823,1
0.005378512076306764,0.24579405025551165,1
0.20006899903158037,0.23931839258229345,1
0.3015027755763019,-0.19315367503036907,1
0.07790680078289378,0.1416978585457411,1
0.04781899418822856,0.3226875479299868,1
0.4871676182023738,-0.025732006024258656,1
0.2739765705506788,-0.07176596436422965,1
0.22494457544641935,-0.5112130475074487,1
0.6409592591184343,0.037718822611474793,1
0.345945810570631,-0.1807137085541364,1
0.5315794814751135,0.010959318271509704,1
0.2984678560814485,-0.304948539510196,1
0.16705595619415783,0.038344938862271166,1
0.24368770477475477,-0.08282813559560485,1
0.2041863839044194,-0.3764713940984877,1
0.1720551883973414,-0.2529853291250465,1
0.4469010615198566,0.08594856933264342,1
0.6675458951160327,0.024257256266658166,1
0.05547302935960831,-0.027800928547872947,1
0.41564682066122155,0.27714415038905715,1
0.609045957776402,0.195105262902582,1
0.14681132262106533,-0.10948043739106389,1
0.1476528126457205,0.33293905149647596,1
0.38766277960697487,-0.03403938486142603,1
0.3654054450881564,0.04369087949300604,1
0.44912314595169556,0.041020905525404154,1
0.4690482898349939,-0.22070005875082044,1
0.6597871867974651,0.17652476958367527,1
0.11259805447884637,-0.1697984754060995,1
0.18892576130723293,-0.1648282531481812,1
0.15940899929696,-0.46152963864132385,1
0.49022182050049506,-0.19834258326024623,1
0.6333621030523292,0.02110480992410909,1
0.54349410930605,0.11463003157407613,1
0.08969840048409453,-0.16558252772541843,1
0.22586125583051525,-0.30701407554671756,1
0.48617195006445785,0.16756864512563388,1
0.2971616037137729,0.10545335016787812,1
0.08059553011901203,0.03484555827425071,1
0.15707432518542602,0.2932470600172891,1
0.0960259586664704,0.1413538345656835,1
0.021299670311156406,0.24859895962352527,1
0.42036101877833076,-0.1526260029446019,1
0.215772380205024,0.034289337302266534,1
0.1920578133297133,-0.034474719758225573,1
0.022419316209724066,0.32330566996737997,1
0.20210234282682304,-0.01877325421151837,1
0.13618748929108732,-0.11376436935879503,1
0.13105304244636967,-0.10080805696849127,1
0.4206049885126364,-0.18078057619699955,1
0.041145032186942286,0.28752597407113406,1
0.3265529532286846,-0.0007992812861443542,1
0.4737472177170608,0.04202085544750748,1
0.3647126305493188,-0.272779295799971,1
0.3526485947503994,-0.09660018249158803,1
0.24860041731164284,-0.35502777292356863,1
0.312969920470815,0.39517396446158765,1
0.5795546379466572,0.05971592012214686,1
0.6132279014311911,-0.1034195256701872,1
0.12121544844317488,0.31585225361042346,1
0.33446447311338523,-0.06779678134890506,1
0.1616271581619271,0.2001883887430278,1
0.052758800637213554,0.3312694433404013,1
0.3737214553644585,-0.0715600863553885,1
0.5669004783275113,0.07586190492233646,1
0.6482800025867756,0.08909346846503169,1
0.5474768346006459,0.13287939949708588,1
0.4577663734282575,-0.08904006423635756,1
0.517744933344693,-0.05119589683708395,1
0.5233235842936866,-0.08026936869884678,1
0.40825687189032506,-0.16531101873323487,1
0.5218639634587792,-0.04018435220819523,1
0.17407507673987754,0.3311366633683076,1
0.03246903429355907,0.24515363049124803,1
0.11999220918136685,-0.4450676790002612,1
0.23285076884918468,0.16004921826116503,1
0.13158701749226823,0.07146165252167114,1
0.5811631434880316,0.10215033967941449,1
0.24815097006225192,-0.4328160054364377,1
0.3395789862317987,-0.19649167358432673,1
0.0797111680420324,0.03660754705116352,1
0.4469784743681842,-0.09230450286007286,1
0.1326897652251156,0.00030138150130848147,1
0.4424497797406787,-0.06899547975287688,1
0.13370325514413933,-0.3580674672508126,1
0.2968857746456574,-0.08044961110799058,1
0.2676515817903911,0.29224968367371296,1
0.5907057559411885,0.020304226552070162,1
0.32904609931459905,-0.19934674623795912,1
0.14230235646112835,0.36831138497966576,1
0.3906662130248311,0.1167408654666803,1
0.23194149375982767,0.2168422556065124,1
0.14814054658213271,-0.11921869790034371,1
0.036953131269403625,0.26803025356454513,1
0.29571345086560236,-0.04883507958144791,1
0.3286942276633949,0.33895138502172845,1
0.3769523295861374,-0.3134300311115111,1
0.5345668698450737,0.14200567176140363,1
0.3491855041503781,0.08918631843779513,1
0.39679976374258735,-0.1746494047926802,1
0.29535087188520187,0.09477666471317171,1
0.2460980918553928,0.2869037948067627,1
0.24785477785750334,-0.29100365417358887,1
0.4919703440157239,0.2913900892941414,1
0.07878741156627263,0.03291853898079676,1
0.45387581464532634,0.28707754502852845,1
0.05365195913206305,-0.09604412872412994,1
0.2927061092901939,0.17261431097915347,1
0.30811654293512813,-0.31823317437385307,1
0.4267076719923728,0.22114092655919834,1
0.46138131588272374,-0.0795948801563382,1
0.1966863549525636,0.41148558226578386,1
0.3477787238209335,0.29259918925872364,1
0.2919412104997497,0.17113201730590102,1
0.12761531697695208,-0.2613351175050003,1
0.16299323213348405,-0.47506877023790867,1
0.19959087924284202,-0.04183993221338656,1
0.16442426053038325,0.12736034967614998,1
0.2807521076256659,0.13937801605200859,1
0.45611324879059184,0.20185706980672374,1
0.284095264793741,0.12388905821448337,1
0.4740338149217621,0.02952749054910184,1
0.5009348532140709,-0.08603758173323585,1
0.3524634828770597,0.19860352004164544,1
0.20565553770399012,0.3787124388939993,1
0.32093300647076534,-0.011802203907792247,1
0.5702193524239119,0.1930638407364325,1
0.38196180991855716,0.08766044060015463,1
0.5652656902278106,-0.11176719618437214,1
0.24120217980900988,-0.28298395080985683,1
0.5249805147754969,0.0024951805753662963,1
0.2781115186559185,-0.3184819584041325,1
0.17931129865242232,0.16987617960713877,1
0.2979342222075029,-0.10994444682081297,1
0.1613112657471446,-0.41117425192380824,1
0.052041968749480916,0.2113475416245646,1
0.41948557657133584,-0.12974485481451595,1
0.28655806592416927,0.03747144443329262,1
0.1646786843301064,-0.2609860360086606,1
0.23921264622189795,0.14861342415016152,1
0.1341917894263176,-0.36976900958422615,1
0.11255939879825141,-0.17859181017531348,1
0.4159373766971133,-0.09709374080101474,1
0.14973838319106017,0.39215978287889325,1
0.08735374500933232,0.31766099151706356,1
0.27259746817550984,-0.07230109206129447,1
0.5144515885207065,0.042512956490767896,1
0.11620044996671411,0.14149346867266738,1
0.4856893601481431,-0.21201354590634022,1
0.2666572692693686,0.0400161489640459,1
0.07248464501839962,0.04913063337716315,1
0.0717147257689621,0.1325814962834555,1
0.31211055810394095,-0.4098476904823584,1
0.02782448654558201,0.10831144035903076,1
0.15547042800084024,0.1843489930145482,1
0.1081247131300999,-0.08442429279741262,1
0.19945159096294196,0.37744005840562467,1
0.5701074509245355,-0.029219609878785642,1
0.5940004281993956,-0.015512077965757654,1
0.1645565402262078,0.18630220053779054,1
0.30580993603241335,-0.15459870355168503,1
0.08519601202861377,0.3672620391687751,1
0.30877455429309036,-0.4106067502700085,1
0.14535083514153624,-0.2260540202943986,1
0.12273151727831727,0.24490796454242203,1
0.4561928833878436,0.029913931831372937,1
0.5302760742654294,0.21742180326052168,1
0.523813719606753,-0.040113966359843316,1
0.11036204753836765,0.11763634428512253,1
0.4159157034973741,0.04175589926506985,1
0.17530970953337124,-0.3584037675379439,1
0.5500634124543086,-0.04519514274647008,1
0.39697091717536576,-0.24013967439258366,1
0.28659207951083737,-0.04326495085119919,1
0.3599499857449974,0.03769693351298656,1
0.22996502756644283,0.4128178188391481,1
0.13557986189161741,0.31786932628762465,1
0.35002836001373977,0.00793587037105609,1
0.11490485861891934,0.025569601992395913,1
0.3863244304309368,0.025769924110346006,1
0.331352544195258,-0.21765949760263,1
0.3032864261607222,0.3061775467933308,1
0.6027810625569665,-0.07515483105719616,1
0.18326046886678315,-0.13184688115515536,1
0.5692368725783155,-0.060530826744057104,1
0.44340217103808044,0.1926091125655191,1
0.13404620664338743,0.08629998574921681,1
0.18508481692686068,0.35399370629636684,1
0.02765237853709276,0.2396772768397622,1
0.07175582650133581,-0.18161169464144233,1
0.29532729416459813,-0.0423425619881215,1
0.3994663639173587,-0.23523023480961983,1
0.6397120385092046,-0.0964769568751419,1
0.15375379985242685,0.18755337738395778,1
0.5314022376059317,-0.18880487754910422,1
0.38286339094047883,-0.09622954373458577,1
0.4620546009050819,0.229229366306071,1
0.11542156188481222,0.44629517578959804,1
0.38547875107694285,-0.1510300093164417,1
0.16530994552468506,-0.11951426182485025,1
0.24550201116145537,0.31411150676371696,1
0.526581167918405,0.047962402950081466,1
0.27643042773939003,-0.28985987712023775,1
0.4010784100609746,-0.17147968482712006,1
0.339125698582691,-0.1973403622883619,1
0.29927572635388994,0.08898562683912611,1
0.37270026204179957,0.28104242896646126,1
0.4336498324508063,0.1161319358217837,1
0.23081396341097551,-0.09121984632710552,1
0.24617917282870302,-0.20827503884235415,1
0.27272188003788034,-0.062177230516193914,1
0.23875017458435469,0.3723267530195182,1
0.28225156984201194,-0.03039786553789147,1
0.10541024801197828,0.23146797617934184,1
0.06822747417330939,-0.03633172971333531,1
0.5045022239624649,0.08539645652785387,1
0.3081660121991581,0.010481270985071301,1
0.08224107216310758,-0.024389787074966605,1
0.33327418129174374,-0.05694976325689523,1
0.14939585575213568,0.4440290987430288,1
0.2816934156172814,-0.3764711752039966,1
0.5193025989187784,-0.015590553535835409,1
0.6829208203808643,0.02787509059665545,1
0.0571202717827863,0.10322326926361006,1
0.3849221130683018,0.301050998746045,1
0.3360904212169339,-0.05530497746681524,1
0.35607922013303134,0.1115824675443307,1
0.3723631279020712,-0.2983164488800375,1
0.450643789437468,-0.07031956561064362,1
0.6603332388128089,0.06360384911987371,1
0.04269680529309637,0.3843327596029095,1
0.634507296872765,-0.002943572366790417,1
0.30314352594697314,-0.2248679343624471,1
0.14154753434351222,0.04674613247324846,1
0.1618615054233337,-0.060719070190178914,1
0.3885064216501531,0.29019062479830215,1
0.21124265978548484,0.08472681029941405,1
0.5694375334174371,-0.17067199376350703,1
0.020703633254538546,0.07939997643754121,1
0.3327752911771504,-0.26359673467739403,1
0.6861991205475702,0.09132763210111032,1
0.22731912662409337,-0.18995401046419194,1
0.2305149686352536,-0.06592412209270414,1
0.26860230422081954,-0.34646510440995754,1
0.29995103764241976,0.008967927000041983,1
0.44715376750372055,0.04269585609516897,1
0.3496578103462789,0.11663804866610797,1
0.5118904186633989,-0.07057365374944885,1
0.2356137572182133,-0.4056310006016096,1
0.3340579095795994,0.24054959445409407,1
0.15629256042582093,-0.3284098445866941,1
0.16396192335138055,-0.4080803956595956,1
0.3029837078986938,-0.15883089666761024,1
0.3392768811370934,-0.02202894403222911,1
0.4192275431891941,-0.23943207679154177,1
0.5391216696838755,0.17962923215425797,1
0.6111869407039123,-0.0516325701852848,1
0.4717590478962738,-0.1854133826073682,1
0.46281231684926966,-0.1852195280345471,1
0.16708123125473112,-0.019129240837883237,1
0.21874644817159056,0.09715579447875203,1
0.14338350474406658,-0.3506577386327064,1
0.5803670594238515,-0.08765963530497138,1
0.44116768898527303,-0.1564327783392253,1
0.15817069414703377,-0.04267141028491479,1
0.15794324870243617,-0.2507410525068819,1
0.29539441361446095,0.043416410043831836,1
0.4738753121211514,-0.005300761014379508,1
0.2245237806385675,-0.18085739502244463,1
0.6559187362817157,0.01493583188693133,1
0.318980787423994,0.19183502879092681,1
0.19098069272453272,-0.1472814991236701,1
0.0911117669942177,0.10672010794373771,1
0.07994939491846742,0.29757655601190625,1
0.21095057184168706,0.10955136997554925,1
0.1142965239297505,0.3482156228553545,1
0.39077866023485125,-0.25210371749797933,1
0.2614528283639799,-0.4130844976009068,1
0.29528378724123455,0.18089972746968347,1
0.13851927684799037,-0.29862362304210843,1
0.49136881420157236,-0.10773784701768459,1
0.1414930482732627,-0.36245832141662626,1
0.37828774757919936,0.25141728329971064,1
0.3318053084529895,0.3408447596215928,1
0.28824874439981646,-0.30169737023439436,1
0.21316134118624075,0.16874175258132912,1
0.08260424326595686,-0.02796925765030832,1
0.3534196614520606,-0.2743031582249603,1
0.16543949930885346,0.12733054549021863,1
0.17264978706734727,0.31796155152776895,1
0.1767867932834751,-0.1679302400863254,1
0.6106643588398861,0.057379844375541444,1
-0.005115252632168169,0.3967910944920484,1
0.4472368120749934,0.1257785352280001,1
0.3673376394292006,0.00852718121833672,1
0.3565474275513641,-0.2504542019188377,1
0.2728769688288842,0.19994552664974363,1
0.13452303414387745,0.02140919727534394,1
0.3849391352888359,0.23797531792678586,1
0.4642339248778035,0.1671701601261214,1
0.36071213589521056,0.17436159119977998,1
0.6096081110991676,0.021137501770766256,1
0.48528299877928244,-0.0712416928448136,1
0.1914656576226195,0.2947992550837787,1
0.04668700315823214,0.32680372211750264,1
0.5419044930614609,-0.12360697973578262,1
0.5273210978899633,0.15481807054175964,1
0.4554724629895781,-0.04381426298345451,1
0.1961506071564841,0.32265602795295695,1
0.22820289798194335,-0.035121650357403056,1
0.1651253665852115,-0.2869434468370589,1
0.13936460125126768,0.067791473787486,1
0.4249781890069307,-0.024671684406463865,1
0.6090735717472756,0.15324342056051987,1
0.23649355302777286,0.15898243890908,1
0.23938141136977995,0.3374318303706403,1
0.5308319312074925,0.0403426822764496,1
0.18296206570257892,-0.3444277726608997,1
0.4449103125601785,0.2882326594498488,1
0.02136704396213115,0.07145699237976008,1
0.37030616666410077,-0.20876550482207426,1
0.521275646670104,0.030668336746001914,1
0.2981987065953959,-0.14089497522264094,1
0.19159546377604003,0.10857955968766252,1
0.5653117001120693,-0.04056272004956135,1
0.3163152767863717,-0.4297056936324476,1
0.33011158008343366,-0.030772931960242132,1
0.14753810205285264,-0.17713891422499717,1
0.3484391589335313,-0.0916955371914884,1
0.29684947300044495,0.308990770513637,1
0.5214974539151823,0.2581571498990125,1
0.4071388931285252,-0.0367756846265351,1
0.46756565853422954,0.11952720644660854,1
0.3198930274915865,0.03617696450619322,1
0.06361579782993831,0.031872810618150005,1
0.09466575975956631,-0.17585372651521036,1
0.13672525466666668,-0.42850259290338966,1
0.1866190139278818,-0.48318147501623593,1
0.003427790157659213,0.32529104853441887,1
0.4491268785730617,-0.13535112818083594,1
0.4962456068314448,-0.12038587533442786,1
0.3235981381786741,-0.24091287934543923,1
0.6609901350021129,0.0735020929420977,1
0.4625262846681902,0.027119542367185157,1
0.6491362309646693,0.06395567773987558,1
0.3838299469298988,0.0954598548350782,1
0.09279752152605494,0.18489982031270924,1
0.1315816631123605,-0.06335449539522331,1
0.11853681818968695,0.4014413464470719,1
0.2559854948302759,-0.13488533834694624,1
0.4012736439387788,-0.21802758178096743,1
0.6124599661641318,0.20420904985021457,1
0.31170748254665415,0.2090016860333004,1
0.6285114181529534,0.025759969095547605,1
0.1323249685425249,-0.2121985953773413,1
0.5806993720659761,0.29595156994141125,1
0.2992684044919078,0.06346191458496138,1
0.20104759259060542,0.20937662642664356,1
0.40132960069524465,-0.23284809331142087,1
0.3950017469288456,-0.2639120543090617,1
0.39941340157826954,0.32083472552803327,1
0.47210066670354656,0.2664322648418224,1
0.46423516975014656,0.24849021147601655,1
0.21046734920341187,-0.19744302290870336,1
0.1810542326269266,-0.2789139309505828,1
0.18899044969605094,0.09943432226508717,1
0.5859154949215261,0.25083361386203257,1
0.4697682958539005,-0.08034649502458036,1
0.1992508993730366,-0.26985697404147924,1
0.3367387705966455,-0.28797820573299426,1
0.1098681911458369,0.06504815633973127,1
0.5735632003970557,-0.15716277999824066,1
0.2164247932926291,-0.3672412631263002,1
0.2259522542484783,-0.20214673809006423,1
0.40699376171498575,0.048548623364188186,1
0.4685617303606587,0.1751486960696787,1
0.06920643309928291,0.10707783150155196,1
0.03242115835780867,0.11404580191633158,1
0.23554514515133695,-0.4352050906649684,1
0.33115847418748245,-0.12127312596219757,1
0.2743954460874814,-0.2345749163986219,1
0.2898792458414507,-0.1577607239243316,1
0.06166480148674438,0.044949279433663045,1
0.44043181145052973,-0.1649790764534428,1
0.15073163431205228,-0.06127842180834621,1
0.21357984037087893,-0.1293199541154208,1
0.6077208217068633,0.15144319950226945,1
0.2248916976204035,0.19807286826276285,1
0.1611293488165926,0.2369741591892587,1
0.24593460597349415,0.16329132649102468,1
0.3352313784106595,-0.40963214890804084,1
0.4331412845251013,-0.33752468363510374,1
0.2629333482787919,0.2657398244145235,1
0.5267015415583862,0.0009401454338308213,1
0.4278426125835564,-0.32547709361311933,1
0.17532611404319698,-0.1474678654923314,1
0.5744462834261312,-0.04344528691169623,1
0.5595309333026116,-0.03554489796455276,1
0.048123707812937615,0.1351926712571173,1
0.14798908805236388,-0.3125280455723975,1
0.20157394465389536,0.3161074751288095,1
0.31527447210049625,-0.24394603852485966,1
0.09384664859553271,-0.24706385977248732,1
0.49025862437756934,0.1826469697323552,1
0.3215553838916423,0.019437751603045998,1
0.23754156198462784,-0.26527702084354454,1
0.33585332763365483,0.04575107902670748,1
0.4452283458522008,0.1547783893520263,1
0.11567829774592968,0.33556027578512754,1
0.6749827031758776,0.062264770697773586,1
0.5231199248221031,0.17362902362020277,1
0.25342387723423393,-0.2210748289091328,1
0.46284649204874356,-0.2316750705136184,1
0.26877199191629736,0.13740496304504488,1
0.3127439904997776,0.2114368442903199,1
0.5372189946799976,0.16405047650471752,1
0.5780730234368417,0.0849763987942514,1
0.27130700112164174,-0.08554267160822088,1
0.5866175382603503,0.2573792932306208,1
0.23137966662826445,-0.5137284677673984,1
0.5280390451962523,-0.09758461116283379,1
0.25066885782906945,0.2791672578624025,1
0.24632410753912615,0.14120774071647174,1
0.12981385131719664,-0.10301236865653376,1
0.10168418806959667,0.028647992173099452,1
0.4247023697115541,0.007231398581018072,1
0.21312684588261582,0.36939405805468295,1
0.22924002093166698,0.07944438957718711,1
0.3895185854670294,-0.03955020498057724,1
0.34742639804333353,-0.14531333730786447,1
0.4822128311574693,0.06164352047956778,1
0.06502901369407944,-0.010177478278699494,1
0.09134303853602736,0.20641913695333378,1
0.449441620316107,-0.17748119187572647,1
0.05786015202218918,-0.10316653653556446,1
0.3700024472968786,-0.1422983848514126,1
0.16639191466563302,-0.07833366572684422,1
0.191843360506853,-0.4239255005469412,1
0.3518098496874038,-0.25908492519812987,1
0.10679864463754184,-0.18411218507921123,1
0.5185670424894381,0.13876591940816643,1
0.1589394043653492,0.34272106775955413,1
-0.011148327449820934,0.4910717393588821,1
0.2672998803791751,-0.16860954196609723,1
0.25826885840548297,-0.2743971076350803,1
0.06702124592483095,-0.06275767556272513,1
0.15570200904965564,-0.12371061632735075,1
0.2387318563266286,0.3158268801977385,1
0.06236915537088836,-0.01122268770696373,1
0.5439517869223989,-0.04131882355134526,1
0.3254877273954514,0.24983060760906434,1
0.5158555749361371,-0.14248698510326174,1
0.5312520159821519,0.13701189056519045,1
-0.00038630764610739937,0.22582151458253916,1
0.23484460064563584,-0.10319350433354657,1
0.22526130334041494,0.0661637845452078,1
0.34024420418540036,0.009262994741561191,1
0.3026228606089936,0.0034109600073520597,1
0.5948780329958752,-0.05052583953216383,1
0.017948153094318645,0.07421116129511288,1
0.361884779624793,-0.1915563117531596,1
0.2634988462919632,-0.25002852123927144,1
0.1420611587604177,0.038938710522872594,1
0.42965444557037835,0.24122627783121486,1
0.11518912980346332,0.16130029458878964,1
0.2503522957591088,-0.1565255968730959,1
0.15686919569102042,0.1830591182967518,1
0.4491256556235115,-0.16410310888309643,1
0.2130102663840002,-0.08193957932339788,1
0.6443139235014501,0.06656065804898126,1
0.34512791521869074,0.2808807937366466,1
0.34602088713568835,-0.0001699499122411764,1
0.2225424037660804,-0.09712128456364805,1
0.25718274054514234,0.258693590461966,1
0.46553916170779325,-0.2007017654669927,1
0.13195030162182114,0.22175312053990553,1
0.5835304164795947,0.08637538363829016,1
0.04419191809210738,0.008076986981163348,1
0.5200830944667225,-0.1319183164830558,1
0.018368988773926783,0.20396530834946577,1
0.05766835759122608,0.13137490261201218,1
0.2409762785921294,-0.18322484702765499,1
0.11406670851200817,0.13631082674679504,1
0.08835004114029782,-0.0474339305109221,1
0.5083993099595763,0.09425379412012369,1
0.23802903135643164,0.35086257275965255,1
0.09666733867798466,0.020365385561100728,1
0.5366339196349614,0.11846554071012777,1
0.5991024952363974,0.17164549531689294,1
0.2739172195643789,-0.23318860997573365,1
0.27880836609231513,-0.15535806533014765,1
0.4751763640043009,0.171320449808599,1
0.523071982122555,0.0134519652384116,1
0.43517593211417804,-0.11892180662942074,1
0.27274437571096016,0.3509739816974377,1
0.28953320512619435,0.3101090131863872,1
0.4174257175381129,0.005073507056150973,1
0.2610059387209675,-0.3183909849218355,1
0.16855851478995498,-0.3143175250447927,1
0.2707404557263103,0.06187305689772409,1
0.18263688440249654,-0.11080492960817884,1
0.30693920927337787,0.03360000176355841,1
0.21054140365428264,-0.2862369095073444,1
0.21413146857946289,-0.016345301507283957,1
0.3522270923553687,-0.27100437760359897,1
0.394156503123762,0.11538394563790426,1
0.46934631799153975,-0.3178704823818329,1
0.49232395252508193,-0.12864282046898706,1
0.6219193966573537,-0.15759348145750857,1
0.09138215734643995,0.4120366025490425,1
0.2232879063396517,-0.18387293471194283,1
0.30720845279209436,0.25893053318615167,1
0.1287309734015957,-0.3265364102644248,1
0.4444133006406602,0.22977085135501127,1
0.22737015130047789,-0.2009028007823009,1
0.33170379265447075,-0.05590351924783255,1
0.21883070002354665,0.09027289172685463,1
0.21581725952236944,-0.26568286251809886,1
0.11164855256371371,0.0937036356020375,1
0.2531545415322425,0.34357571780219104,1
0.44344621743218754,0.3317645185812895,1
0.11325210001779636,-0.2337123970353132,1
0.6142476591252083,0.09611356253988106,1
0.297184358342711,-0.19280943237403705,1
0.014186273073659704,0.39803989062692974,1
0.17224502464277264,0.3315811200338755,1
0.14369259875084148,-0.426959447327622,1
0.11670140452935981,0.260232367095634,1
0.38665259053430834,-0.09396363531680484,1
0.23914057712209424,0.1189723049065419,1
0.623489276843161,0.02573359464145501,1
0.16300000699175418,0.28610463032034217,1
0.326023552390774,0.17574503746239303,1
0.4235327323996324,-0.14881163865264266,1
0.25206494958910153,0.012716042165072012,1
0.14421304453049746,0.027792535594863263,1
0.32849123360288285,-0.33857997529846023,1
0.24846960996265832,0.08002965849878915,1
0.1572095623781231,-0.18192631864186057,1
0.4100876717858989,-0.11323934911341559,1
0.40830508641550595,0.05992433883216288,1
0.3568464146478407,0.15815277239709016,1
0.4230545934080116,0.11970525470817536,1
0.1684583429936411,-0.24497271797920456,1
0.3527236282693652,0.15355597540671612,1
0.250453993770716,-0.06998062502381967,1
0.5027026715438635,0.27717037832794733,1
0.18238355553842903,0.12159800233522734,1
0.2547106492104556,-0.3291959676897015,1
0.41636982295627445,0.005627757913783793,1
0.41743604754775987,-0.19957514979073218,1
0.1331680754284212,0.17382385127008487,1
0.44026416329881984,-0.1467701595090825,1
0.14843795538657156,-0.4232563161000922,1
0.2708484256792665,-0.308054587941298,1
0.32674516282437827,0.06512313425143032,1
0.36298146380900553,-0.0918401890147889,1
0.23455253364973244,-0.2771206404903857,1
0.18580827999097735,-0.19070948305493426,1
0.19286039285092776,-0.39852736333645083,1
0.32648330049308255,0.3854466813178146,1
0.2827491752744919,0.007043193268075236,1
0.22491034691079456,-0.1735258799347262,1
0.3251329592675091,-0.12465310740986513,1
0.25651272135739084,0.2508835059553243,1
0.6613793460878662,-0.01209781515868539,1
0.3483677778300895,0.25439047051438163,1
0.26846648687409497,0.3159085552071179,1
0.025583740246858916,0.2929274134224222,1
0.2081401613943808,-0.35567918507126445,1
0.08162501898460134,0.17544218240926415,1
0.28692275350848606,0.05914703989819695,1
0.11414138896540688,0.17948414488300912,1
0.09477551706555362,-0.27690263361251305,1
0.2590695372595387,-0.261497621619325,1
0.5419915098303877,-0.06275852945199906,1
0.2647051422491452,-0.20122996657031128,1
0.10513163067819745,0.29435104875990187,1
0.2252578088825749,-0.5163322275436522,1
0.10235947844896945,0.0807367430772682,1
0.3490212647746223,0.0856190007478602,1
0.24919289776987422,0.22268684298375158,1
0.12220638922425035,-0.2543291116570092,1
0.09636316503050253,0.25032805909442823,1
0.1895304304146467,-0.23076435080878857,1
0.09326405493248546,-0.12109993601815691,1
0.32654762476375304,-0.15451509973473584,1
0.0113236373611794,0.3888889021213395,1
0.43179651804499863,-0.12907778428325126,1
0.27240156997413945,-0.3772933731442977,1
0.5197951348437982,0.08928417051451333,1
0.38592189073201716,0.056593783005979205,1
0.1195011016266337,0.29309025855746346,1
0.6272734925346004,0.030970866735325266,1
0.5547956928488349,-0.08519250326178987,1
0.3424747717526549,0.15537103250146855,1
0.4366633158879858,-0.13214577503378858,1
0.2303843951547824,0.3156185171585433,1
0.07370833136126821,-0.08828308691571572,1
0.5124277448253265,-0.01950820609856931,1
0.43195908340286043,0.1997330319145738,1
0.48927010876874766,0.1243284723142599,1
0.03021836143475574,0.19374134974175222,1
0.2959971144322785,-0.04623906918958183,1
0.05419958812265579,-0.06294290007965964,1
0.2465403959414639,-0.008341938114563761,1
0.4544382372799796,0.21728012157831447,1
0.31615511270131835,0.21058026748891578,1
0.10740455338365952,-0.18999335169178674,1
0.5894941279120153,0.051457977994785825,1
0.3261094769028036,0.06397273404283516,1
0.1459165777238745,0.1422207517058777,1
0.1641549189119572,-0.3182494755439547,1
0.6456872948522293,0.19783283321386858,1
0.2623716441491508,-0.1509903560797475,1
0.40448556477484,-0.1542250730760094,1
0.05981423932258403,0.18521900786315953,1
0.10756794740751953,0.4244284857720839,1
0.02988753837285186,0.1896968527597078,1
0.12285926696884703,0.16976236572710438,1
0.5802574321333763,-0.12983467592510423,1
0.5441607402491493,0.014789560245780506,1
0.6753153257576656,0.06727206859877481,1
0.6601917456831302,0.0450492195064812,1
0.2889579508849768,-0.3504503967046927,1
0.3322457800334005,-0.337816692376545,1
0.021758607870923187,0.395607069430586,1
0.39026332779358747,-0.21205226911963182,1
0.6057529604000849,0.1075103525702379,1
0.13580352127985204,-0.14193680031614098,1
0.13135576270377447,-0.42573361800082477,1
0.039896658780159654,0.0201262133380455,1
0.30095435814235655,-0.0480171007013825,1
0.3862193292569253,0.0742458490947961,1
0.1674818347139339,0.32721554513312284,1
0.07208288269719075,0.37369163941757627,1
0.3459622731082892,0.11294154223417177,1
0.23639887694260428,-0.20191501508808726,1
0.47754728785968786,0.12380565853643978,1
0.06775185845849561,0.07344672863480654,1
0.5731894640006341,0.011074819407462033,1
0.27711301141093464,0.14064654817869102,1
0.6640127722732471,0.032934354903982,1
0.10404239129803544,-0.03964391039499752,1
0.24380972230204187,-0.2257458711581584,1
0.09528336360886779,-0.14699886269047965,1
0.44800266908088926,-0.1866142641131356,1
0.3516681542340253,0.017022388217034834,1
0.19179190670208895,-0.09908859661781853,1
0.4669142915051552,0.2600986907378569,1
0.07321527781496126,0.25895777187806157,1
0.25200813076621925,-0.3052582021065784,1
0.23620140745477372,-0.030806467880391833,1
0.2704222364469695,0.28898486480491464,1
0.37394295726310756,0.0837252393677751,1
0.17026808643551042,-0.37759224278330294,1
0.29020194906366714,0.4011194176811169,1
0.3015676332405168,0.06174053855036846,1
0.35834846261542513,-0.21679110712031902,1
0.43270547054437813,-0.3369256261625565,1
0.1166679975534589,0.10437428044059156,1
0.11714894788920195,-0.2927628363052758,1
0.26314130760392584,-0.10886927309256192,1
0.09895369265504854,0.08880181946813094,1
0.2473027012407892,-0.1643979475592693,1
0.4308862666621642,-0.17943959498905626,1
0.0343755904676442,0.16961355944233816,1
0.23481932084675716,0.31194926826751457,1
0.5667003297767479,-0.16225995480573818,1
0.12579969738515076,0.3195811914244207,1
0.5758892352837525,-0.15884979551114145,1
0.17282219006927407,0.11968333623138613,1
0.4738001252742935,-0.10956705854560345,1
0.08163802994764993,-0.0453068987576865,1
0.144161252282905,0.3687109775445122,1
0.016021399101230065,0.42941214062218863,1
0.2621335934426973,-0.050047431826121855,1
0.25737369179628217,0.02051789669893029,1
0.08477294992564097,0.36224548947529456,1
0.12581202513661774,-0.3999992721506059,1
0.34592559927767913,0.19574262117382443,1
0.2712574897282652,-0.23506305478008818,1
0.07225341335918714,0.28910654332604735,1
0.3696552201172301,0.20303095365054716,1
0.16401497122698774,0.01003658331825136,1
0.6212048447071067,0.014587224803845665,1
0.1828065301025928,-0.03573755753218285,1
0.3383408813754865,0.25438473127422545,1
0.42142065467124873,0.18022261286616675,1
0.2472974699679266,0.17701284855784635,1
0.5679510813918063,0.07100948031909052,1
0.20224837303153467,-0.30175094866917107,1
0.08135582284570647,0.050379400257069225,1
0.14284578020422142,-0.4826586262059448,1
0.3586620702911132,0.18864229249615644,1
0.5218676527435556,0.1925722694390283,1
0.15449343253457742,0.30195840172279553,1
0.00039204821640948596,0.2164466643831661,1
0.17630859160383452,0.14077685275118496,1
0.4953487314355639,0.09964068086394694,1
0.384776997893382,-0.11092624995397787,1
0.2749004932419124,0.059639220784982315,1
0.11314419298103004,-0.08672001900799542,1
0.1470782467970415,0.3101981437231039,1
0.16482857838861031,-0.34713915660572353,1
0.07562520694577028,0.2605200904120455,1
0.07430533676742022,0.3793011048292809,1
0.28306396365894976,0.07491988020086733,1
0.3407191515091948,-0.07063985113233864,1
0.3407680360296291,0.1989079820480563,1
0.43302969099127914,0.250649088391877,1
0.248684795005762,-0.21905068268387165,1
0.3906868034117287,-0.19985340622320993,1
0.1352283905996987,-0.14510405663436263,1
0.43015410429304424,0.1980236448273703,1
0.3776704078155559,0.006732014073702191,1
0.15026189775104928,-0.09651924998081864,1
0.4579369311722573,0.0725144618723601,1
0.3681779414308368,0.23398429754884922,1
0.23291900673566548,-0.20435479498658388,1
0.27090109437837295,-0.3424446960157313,1
0.4429574838833294,0.2547522771354426,1
0.48074319213600997,-0.11129558168580687,1
0.3774552871964165,-0.26901936829155576,1
0.058675198534794706,0.006357969050142951,1
0.15038998730051542,0.35121051137266257,1
0.34980129230178775,-0.09121865528863916,1
0.26991695564631946,-0.3061772725670465,1
0.5190605869563856,0.18386077179066554,1
0.2501789802299074,0.270028659851242,1
0.5406031554026863,0.18546285284960204,1
0.33966457665975236,-0.192619063669679,1
0.4931176159031328,-0.015555715081980595,1
0.02772595675850411,0.4061543771562819,1
0.4047896555070415,-0.01483213736002534,1
0.44630325123134995,-0.19403641402265245,1
0.2230465569886667,0.23366433535747075,1
0.3497808392613237,-0.03004887605558188,1
0.24973527543601282,0.2001310574630452,1
0.03210041751832498,0.4049818176762339,1
0.38480628422247226,0.09225967054432012,1
0.2675135939882435,-0.16025514967451726,1
0.33216901246791974,-0.07895699790852667,1
0.22873125651418422,0.29549079356708535,1
0.36501147734146816,0.23237697073275632,1
0.41706412343122057,-0.0011501395544257177,1
0.22545198579047415,0.14417735067567528,1
0.5782014294077746,0.13922003244064687,1
0.4205167331380234,0.06422623638582979,1
0.0729669341538337,-0.14560849248012286,1
0.680610436829103,-0.015843386206992435,1
0.2813761027948299,-0.22353273864264506,1
0.3361530411421173,0.305166110501883,1
0.4088127089986853,0.048117472019834955,1
0.5253261832366192,-0.0020338418302092,1
0.3630928714641503,-0.14124555353912085,1
0.2936686300396088,0.015951623193542864,1
0.19324270190391246,-0.3033996721059337,1
0.09049911867041516,-0.2122191625037226,1
0.10055603420028751,-0.09853844179455648,1
0.4614179655672816,0.09432262906067691,1
0.49625784763102154,0.13676005048509093,1
0.3741454688363366,0.007808104462810661,1
0.22538859467687777,0.05352591571570776,1
0.17581943679337106,0.37958840958657586,1
0.5133866518216883,0.19911790529439605,1
0.08928854829736517,-0.20828741808601187,1
0.6280336422484876,0.05466247728670001,1
0.16216926791792596,-0.34407273706233404,1
0.5176798748154066,0.19385764444472492,1
0.3456292585166198,-0.37724430465260433,1
0.4115505565216334,-0.1838166686852261,1
0.06822896547540987,0.11673160601762494,1
0.10727138920241584,-0.04474106093320882,1
0.19981422165965756,-0.426571794043513,1
0.490074984840669,-0.051204184685429935,1
0.2205739772426808,-0.315506744355912,1
0.229143731929794,0.29748962000452395,1
-0.010288050912528185,0.24452755151122377,1
-0.008227149096361635,0.47060062967728744,1
0.5112042421054159,0.13422612719962157,1
0.22901860524431014,-0.1743855350442757,1
0.36356389661753336,-0.37136854827751375,1
0.2555285211074117,-0.0034737506765804937,1
0.5125308823307214,0.07816505751761653,1
0.1919985530175425,-0.31584777506013373,1
0.512163964021473,-0.026678968395986095,1
0.520605809955703,0.005768029094089893,1
0.09225120901264136,0.31735299461060157,1
0.46630940036532403,0.20667878228413789,1
0.6290619982188679,-0.09934985207600855,1
0.17054758912451037,-0.1022389331710018,1
0.5009071156246421,0.02642676917611688,1
0.11939212498230936,-0.1041684752751608,1
0.4791786204177752,-0.09660982370877227,1
0.26940754520991944,0.3464250228010626,1
0.47461521854916666,-0.22251467929517324,1
0.3511468176046691,-0.09081365022578068,1
0.15928515759992662,0.2083595638587496,1
0.14000542776787858,0.21268467601904018,1
0.12396907552961219,-0.3721987956505652,1
0.3527730232907546,0.1854338502566288,1
0.1598302228230199,0.3814834042353926,1
0.35814209316508683,0.38739574405204297,1
0.1532793629728558,0.20394142044081204,1
0.39887206341223347,-0.052687662390261195,1
0.23297070993856253,0.05746134618025089,1
0.12867508554657234,-0.12710244594742395,1
0.3091713594299729,0.19551990202201106,1
0.6453928180128007,0.1927744024927062,1
0.3797772059039929,0.09109876827542346,1
0.40639598453906395,-0.1720524897815827,1
0.5330278073473912,0.027790831401321634,1
0.06727506120171367,-0.14947720119973779,1
0.2761400895245826,0.29973927919737137,1
0.07331641080163881,0.0827621023463262,1
0.04127943958224043,0.07481486584332743,1
0.09802298545362861,0.33759405379255325,1
0.10403968667869279,0.1436064820695699,1
0.35444713827709323,0.16722921038582805,1
0.10725609239614653,0.05746012538132474,1
0.3722221279936499,0.2534280904106637,1
0.27265606920295593,0.16444824448124862,1
0.2540631261655945,-0.3654166910515541,1
0.07664504025091909,0.2659916473607969,1
0.45457109079192193,-0.2017467931365925,1
0.38591363604377066,0.005397018595158083,1
0.13537272328304206,0.321927715498221,1
0.4184959747976758,0.09315433788033488,1
0.5744638788250549,0.018207652140111972,1
0.4238030247691849,0.17272019268781438,1
0.33471508036269354,0.17295403473480364,1
0.10037978833183883,-0.11898068295162734,1
0.1166121235373137,0.3828037699581139,1
0.35978783880796866,-0.3053754807667165,1
0.5620495212560556,0.13881181333646653,1
0.05743274919141754,0.09712670813557081,1
0.05769295369933311,0.2744804817569966,1
0.20178908880022378,-0.2645315046068832,1
0.23251156987899355,0.19843320598476757,1
0.17692772597260914,-0.18266170166642495,1
0.14118876796149168,0.13723576712838742,1
0.03917495600172143,0.38739646099613234,1
0.578814991232632,0.08625665166909811,1
0.3931229596421155,0.012931042256655617,1
0.5376231276998492,0.05353171803286841,1
0.14418967982842038,-0.42385610846785,1
0.5354703496008975,0.014711287666167975,1
0.14732520161850604,-0.15965541722200347,1
0.33451497172136624,0.10596636795685695,1
0.5869936238884023,0.26834896495252564,1
0.298802400221194,0.02838308011455889,1
0.3758879906394794,-0.0054960450822282405,1
0.24053840965860607,0.08510222632802868,1
0.39103040654407895,-0.15520152077668087,1
0.20579452558525374,-0.37209976824150665,1
0.1906245469081274,0.3230474407847949,1
0.013023708555493738,0.33946117005674736,1
0.3951972970523,0.1684630316074798,1
0.07512026627869842,-0.02652569271710634,1
0.1518206686320263,0.3663668036433582,1
0.38779777312426983,0.22734563676636466,1
0.5927892224992495,0.0843989705867186,1
0.07311306301097054,0.10157756182291007,1
0.15148795092155407,-0.22690814136959633,1
0.444802408360703,-0.00116159218764204,1
0.27625225109679286,-0.24461888551716213,1
0.17006021673388158,-0.14838359793903824,1
0.19022579837837636,0.08062525469230494,1
0.14156151676501422,-0.39663637656803313,1
0.3963312927930908,-0.2098499320882345,1
0.06367111306491446,0.03183090802429756,1
0.14860616128720536,-0.22533060648207442,1
0.22191615987773658,0.18216957796299169,1
0.4931546102107786,0.21138625849423487,1
0.23005843801856166,-0.16908786866419392,1
0.2128601632438711,-0.16527336585070015,1
0.029021188210347253,0.20733946554168345,1
0.0673885463969645,-0.14084716439486472,1
0.1816615012651806,0.023378264927862945,1
0.12590667206943595,-0.005398416376758752,1
0.18753897155730154,-0.21293661604381775,1
0.434820147538928,0.2623678940725912,1
0.3135788241280218,0.08584908108263527,1
0.38417454114058996,0.1642783974023113,1
0.46191647862126073,0.001283449243093951,1
0.0515583414030918,0.2502633803342688,1
0.0840212273238927,0.27835510344575287,1
0.2681949687132067,-0.09858942027413628,1
0.10812933335716153,0.3505617005546251,1
0.1463743566178677,0.07684537133736775,1
0.2106905514565624,-0.4164975362964342,1
0.1928448777281386,-0.49599910461673874,1
0.35202948944039647,0.23319623750905474,1
0.4737250558965647,-0.3185394495226696,1
0.6905338999651625,0.13218466454579356,1
0.2585575000455292,0.22535414089546987,1
0.2435910628676868,0.02011493992397666,1
0.4011495596751869,0.03389886588094932,1
0.5356796658145999,0.1019486427927846,1
0.048604811270612,0.07403102620037053,1
0.2007563601855791,0.3042340792629338,1
0.31046488406973877,0.1808339365367412,1
0.5234206453695638,0.22317775089951947,1
0.2896279499516333,-0.3186816888024783,1
0.0412616236390958,0.022698111372141356,1
0.3665655115131991,-0.002079017849265543,1
0.302988572719808,0.07341812920451347,1
0.23239667912368,-0.26315200049239257,1
0.09018036761788509,-0.1803425426897004,1
0.1515525328136499,-0.09294078201306703,1
0.2110230351129916,0.14944203480038237,1
0.2119910049175832,0.14486541276327083,1
0.38970586458719125,-0.3289884266558714,1
0.17014182617751133,-0.3200753656711553,1
0.25992704776077735,0.16817385016831574,1
0.1663680796734602,0.1304442575967456,1
0.4442186749824434,0.12900827337830834,1
0.1733805899463918,-0.1681695019068805,1
0.29799770341836257,-0.3453822275548074,1
0.43521234368449385,-0.2651498380414953,1
0.16894832464210277,-0.21507999097167063,1
0.5226260038439414,0.12510478961842134,1
0.0642455389994338,0.14680011593678033,1
0.270590507888694,-0.26952528713225066,1
0.05578709177715179,0.08472804193889248,1
0.6187895444978634,0.208236591006424,1
0.12102146867536286,-0.2178052849433103,1
0.6567724674749665,0.04668493334472379,1
0.30927300875541186,0.31457070802608894,1
0.13195251237882755,-0.2776137050471918,1
0.08597186197313096,0.15290891852315985,1
0.31480748079403287,0.14345051827542707,1
0.6286749584543541,0.00451618412488726,1
0.3551884533536815,0.17685578806560576,1
0.30278822238939335,-0.19932598214526312,1
0.6274362511292101,-0.09529826798111464,1
0.5781139551692475,-0.007030457465280889,1
0.056694427936991434,0.22309951057853744,1
0.6292065703854789,0.031165952943284347,1
0.12822663484060837,0.1743501319393607,1
0.1947966754370319,-0.3704843771794451,1
0.4560121726955434,-0.166449334077692,1
0.5813549944843686,0.2881821677631271,1
0.6071053733145758,0.008149322944687738,1
0.36380684958375215,-0.16670224816455187,1
0.4070558655176332,0.010776871695798275,1
0.46854008554588294,0.28029698851384593,1
0.420915184032756,0.2652616670862444,1
0.33288692193342434,-0.1279455710421523,1
0.5558501519186265,0.01640021755795272,1
0.43486527131247843,0.0006588152944207075,1
0.3124730142676437,0.1692753424738101,1
0.5126454774218794,0.18187345727182255,1
0.2788705803575957,0.08822894939564381,1
0.46822185339597144,0.002649479257338977,1
0.5802087289901016,0.05305087289410889,1
0.25487660657928035,-0.2521582043048195,1
0.49544853249780413,0.23106748785075823,1
0.5890559841697212,0.04255667315121173,1
0.31643813182022357,0.19210174365041427,1
0.02063194090499952,0.4366780119723827,1
0.30429498377756803,0.07931682993388353,1
0.24281323975348498,0.3436685027975823,1
0.10235312022403258,0.10730701421144515,1
0.34284984125439205,-0.05565038619572545,1
0.20365018576294583,0.1053898490959426,1
0.19434323017426566,-0.08143714019917848,1
0.1386926323517327,0.15129939807025625,1
0.5585205703219287,0.08957762058738616,1
0.10643341227419784,-0.2552645885168334,1
0.5705623429559736,0.19251164669827356,1
0.14927013020952315,0.022644322323879855,1
0.25561861729182755,-0.10990520841591864,1
0.10219269386921559,0.1071683307724038,1
0.6177029920396045,0.14819037965182444,1
0.6338871072287611,-0.09214663678581295,1
0.3417078104820354,0.33248493529741563,1
0.08588969835096866,0.1708684388287599,1
0.05215687876010396,0.07590065321234293,1
0.38451454155394205,0.2057096981609432,1
0.3061642922248609,0.0057132727547477054,1
0.0334421353480045,-0.04264629262340613,1
0.17865534276694725,-0.3789894275004977,1
0.43575589482547955,-0.0320698150008532,1
0.589769344924107,-0.025914926143455697,1
0.049923057505141345,-0.12125582628532142,1
0.5124484332428197,0.21139544670178087,1
0.243792291359746,0.039470313392075455,1
0.42263946283384135,-0.21020712168361738,1
0.17699622417887112,0.23996380512232318,1
0.10208155330422579,0.1613022092543084,1
0.3065283750417442,0.20378589662202426,1
0.10276038150180479,-0.37262694132080615,1
0.4372480137037576,0.11409185478816616,1
0.512447713478255,0.13605491390612579,1
0.4969791942078201,-0.18972584325463063,1
0.1788013938269386,-0.29183433711360485,1
0.12092378215671624,0.43983528867782357,1
0.15156667077168282,-0.25772243374799436,1
0.2603795029757888,-0.10697646527009104,1
0.18574041246829134,-0.2373957045219712,1
0.021774719947667925,0.30597690970129054,1
0.10592974570586285,0.37600773997531284,1
0.042025788583834815,0.13214745951593565,1
0.381420715047642,-0.22377973763632672,1
0.3278725691103312,0.030238883702346644,1
0.2094407999091606,-0.12177248995538764,1
0.3436697000572319,0.1854677856800408,1
0.33468257835001874,0.1351278595483749,1
0.2850647432640252,-0.25187365198311906,1
0.054041282427092746,0.03700156042700667,1
0.29474232963901514,-0.16507820888776906,1
0.12977814210475122,-0.06267581352354754,1
0.16326255670207643,0.24140775989875532,1
0.3947792424825887,-0.33766214521786614,1
0.3006532318999896,-0.33678469405991346,1
0.36763866137815376,-0.1592913789386672,1
0.07066286502769167,0.05124218281575694,1
0.3033343091635804,0.07102761818042022,1
0.038347748436965645,0.1531472635438471,1
0.5206751368156497,-0.05942766000100834,1
0.4934977946493916,0.14577226019279554,1
0.3519376641473928,0.2275730367618684,1
0.2975339495098203,0.3512734109208913,1
0.10360946166576253,0.07492079435662163,1
0.49650521606267767,-0.19352530129805065,1
0.1865432777520895,-0.1726074457471649,1
0.28871540557064584,-0.21795859443465793,1
0.1012966794442496,-0.036224379696014386,1
0.11324618764885942,-0.2424143938502943,1
0.5022519693789965,-0.1635647331889796,1
0.32498104037226766,-0.18477873224709415,1
0.5292519755222752,0.017223553581239733,1
0.2087311636743758,0.3186848588421593,1
0.40425820478642677,0.10756325939469805,1
0.2904477185146157,-0.22139797077496257,1
0.11971856504966942,-0.14135989884684955,1
0.04619508104435448,0.4174753862021697,1
0.27586823303644464,0.31113380327010165,1
0.5534067731035998,-0.07042268836802888,1
0.10199968321424688,-0.40852939121382503,1
0.605918559089509,-0.12303815682986911,1
0.16405260822978626,-0.3395197947255859,1
0.10109722108568003,0.3414930494509085,1
0.10423650992369358,-0.2587022232952502,1
0.23051261321633842,0.2758650015976091,1
0.18442656943003866,-0.2609497888466167,1
0.11266298115988574,-0.3946669788148991,1
0.12057600138082775,0.020882387018714563,1
0.22875701417989325,0.011367077739241005,1
0.23097452031409307,0.02982135608395095,1
0.425143284795841,-0.005981013073591935,1
0.39443609666652213,-0.1912932762697222,1
0.6113231434037817,0.16515448415206888,1
0.35347598611656295,0.16834221652942233,1
0.19307674097503685,-0.3769967924730415,1
0.39374106977015433,-0.22064624680323697,1
0.4836374542202892,-0.0009636905543743523,1
0.20343898704160393,0.22544699521855305,1
0.11272907967611222,-0.35824188118213707,1
0.17107695501003417,-0.2567418712971671,1
0.5123667413785853,0.13031385443625249,1
0.6385033396710253,-0.003171148850962924,1
0.5083238100616279,0.07949398967673664,1
0.2958487738455054,-0.2188859947937031,1
0.31142476873136443,-0.09227328030568765,1
0.6229583334053876,0.034066839030795944,1
0.12211130764557865,-0.38208817931763045,1
0.445891422725002,-0.03188666138310186,1
0.1819283806843098,0.03807619129780122,1
0.3104419487008004,-0.31328708442251285,1
0.36311802757966255,0.06220542732024569,1
0.30199991775891843,0.07616140079419031,1
0.151117826496414,0.10128677640670802,1
0.37191134368097006,0.20596122158341754,1
0.17169821671253271,0.16122963772031654,1
0.13580415998767806,0.3124072887827573,1
0.5180807871111991,-0.1183984879028119,1
0.21129552508200108,-0.021967899427833535,1
0.14003095539312846,-0.3235851450739153,1
0.35012742037257505,-0.04351669376388552,1
0.12024949636493218,0.3223178314561537,1
0.25918922280750323,-0.04455864517913884,1
0.09920486309706718,0.2473171232367363,1
0.1569179017568755,0.37637209926073045,1
0.3085116048143385,-0.07317751552335482,1
0.0976013660173096,0.3918677482915031,1
0.6080067180696225,0.07808516066091921,1
0.3843966085075625,-0.2668570618086673,1
0.019055770482189364,0.18737255535209693,1
0.15764523093403854,-0.09982397118319197,1
0.3516089606840718,0.10461802062129484,1
0.38652734576044145,0.29249229727713627,1
0.5334266369752728,0.22212469000399965,1
0.12884998414466864,0.32745129202540507,1
0.23906951446080466,0.2626369413933811,1
0.22358447788051522,0.25276854112968783,1
0.3554147757140703,-0.2612404296191196,1
0.36064934477456956,-0.1858962868347983,1
0.30694720978961915,0.11606345970808302,1
0.04547075201499839,-0.11779011568549275,1
0.2788332025468955,0.21552697144344465,1
0.4701982998784875,-0.06254868617425186,1
0.4932325912518607,0.2187697964477071,1
0.29163084348356666,-0.060662965857205015,1
0.5041547667625007,0.11668205899395867,1
0.3503270845765111,-0.23134463723532905,1
0.49384438830867866,-0.20486660501778883,1
0.1991121246190284,0.13165610311092965,1
0.15979838149798603,0.3688180251373101,1
0.5400321896048843,0.14231679681799936,1
0.06349706284277486,0.16449625451593575,1
0.4073999043145739,0.07440965453180669,1
0.36130214073375067,-0.023579053600014003,1
0.3063274867090702,-0.43431789577774976,1
0.06196761637336355,0.34048038792208435,1
0.07109490521072033,-0.0098022751181416,1
0.3850579615344525,0.24627842063294453,1
0.5215290857772489,-0.005217190877814406,1
0.059755867255295365,-0.059550546626521136,1
0.38714810818357087,-0.1871991632023483,1
0.38233786297397665,-0.003817867413163544,1
0.18514921547893914,0.23941664180089273,1
0.2551119691321283,-0.2880448631400361,1
0.5932650900765619,0.08725627647480343,1
0.6455826909663049,0.04428913996769552,1
0.38384246709075487,-0.05954308964141654,1
0.6036729522726566,0.18209414760975517,1
0.13004762746989665,-0.4321399711213371,1
0.242137980176553,0.36407040265510326,1
0.4162638161139784,0.25043873191023397,1
0.2329773178723879,-0.4399802991705359,1
0.0613357815819775,0.056250167894283644,1
0.32301370971640164,-0.2754571052224141,1
0.43402434204293133,-0.2852007378731689,1
0.12322995720274393,-0.43417003071132154,1
0.546013730489055,-0.11894607166042868,1
0.085320879256615,-0.09294748833893819,1
0.2570381893199356,-0.05759634005784919,1
0.08614823614738916,-0.09494815347933833,1
0.2538431792678744,0.18011887754508435,1
0.458606380814666,-0.19341226274758153,1
0.11282916202992672,0.22767418274359622,1
0.6475202782938798,0.04244741125747085,1
0.4893910547255696,0.10239653465446509,1
0.4739940390325671,-0.14677929646585738,1
0.46435602613148685,0.18699099168960903,1
0.1892615076613211,0.21291159755684821,1
0.16737678911267803,-0.1897002249567937,1
0.09238256285397821,0.03634199886018606,1
0.10950608534220711,-0.11906893565033,1
0.13596852607022142,-0.2604833714390562,1
0.519540041816284,-0.20822471969499498,1
0.2682319259788478,0.09011496274411528,1
0.2776369700497974,0.24689846102402702,1
0.25646399112224866,-0.3653540761293217,1
0.47102572219247696,0.1415519885733877,1
0.3321869654358342,-0.15293253351743058,1
0.2248452406285868,-0.1550463371814701,1
0.3335724919770797,0.0643874969952544,1
0.5832416649483065,0.25208087531471385,1
0.5818221860113766,0.04964788196422229,1
0.15082613523823787,0.2627779093220365,1
0.05412770514885596,0.1198542218956314,1
0.32237051582836096,0.0941208500219543,1
0.164138033369003,0.0172494821877856,1
0.5074353288515104,0.23174769531273515,1
0.4423598728454057,-0.21826457512865977,1
0.23113194585971014,0.3228043885072902,1
0.10100497705200025,-0.43091292121046226,1
0.4148313496630826,0.14920336193792083,1
0.5750002339899889,0.0347367209834988,1
0.17889704675947207,-0.24668672720208812,1
0.3004199211266932,-0.07410899965907686,1
0.22620940999042743,0.3519887322645638,1
0.24396143661076186,-0.030124541474463657,1
0.2213572266063489,-0.007797070208912014,1
0.1454337620732997,-0.3251894781110873,1
0.29185331339089576,-0.0042182368342126835,1
0.18156300397106803,-0.4473703570798194,1
0.5137951950890917,0.012150281432119108,1
0.07498782210565308,0.2260011899766594,1
0.36891880915910574,0.0278166796447462,1
0.36022818699865655,-0.2953365686213624,1
0.04347797760898778,0.4081629177688221,1
0.024078421744011636,0.08625358673050426,1
0.1687054357688811,0.36321400119634156,1
0.470833680478514,-0.21633309235586298,1
0.15347232010403125,0.021970593060203842,1
0.27908487332339593,-0.11600050615809515,1
0.16857134787067807,-0.38262504431053196,1
0.43474009127130964,-0.20426674204487413,1
0.38891894922747605,0.08782446267261321,1
0.40841353806343467,-0.3278319468272196,1
0.6334226803485397,0.049398103938329815,1
0.10385217127442711,-0.40821350095712733,1
0.1965539695694599,-0.4148546676786933,1
0.03284924498245983,0.2059652898693547,1
0.15474978581835655,-0.16373271766005773,1
0.06267574742992607,-0.10623616978829839,1
0.4670774178863417,-0.15605457141495077,1
0.23772952348933662,0.2458258496045955,1
0.253984659424469,0.01911859964919921,1
0.3438545953504603,0.2652919601525328,1
0.44355787742557695,-0.2715747989936979,1
0.11055450108132579,-0.24876629353575877,1
0.4395675377442424,-0.026431120136069238,1
0.02391793013069789,0.27221661486080073,1
0.2284005541278414,-0.06507512615055332,1
0.3794572816993579,0.0669167899134174,1
0.37558860379399894,-0.16340444655128342,1
0.20904337958124586,0.30331118152780506,1
0.17830088963023405,0.08079305627817839,1
0.02653710891250723,0.10788173297542304,1
0.19482370186280165,-0.35469982301920555,1
0.14118205669855846,0.1552948139153153,1
0.1281538152102629,-0.4291121696700408,1
0.30864262755590244,-0.3078524294778591,1
0.30902997323967357,-0.03415820252921201,1
0.4892799522148264,0.24659616658306582,1
0.09917611257679572,0.19818962364027523,1
0.02341148491835544,0.40539094514496554,1
0.3757348935728087,-0.16100306495039268,1
0.5377661093018945,-0.1207016815153289,1
0.5145236101592676,0.13362621337146324,1
0.5536837575771792,-0.12545984543469293,1
0.29292709920322213,-0.016488902851032865,1
0.22007448185227055,-0.1953899061224249,1
0.015587259476200696,0.3115195893307235,1
0.3452512214264847,0.22105182017021427,1
0.43665710677322667,-0.17740348347135043,1
0.2856223884808949,0.10780395967738214,1
0.3284087800021638,-0.3645820853701657,1
0.16647097654640594,-0.2587771147154626,1
0.5229263335710032,0.3113512841256454,1
0.27224838180200867,0.0813022518834452,1
0.09592325781355991,-0.11732349048660365,1
0.2801251354158207,0.2712228228388014,1
0.389659318344619,-0.23619866758491645,1
0.592536841554778,0.29732476663554486,1
0.09936110272928482,0.2926862818126838,1
0.4712608521586584,0.0004165641543982259,1
0.08989082055794617,0.18689468942274576,1
0.5695941394596774,-0.05930520169044018,1
0.10950916376828974,0.0859508923362547,1
0.4879549799459501,0.1768441607776604,1
0.3363306251749474,-0.20799796077716037,1
0.3420252369112609,0.24977366589231917,1
0.6867906445014386,0.03271092071673832,1
0.3610201383517719,0.2473890773379594,1
0.4022844582598349,0.2718463240242108,1
0.48882167399452436,0.21337881193258967,1
0.1121682958848592,0.1792143969612046,1
0.48340328868459526,0.08480701691848325,1
0.3392257847049647,0.047520005424445524,1
0.23997480056886633,0.2696624095664923,1
0.05428266444244443,0.3708489282779003,1
0.04780179348330529,0.30858513733549336,1
0.6079213578034713,-0.048052727886193365,1
0.17270744072065075,-0.39623214281138475,1
0.31034698464623767,0.39160523259049346,1
0.01502640142467787,0.37358413006843527,1
0.5687987679877584,-0.15711744817195974,1
0.40665860290600153,-0.1197332884908792,1
0.5613183134883735,-0.12544269400438524,1
0.17992599324941583,0.2436067113432897,1
0.5377645756820225,-0.2341603456557373,1
0.21968110604878116,-0.04438039516204981,1
0.004148692538107212,0.2516064456040567,1
0.35492178974606503,0.2903148399823935,1
0.5690809480783272,-0.030552552671027258,1
0.1410936415940661,-0.1675257106181151,1
0.08024169737054306,-0.17320567995448433,1
0.36763267950120715,-0.025049317847172483,1
0.38380624836955884,0.024639832410187315,1
0.13983057011689307,-0.10044953251059066,1
0.19920663316214798,0.28369193047194097,1
0.04176955091267769,0.11459011114403116,1
0.11989561149037158,0.30159038301794916,1
0.2973895904278858,-0.20738795460276008,1
0.6034671593146718,-0.03466766118373902,1
0.2886928355269339,-0.1543778325697136,1
0.17702896521831782,0.02926049026070778,1
0.13604173548058793,-0.3221512271266666,1
0.3593500563478703,-0.3134670997102396,1
0.11439798803039594,-0.044136948309097944,1
0.29577296580541546,-0.20532942584028804,1
0.22334032491050837,-0.07085806147467026,1
0.1582407662745184,-0.11684954292181014,1
0.14636935214198335,0.18439015949562967,1
0.10890644177739607,-0.4114856768158758,1
0.006821618068069922,0.2328364996350974,1
0.6098926702130439,-0.09839509553186274,1
0.1498122338454668,-0.04134239387265863,1
-0.024884632216684008,0.30780401415553954,1
0.34300462796831477,-0.15761949426333355,1
0.4467053219161538,0.3284715792097948,1
0.5029076308675008,0.019651432790971597,1
0.10182435503944376,-0.19039788676396316,1
0.10152416136477486,0.28322940238412697,1
0.4595677147105361,0.10855895066441294,1
0.2757985007239132,0.021792692352405538,1
0.11133645719502883,-0.3109728244884078,1
0.13920594734771388,0.09667918181538461,1
0.34025221791565424,0.28667523984482496,1
0.3227567766036679,0.2812375737470087,1
0.31579448764181056,0.22010084241097222,1
0.27435159995759456,-0.2420361648446315,1
0.09172780788671184,-0.15463930388716826,1
0.23052993154127566,0.08202167047673237,1
0.34121743512216024,-0.22087628017751107,1
0.26570795254399104,-0.295907285378681,1
0.4233697324488448,-0.24156182232831544,1
0.2522794810976121,0.44731636134841707,1
0.18705144479602995,0.3036094095185848,1
0.5405312730067594,-0.12152585395279247,1
0.09209312287806434,0.0965904880391835,1
0.2262274466211095,0.25532777808481516,1
0.09559904735545766,-0.06855920994605401,1
0.06953106176677355,0.11662077324743235,1
0.32060746197740125,-0.3076967210397537,1
0.23307098765919512,-0.016728931279741285,1
0.4552839245592689,0.19979030330942218,1
0.2673871233762342,-0.3273695909937243,1
0.18038993227903768,-0.03529708977853692,1
0.36490375368160893,0.1512358090562129,1
0.1685021350136856,0.26408977083211954,1
0.09383921790261981,-0.015183191653132111,1
0.4316025175670051,-0.13612631912566797,1
0.2078173014986716,-0.2144912491753055,1
0.04766960332423023,0.2798859437765793,1
0.33595890905057035,0.06761011000547114,1
0.23000298989455023,-0.5183588218793956,1
0.47433022660157786,-0.07683918530786299,1
0.5864026093423448,0.3086370782358786,1
0.2960439548535338,-0.28668184633298155,1
0.5290527404520807,-0.09026606513611055,1
0.27135044323442425,0.0548109342142724,1
0.26527257948122474,-0.15856801385083863,1
0.4284451141447164,-0.06418918401139714,1
0.4649604798887564,0.17734851957909337,1
0.227973450779437,-0.17760977385966834,1
0.4183026280934452,0.18508114078455182,1
0.25512931484991314,0.20556395074655784,1
0.055509390930766296,-0.037388429028136265,1
0.20356281302513587,0.40666352083371526,1
0.45635628734367434,-0.052136270308343995,1
0.5577741724225588,-0.010210450510464852,1
0.6172674668524918,-0.1134395923371889,1
0.30720079469368117,0.25367625812592726,1
0.29702234033513386,-0.021932468865023733,1
0.14165270933735527,0.06924358674323541,1
0.42942348251985535,0.24862997478112125,1
0.0346393127758283,0.05866716581787147,1
0.4164056469794123,-0.30567451452106287,1
0.32132775000955005,-0.20050864671063878,1
0.026204673688427958,0.25002187325925845,1
0.19509544883224572,-0.222697189007117,1
0.730407631415975,-0.002353493791833539,1
0.10920716443050671,0.36237163056837557,1
0.2463872060267978,-0.30452277337456485,1
0.23332757013356423,0.011386948141180495,1
0.12330657563540655,-0.29412000488108103,1
0.02177952099971086,0.30566023045035495,1
0.26084958260042157,0.24704287732109056,1
0.41754951809642354,-0.2846760560623309,1
0.3442578155407428,0.19595587659843994,1
0.29650266453649093,-0.005811788058572227,1
0.4486775825774574,-0.037993769260246585,1
0.14122660882204588,-0.3386850415004959,1
0.27198211048487925,0.1289066774510813,1
0.6573596510377265,-0.1373475050489377,1
0.4565958608872937,-0.11851936644730394,1
0.10935473868944154,-0.10615927475450546,1
0.23538932199459453,0.012943197359831366,1
0.027635297435873087,0.33163320645966327,1
0.18280707672576488,0.17885030412465994,1
0.5622283656211774,-0.009218601417586271,1
0.2942345455633214,0.08707122892269628,1
0.09410798115777581,0.23128616527176357,1
0.45079336411390064,-0.09222991260980387,1
0.4832344517204226,0.048649634791792754,1
0.341443999287626,-0.1649396610873861,1
0.13508240489058077,-0.0029815492394592233,1
0.2799997975498105,0.10648407906711495,1
0.4081507984926042,0.2950240827404143,1
0.07377512107328639,0.296442952081224,1
0.6809304347157057,0.02411199066934291,1
0.2872698085432871,0.12129159842069373,1
0.1096193886259091,-0.11731640171311675,1
0.45791300283333547,-0.055905169460349714,1
0.5280113611448365,0.16270478636171687,1
0.18733051722474606,-0.14602629023173735,1
0.13924677620898102,-0.013292469462927376,1
0.28433904237214613,-0.2554636418733618,1
0.15750257238921656,-0.3532342487099205,1
0.16849698402067922,-0.3660256059211607,1
0.4537373933609118,0.2747702761453519,1
0.23883084217005657,0.0031918366994877463,1
0.06747631874588039,0.3900359482974673,1
0.42440676605659505,-0.25982127935397187,1
0.3800407595037752,-0.10868244786924726,1
0.015447766694622191,0.18047100784070463,1
0.2315380828956284,-0.029715412803702868,1
0.33115560975351865,-0.014168923799731219,1
0.4587767214968064,0.0021443880496720244,1
0.3301926733597938,0.006179122623507283,1
0.15021168876263158,-0.42123202300260537,1
0.24196801109164354,-0.15228559470705572,1
0.025751899165933574,0.0751010023314368,1
0.08936758936237073,-0.15588363461489937,1
0.15253810653660632,0.2661280300165153,1
0.12233560386295933,0.1572083313901502,1
0.17217950848152636,0.28143711799282584,1
0.09524885582955572,-0.2694163750064033,1
0.2711225345209778,0.3974025607699337,1
0.3781653977093293,-0.2688973104076039,1
0.43374746923786794,-0.1980757129170113,1
0.1429004525140295,-0.3449808593990218,1
0.25611200656417815,-0.151703267536163,1
0.4739421080982593,0.05192610154420543,1
0.2520684175826153,-0.19627763632285952,1
0.21039666433605655,-0.4300639102298936,1
0.18990835445022072,-0.2756361290062065,1
0.29430081906589295,-0.1662496023768996,1
0.4214137757090289,-0.156445759188469,1
0.09826665072605699,-0.06951586987760565,1
0.4992257038794447,-0.27379598138544525,1
0.3534411094964972,0.06642505411065401,1
0.13387366858555874,0.025880197207172242,1
0.16671861669885452,-0.21100355318685413,1
0.08004800020637595,0.1726988955779362,1
0.446547594364004,-0.1509066192377345,1
0.2461879462590323,0.2899691894286787,1
0.6476289871658129,-0.024346051333929586,1
0.04839677910671349,0.37710594851977564,1
0.16254213699596431,-0.4807182677362116,1
0.514044213003282,-0.2129409213238596,1
0.5470145337524261,0.18559631701160972,1
0.10900066322882378,0.26189343796624354,1
0.4683352219743761,-0.06323794577312224,1
0.35457002443301877,-0.28095224596906015,1
0.3249815651313233,0.14133840784413426,1
0.3416838244564821,-0.3687759896633275,1
0.5255052270327547,0.056891951098785906,1
0.16122078241406226,0.0645903193131099,1
0.5962754129126929,0.12707652110038764,1
0.47611147718110375,0.17161448853195932,1
0.38148836595689206,0.1378039176494089,1
0.17060714598341065,0.24070130564890088,1
0.3777484112883239,0.10430736747357933,1
0.3570039409935004,0.16157000903979093,1
0.2638522758397257,0.3558502712364639,1
0.23103396479777324,0.11175095651092234,1
0.17452715510821445,0.3746135404015739,1
0.3133316600206677,0.23096349256895007,1
0.4112725193703464,-0.11337057649901645,1
0.27179758210532723,0.3973369736044322,1
0.046328541630842525,0.1491725000991882,1
0.2488807611611174,-0.09150649249526682,1
0.3118294110876538,0.3955544624503988,1
0.18296050373983286,-0.1324328825594032,1
0.29340531037054884,0.3262533996100667,1
0.3135643218310737,0.3553107702441791,1
0.2468477838411642,0.2262242486259775,1
0.27206258218903756,-0.23771350817478176,1
0.0009478567431607133,0.3617036345944952,1
0.08125868127333769,0.3085116556367174,1
0.29629171845011226,-0.343268361547178,1
0.1481395696685166,-0.04478708496930949,1
0.622273130449182,-0.011954504408714385,1
0.010316993438964061,0.3700700617241864,1
0.4752560365558801,0.09833966773902662,1
0.12711776780679032,-0.01114394153493657,1
0.2697992967678841,0.015428106525953831,1
0.07391433406193429,0.014906314187431378,1
0.24993646716453588,0.2916932538805294,1
0.312524761757198,-0.43154361830316534,1
0.26691471478170486,-0.10240889323487205,1
0.3157017604203925,0.18783584988182814,1
0.1734376615448377,-0.38646332605571243,1
0.11208901860998728,0.15280090076792094,1
0.17678338400638174,0.2795919788907855,1
0.27852915499977043,-0.2643177043563511,1
0.05625486822906761,0.25140963306171094,1
0.3220151935824106,0.35094009854490404,1
0.07601939960468015,-0.04696088193515906,1
0.38732118204049326,0.17635001405146256,1
0.42122222685229566,0.2645843671667533,1
0.4555380962216296,0.30056435300421336,1
0.27255928325700074,0.28127444108751604,1
0.21114306683439749,-0.3719213096768379,1
0.5940890016885947,-0.08317063873185793,1
0.24311650310874192,-0.2210231172344846,1
0.5130610101742844,-0.044992149705504914,1
0.4716650192831521,0.005357919961095496,1
0.46814871420917337,0.2123503042280431,1
0.2326397309962163,-0.37693630772254244,1
0.10109802788442142,-0.2075572520603604,1
0.033851868362652075,0.011470607402920786,1
0.12024279262629299,0.29623194127679964,1
0.24574151358067756,-0.15312309964776888,1
0.059093133027390166,0.12956146603792126,1
0.08675076084989379,0.21546857349849316,1
0.49861052486613805,-0.13329322908354865,1
0.382782695599193,-0.2089026179885157,1
0.2950612518942494,-0.04320089571051408,1
0.34653791518801186,0.328585510877604,1
0.12775886491835167,-0.03181105398331247,1
0.34248084153297825,-0.3017588817242062,1
0.11617678574166257,-0.09869491192284602,1
0.07668937579238591,0.177111078990987,1
0.11104678783639099,-0.07025348768290697,1
0.45190970614267384,0.18960609312974036,1
0.29887697144273084,-0.25735520811553886,1
0.41225506838622133,-0.21570552693019432,1
0.726409634593753,-0.011139073126922827,1
0.06338379795267599,0.26586345180050347,1
0.4905684164733576,0.08253890747040067,1
0.31385068322373055,0.2811091200248771,1
0.2774772480213047,-0.1474793071508597,1
0.1556245117857953,-0.08873334027020735,1
0.0748390625112957,0.17894263668504723,1
0.20415500941503048,-0.2283358661751505,1
0.1335920303198233,-0.15000906715329274,1
0.1495241669994221,-0.32547779457954984,1
0.3032321761923677,0.17120644399464063,1
0.003299718649889221,0.24614223491982717,1
0.15959166692765203,0.03351130207905271,1
0.633226044643195,0.17877656819570203,1
0.5496036636104037,-0.12867134863423751,1
0.4138996803183791,0.07758990647964766,1
0.450518095111444,-0.0557100305547831,1
0.42345664201881894,0.24944094825895466,1
0.2420258494990232,0.32245777012943766,1
0.11621515219405408,-0.3293067566707932,1
0.42480488922009557,0.06113435845869294,1
0.34985939986367276,0.26697780326147513,1
0.30531557685663174,-0.1869135339652767,1
0.06792047396020565,0.26783199819220443,1
0.16270823123837072,-0.4711498570034782,1
0.36567980909472114,0.10066409621262007,1
0.22312246200153316,0.052603779941328796,1
0.1024026580762618,0.18188000893822368,1
0.2772032198050407,0.3223228977040955,1
0.5487116609922121,0.08136499245305615,1
0.27708824117747455,0.11326634763062333,1
0.6472885922097971,0.061555983161563646,1
0.6621410907829903,0.03969092382344187,1
0.49796294505016414,-0.0481809896066261,1
0.17540774148351557,0.3263331247937662,1
0.21773955862944588,0.10550527148956139,1
0.22542295557446243,-0.2448088466852322,1
0.3096727255563215,-0.3438980957490513,1
0.24353531216605973,0.009260330734604347,1
0.27621917837428195,0.10197666876493797,1
0.5942691703673576,0.08096378714963173,1
0.310165805717735,-0.15900077579113628,1
0.40061170211802893,0.08642520713763994,1
0.344297835041904,-0.3392027222651371,1
0.349531646490552,0.3873155901048457,1
0.6137396494777483,-0.027309047142454537,1
0.2640165774184456,0.018078515297614485,1
0.6456272121416343,0.055351902852227054,1
0.5585139662227442,0.04663716163526332,1
0.21974758718520968,0.2479515775563818,1
0.07991347280738818,0.1270950718707239,1
0.31828102146334997,0.11832135679942811,1
0.5862682938325362,-0.07781233404080504,1
0.40915727935459056,-0.027217797427019474,1
0.29652705175737015,0.08107650757223454,1
0.6448869551225286,0.016730148260789855,1
0.5540374807885795,-0.015083214573190066,1
0.1084497270059313,0.3630528135301097,1
0.3098818585447853,-0.25983710929476683,1
0.17977757260216276,-0.2723237542267452,1
0.47882061898950457,0.11196796270909365,1
0.4262645111791134,-0.141925619336481,1
0.5277288352999502,0.08635847280905026,1
0.3326627531773927,0.3423959814128721,1
0.15975678067826535,-0.23676090936018765,1
0.49871348687703343,0.17699416282280936,1
0.6020747173965916,0.11917241074590444,1
0.6849458164950515,-0.01586350805111854,1
0.38115443195538623,0.06997139377227504,1
0.1422481774177883,0.17303926625750293,1
0.11297764801190989,-0.1862860871454439,1
0.2008331478013392,0.11538830133689867,1
0.5418206750096957,-0.021895338854997136,1
0.3267113616199946,-0.07443411491415705,1
0.14238056835876073,-0.3250490614145407,1
0.5189962877022647,0.04955898235482113,1
0.30069724501150735,0.050987384907439745,1
0.16941640441708228,-0.28849366970018536,1
0.5360317491952338,0.041667847016086085,1
0.05201447684618837,0.14549068905076687,1
0.23668227790320873,0.3731995328858413,1
0.4292305660318809,0.13374864531758968,1
0.04040624651903682,0.22318942623621912,1
0.13368376131757478,0.1544764444326048,1
0.44144897944165495,-0.0017166987429275075,1
0.06315831603811951,0.004446905617703818,1
0.09977885862312641,0.22791294202078496,1
0.36606719490676115,0.049152591264682875,1
0.39745032057104707,0.0566061324814748,1
0.21942036753093533,0.36898282857632664,1
0.36057091291756993,0.162921806929407,1
0.521064817616295,-0.12045686979344641,1
0.19480062142605967,0.3936968144409071,1
0.6205170419065831,0.15566509457964361,1
0.4831188358934069,0.04372779833262101,1
0.01707507591018559,0.24665097659076896,1
0.08074878092091892,-0.06914381391322517,1
0.20536272647607723,-0.12277925340005416,1
0.4646309175605276,0.1244096505041581,1
0.5461675380122709,0.19697507570735584,1
0.16473740327126732,-0.16344036617314667,1
0.5334513908148649,0.20572345084015667,1
0.2228794643885016,0.25400841031086213,1
0.35965679012613744,0.38954461778347316,1
0.1850858000904772,0.3093067981219416,1
0.18022256721182534,-0.2386396266093285,1
0.3410559253625199,-0.3278156553798518,1
0.29500194564263327,-0.00208814382701791,1
0.25456414627405194,-0.30319097147886875,1
0.20732529211516595,-0.09725041014374747,1
0.1628104551791255,0.08426507492130668,1
0.3319115553908785,-0.11242340222099924,1
0.6161871687128573,0.07813388235072173,1
0.1640257721359926,-0.36817143083517606,1
0.21407719109102702,-0.2218648014360128,1
0.2212470110917863,-0.2187511289609487,1
0.45439423718702604,0.013565005933671609,1
0.16645016186339448,0.01377528303882424,1
0.13359735409425863,0.28661403142545516,1
0.5994223522796387,-0.06083284489901847,1
0.20056601137955102,0.2877514546526739,1
0.4943319001703405,0.002640958663391039,1
0.25319726827333267,0.2696581512122677,1
0.6390724455622157,0.040693367755610735,1
0.5216811385076342,-0.1586996976839799,1
0.2039802661169773,0.14196528919923473,1
0.45576632649798693,-0.028431878070708703,1
0.24007638511714963,0.17884063054221064,1
0.392750197127765,0.15082668930833829,1
0.1952963283333778,0.2281565224657074,1
0.2709981082624458,0.2433683750941288,1
0.08417295969743677,0.10043262560752785,1
0.287048363326014,0.28262296062046227,1
0.388447609124396,-0.27167033559137865,1
0.44759907156140255,-0.13348195203374716,1
0.03583098475521831,0.20689891113861653,1
0.0914147366942564,-0.26482499911843027,1
0.11437381677184502,0.10266089086515147,1
0.5494157704442474,0.00807770344738796,1
0.24878993547112327,-0.10885655085803962,1
0.491775758247141,-0.15168737381249361,1
0.024617012723457878,0.43513011281759356,1
0.32975798089436237,0.1626369151733886,1
0.18511578159115538,0.12560790705885821,1
0.04189929389262862,-0.024820607675157327,1
0.29202156209820124,-0.2514545295499112,1
0.16399419910355936,0.062258264174428236,1
0.2553235157101327,0.05578581311523868,1
0.20106560422943076,0.3129343266631963,1
0.2558040877512709,0.008564471830577411,1
0.1750151443818462,0.034667201865353325,1
0.6229200991993972,-0.04986962031273678,1
0.2079301102653795,-0.22000356774025226,1
0.4309178129769551,-0.01429114194054376,1
0.010235145882912836,0.35907003859764364,1
0.3639888370242649,-0.19716411396208,1
0.1925506251733371,0.03934050016154838,1
0.6748227428009559,0.03738510311917791,1
0.0961312022854631,-0.25059240472200994,1
0.1606135335844424,-0.02809935889224849,1
0.4429501169229389,-0.1705109324107811,1
0.408248263653266,-0.2519707842835318,1
0.03568450456017719,0.03320882620071751,1
0.14046392124289275,-0.41711674951905814,1
0.3176471513114724,0.238834768225231,1
0.10808368647831362,-0.2510435349589783,1
0.1523698114604873,-0.2287372049435697,1
0.282859526407369,0.3084819350961087,1
0.15520688724801834,0.2581918296301832,1
0.12292450578294115,0.36898327448290946,1
0.357865119248085,0.1712365110669954,1
0.1809952963110765,-0.439214168697161,1
0.45669049174012516,0.2831350703205314,1
0.1271011251623389,0.3734050502347865,1
0.0758222563181705,0.055176302175475964,1
0.33016916400218843,0.11578216407803522,1
0.17569949933597623,-0.054117181664202665,1
0.09458447299173217,-0.03058677919879265,1
0.43026815712003524,-0.2020458544489075,1
0.3451372437006386,0.08209529546839049,1
0.5307760773823562,0.05006242184435175,1
0.312574833704472,0.39130457593758067,1
0.1831210979506007,-0.38395750103799786,1
0.2512309431513132,0.2118321331283967,1
0.6655203976512998,-0.039014928054417204,1
0.13957122641937109,-0.25625100058177086,1
0.3102228596516529,-0.030700204272416876,1
0.5825482633148903,-0.053641325131456453,1
0.11072553707830092,0.24019187446403467,1
0.04939805732742814,-0.11054731576888582,1
0.16041499857355077,0.21891218743178073,1
0.04881023641729598,-0.09152555304652484,1
0.18631326933213066,-0.01820666854413838,1
0.5877700413553151,0.04047428193096194,1
0.12075511991503864,-0.11916490573493835,1
0.45446327384521124,-0.1136938808614887,1
0.3929951501366217,0.22128692138578093,1
0.10203947590798644,0.10038294859037418,1
0.18088683260240646,0.03785559492739235,1
0.39361660027498085,0.2636903942217065,1
0.23368502551297315,0.12030032293564917,1
0.20856466812563934,0.3697388320905172,1
0.2953055060464467,0.07159451136151646,1
0.02680800702472855,0.21387479645669577,1
0.11918891372569697,0.19913431088154168,1
0.09640502564818466,-0.19831728111759264,1
0.1216436009016056,0.2697304951081067,1
0.28854778098918166,0.28317092107608915,1
0.11780788297878816,0.1436901834537731,1
0.1903367995311601,0.39527302960576016,1
0.33221144533493147,-0.2429719386446272,1
0.11471509949895743,-0.4234298262381885,1
0.4455587319232371,-0.1855214527678528,1
0.30872278075134957,-0.17145378299847344,1
0.23996304317148856,0.30554623787709656,1
0.6353355040154883,-0.00017253456602870038,1
0.22175342129635678,0.31770242863509845,1
0.5964553166022702,0.14876040538391538,1
0.5964395477891362,0.030825962599135198,1
0.2999981720248345,-0.08882012992245862,1
0.46888263248109713,0.16820064137608381,1
0.04246695380826669,0.18109718418456083,1
0.14003978052060453,-0.20519849454721092,1
0.5278409605761216,0.21109103008477978,1
0.6168530502449059,0.03497093796017297,1
0.38977193865990056,0.16403105157219156,1
0.17439030138424555,-0.22927448962722852,1
0.05964790804796262,0.0043915858244814015,1
0.2812304285208597,0.29195822969355156,1
0.12149887345585456,0.25505144105979594,1
0.2565464650357236,-0.37796239201272447,1
0.40162050250773423,-0.33644168518504364,1
0.4721292181888036,-0.15133697101808055,1
0.3516520532356846,0.3280621910062268,1
0.15350854631342697,-0.13402267751130084,1
0.46143465845709386,-0.07634408469686581,1
0.3303400982570344,-0.33105059324153396,1
0.6359667574012356,0.03426702697346663,1
0.23446257057006323,0.04649032685275319,1
0.33537503850369277,-0.05309643635565527,1
0.31042517688890425,0.2633493827319393,1
0.11255702704444265,-0.13799623940299482,1
0.047213709370348966,0.031799935944860455,1
0.2244647531441015,0.22888469051686272,1
0.46538726846964623,-0.19494027069351003,1
0.4843592924379528,0.17642332629055305,1
0.1251163395463752,-0.24327937243468364,1
0.20543996648800608,0.17047627112295927,1
0.41482977225599027,0.03067732748117207,1
0.5503184386808649,0.06366877526005342,1
0.22967621524415235,-0.1320958783915446,1
0.4392697397203646,0.22410571085926484,1
0.10510544730526529,0.19404296127053444,1
0.11954196476845017,0.2242583247748842,1
0.00807909052666521,0.1983186601837408,1
0.2515663717334923,0.0564198326034965,1
0.12777192255004488,-0.023757221256607026,1
0.12649635832185127,-0.23794058557698247,1
0.3205328008231658,0.07995633272375208,1
0.09248336278459886,0.08173623178007897,1
0.05694126187059924,0.24698688887135672,1
0.12523019627161044,0.3050287404491355,1
0.4552411953235743,-0.14612355047266157,1
0.4114534626100747,-0.0520915138757141,1
0.15350861469720453,0.012189118034465249,1
0.5696514542200548,0.0640527552170963,1
0.5705415672457737,0.015541495411267222,1
0.3953187030525527,-0.22371204850691942,1
0.5997469474822779,0.2339911277621358,1
0.3879629587659364,0.029588825971275608,1
0.2321771077819067,0.18711442958051053,1
0.05603626929046551,0.3013092806360598,1
0.21313842590514592,-0.10164343075570215,1
0.3672198420162863,-0.10359975384935739,1
0.3715223935501308,-0.22795875625368783,1
0.026617226407146432,0.3987210943424355,1
0.03234675452402312,0.23615632133334083,1
0.4017366940951228,-0.022939520476297014,1
0.38088712971953687,-0.18901358864413706,1
0.3084216777084953,-0.336407789720868,1
0.4856335471359679,-0.1694617828491109,1
0.27323699090203873,-0.2812319252673226,1
0.4230977854675948,-0.19102724846242297,1
0.4354241908791055,0.14394650097455305,1
0.531163290603676,-0.01570261837386002,1
0.34434372638969574,-0.05858161869511737,1
0.5938372144029653,0.11750663513273306,1
0.4386221793823582,-0.26623642839279166,1
0.15271850097709044,-0.16120762469921648,1
0.5702775835901802,0.015332493124005012,1
0.08297107653801185,0.042285153161656965,1
0.4474952778274117,-0.17115292353836678,1
0.06718168964481493,0.2010320749736897,1
0.042835078176713025,0.2048390013724093,1
0.6831098216002583,0.08848860335504038,1
0.04985582242080976,0.28120946789670886,1
0.48858686342818974,0.05674798192093237,1
0.42249246631758774,0.06726514328570254,1
0.34256377219384476,0.03265584247204383,1
0.5681747568159634,0.0614988316148363,1
0.40670266959906526,-0.27841700906004735,1
0.5452426090770741,0.17254792550487727,1
0.3199494630007763,0.08032975344968343,1
0.3972145906336824,-0.1365010738382812,1
0.012629409518796158,0.16594424933809046,1
0.18141599569085218,-0.06525206794327172,1
0.24076436859491374,-0.3694789141694927,1
0.07266113548091369,0.10575292672408151,1
0.3832716962428953,0.1916750446582242,1
0.16145797481004923,0.22532956075832664,1
0.03993454538049203,0.41981463222139337,1
0.507541145230509,0.16403525618238626,1
0.3735539446784275,-0.22716775928923102,1
0.4107089742268899,0.18061629620901565,1
0.3050923576298272,-0.35510206541713063,1
0.12662546134598326,-0.3560914684862076,1
0.42344536736346305,-0.08256398777865617,1
0.2328227493229904,-0.4145573630204607,1
0.33961890790062543,0.08412643781213917,1
0.28034105942118603,-0.35545005664219653,1
0.5325879428279827,0.003684103393678757,1
0.1782336725018778,0.31817353114282376,1
0.38950263901993787,-0.20340676479332842,1
0.2823729702644564,-0.3489243712598383,1
0.369319966922787,-0.26648799693481995,1
0.06612922292816106,0.07780212949029683,1
0.013961132496326505,0.30222372136883496,1
0.6244547832851793,-0.022915735484430953,1
0.16622724724092644,-0.2388696705641089,1
0.20167079302918692,-0.21288509468547342,1
0.2943225563992724,-0.04001471017017773,1
0.5802936655422071,-0.16613802743035672,1
0.15896569505752153,0.3879679218714972,1
0.18778970622157343,-0.04873716718238891,1
0.3343020703542225,0.2904438606089908,1
0.25027170046550606,-0.14347830898444666,1
0.10240318831673037,0.36893009952146166,1
0.4758174741733758,-0.026949525792199915,1
0.19236028221756304,-0.3484946894416386,1
0.10037523212233818,0.2878583610614418,1
0.600258116992029,0.07601549964957222,1
0.1290258680950229,0.3723697794635823,1
0.17549869965375647,-0.11399595065154149,1
0.3174710662075069,-0.3025264703347954,1
-0.005073135844475323,0.4632724315326789,1
0.30672367609562606,-0.004104270608301919,1
0.5819723326525256,-0.17115705034096387,1
0.3268213614705504,0.3990623036273966,1
0.4522516127595945,0.03464693784968631,1
0.3908079784791543,0.2770632156052133,1
0.30030433899312803,-0.3100550048780822,1
0.47924085066466865,0.028164292003280265,1
0.6502861568670618,0.02183466659721501,1
0.17204716831516081,-0.4773587751026382,1
0.15232365621916688,-0.17442024596919053,1
0.6265661786153081,0.14954237651576022,1
0.23238254183906712,-0.052245802104391115,1
0.48289896310380576,0.16180421291256403,1
0.6030947511296347,0.019500651539645118,1
0.36632068724791267,-0.18849969878394307,1
0.1499874842546174,-0.34711547248586494,1
0.25719563003065904,-0.3414939027687256,1
0.45151576021641926,0.026575331904521014,1
0.27658900344876197,-0.2730379193028552,1
0.17144530971337518,-0.2764839944227265,1
0.4298731303505905,-0.0026476952767247415,1
0.34984384635303384,0.3757175987834559,1
0.505865275343265,0.2786599298894658,1
0.32687030649403903,-0.06861703942853589,1
0.11579350738086082,-0.20682904869573673,1
0.2118785098371858,-0.28887731638431613,1
0.03691425484091531,0.18986100356650348,1
0.2927392677590102,-0.28062351655250556,1
0.32428392876743245,-0.20637727435348335,1
0.4012457622929308,0.03934329963503938,1
0.4612186819208383,0.10982866411097085,1
0.5794441726860617,0.04603799824936172,1
0.32294653675766205,-0.08098125824449366,1
0.5370763858156019,-0.18517855844658063,1
0.3928895079905668,0.241665012925112,1
0.4712714875826961,0.12868603500205728,1
0.15369369671792715,0.2810493385585382,1
0.2754196002690914,-0.3271431713662942,1
0.25119150600239387,0.08038704687045813,1
0.1609673597460457,0.18520878371654984,1
0.11258707095418968,0.21791890480263998,1
0.0753852331657559,0.33258493612324025,1
0.4260131908141078,0.05423554421081965,1
0.31664440024987417,-0.14986301075336794,1
0.08684958889759886,0.1360256167594906,1
0.46800855933620755,0.08975481229642224,1
0.5792462505919522,-0.05060742280284653,1
0.13049975882623122,0.11737868552264288,1
0.5561407445512838,-0.13158653487571667,1
0.2700332918647468,0.13737447372171058,1
0.3703271839188105,0.0611620343339771,1
0.1555180641987846,-0.410295683794386,1
0.24211936917127902,-0.2084860270574878,1
0.532236359106023,-0.017139011342126195,1
0.10532534626896017,0.0933016131393156,1
0.15045445833428397,-0.4460265301834699,1
0.09398435658263742,0.04659342850427529,1
0.2797956694787008,0.12120964174255588,1
0.035946106344492836,-0.030878405388587476,1
0.17090524022173628,0.08123937222292649,1
0.3823955337059098,-0.266099560903439,1
0.5590119325289609,0.22029111503889365,1
0.03220360015325555,0.35373807689582665,1
0.662415131936014,0.07417400659889717,1
0.14898531452055233,-0.34850170875926945,1
0.26746820942055943,0.3451055601424325,1
0.10890880498145715,-0.19264210672440402,1
-0.008834510430879305,0.494835635916726,1
0.5560688817070703,-0.009772256021947454,1
0.2861919686448311,0.059085768382639896,1
0.38306196949805654,0.2575026034597789,1
0.21893888876961073,-0.13740115117732463,1
0.11574956356429991,0.24726512201507053,1
0.6141401168472385,0.06914171638372624,1
0.06118527919938949,-0.003913728271690712,1
0.11586709917740216,0.020023971671136533,1
0.03661096223005375,0.38090053235569893,1
0.22574802158840898,0.059044337620623055,1
0.4020515968960234,-0.06885994081122003,1
0.39620144379531114,0.011418914961729306,1
0.33040886760740185,-0.1221615987369096,1
0.5053583931342028,-0.1670905057963011,1
0.49732268965256554,0.23675472113936036,1
0.18023814644991704,-0.18092088465848913,1
0.24049183044288652,-0.2770013893193247,1
0.12986026553608404,-0.2173312315281068,1
0.2651726808825843,-0.22232927570045172,1
0.09414370963028265,0.21590191246209003,1
0.45344344161786143,-0.0627435431734259,1
0.5164489267265493,0.05727562295325242,1
0.13359728292547318,-0.42084698191444253,1
0.23135423341235953,-0.20014224391767502,1
0.1528332474466624,0.2521112514534764,1
0.38972392946505546,-0.3339488686584618,1
0.43960683239479337,-0.10017841653534033,1
0.3987324083601028,-0.00021306967524460082,1
0.313030405153848,0.05953099311707894,1
0.6061588177792765,0.026892817008226638,1
0.1459874014624071,-0.15993562543508114,1
0.5200724757647174,-0.1503148035123506,1
0.2031478946059574,-0.0005328889447472599,1
0.1602017459811897,-0.4416507465118507,1
0.3577190529248753,0.2033086272758146,1
0.48134011910753144,0.07310311442247176,1
0.4828308068123515,-0.03283463558428917,1
0.3099208274043428,0.24503738305646164,1
0.39381370776087804,0.0284606885667442,1
0.3723709234948487,-0.21241511542175454,1
0.32692605100672734,-0.08828231210830047,1
0.3345686201208399,-0.10557774136358364,1
0.2012992380321404,0.25248950313395785,1
0.05764583110323106,0.2631997246953782,1
0.19521405736197986,0.06583354615686128,1
0.17105184297821865,0.1377641725353772,1
0.052440938333247644,0.4241215464365842,1
0.42158811237463406,-0.003744131824917794,1
0.1298532141783162,-0.14315906687853755,1
0.6024800525836982,-0.12063842118514183,1
0.12758178671657164,0.29702821939520874,1
0.5101053675186764,-0.16374709693896575,1
0.5025579430054774,0.10394210663295397,1
0.12417106769449546,0.259637493345251,1
0.5637854543174421,0.04165380943556293,1
0.2910260339377268,0.20179638802478608,1
0.4144790603697761,-0.08299468906097193,1
0.4081194417947622,-0.13336624654721224,1
0.6019502554768016,-0.12396484299556182,1
0.46649755692115613,0.2866386735450871,1
0.534604214896558,0.12290373223175398,1
0.2513933121578715,0.025805191273244227,1
0.11442978010927517,-0.42008981115372607,1
0.3113967572632581,0.0026177875576001352,1
0.12604865936791834,-0.07085165718352217,1
0.06529564251173647,0.12588287464575124,1
0.21030796621105555,0.15337452159901455,1
0.18890904006115627,-0.18136420138596063,1
0.3976229657534036,-0.2025380876214588,1
0.017169785389796844,0.3514313406271808,1
0.23375045814367001,-0.0029935678749200777,1
0.33898295260222683,-0.15773937548943662,1
0.037577948396797366,0.2553400967380139,1
0.6217632862245251,-0.05466573225061917,1
0.2387161351108446,0.0438249534368235,1
0.6913266582185356,0.023062957335072926,1
0.25860517167621616,-0.0316661002144602,1
0.28413274251460396,-0.24449117419771124,1
0.036711168446661446,0.3158224939428855,1
0.44515883347951657,0.21810782518629132,1
0.5265742418476872,0.12401306564191217,1
0.11497028171204297,-0.1769038987366621,1
0.6105868881326596,-0.027661375884516164,1
0.20818472704551852,0.23256045588552124,1
0.2090428873070119,0.40288301787405,1
0.1397801408761554,-0.4383712665902359,1
0.04881505749607931,0.26894302199256176,1
0.27011938172989725,0.38091492322534765,1
0.17591355255232688,0.08623582804745698,1
0.4178196809413391,-0.006584790666979523,1
0.5463764091330662,0.17717930378321087,1
0.2768850303942228,0.23966909466534103,1
0.4451064015243495,0.314810654054954,1
0.39031914899683234,0.08275237607326492,1
0.11565775861069655,-0.3463499140950343,1
0.11448442695635949,0.2614563061318521,1
0.08326038501704107,-0.011450967178382981,1
0.41093175368568047,0.22836626645373018,1
0.5723704708928024,-0.08951390523284342,1
-0.0018818548502700593,0.3491399164636897,1
0.09500223540719556,0.22571929829045376,1
0.25166295322265525,0.43060273863164833,1
0.4346292376199027,-0.06271258795149966,1
0.3069466465485608,-0.11869981787359117,1
0.36878952261807246,0.24864470326536356,1
0.37828960179071647,0.058456094145129485,1
0.4009798637343437,0.1533629754532333,1
0.14274231599479034,0.3692202872062336,1
0.19332135047785834,0.3774835342469886,1
0.4315262093494228,-0.3316302060823012,1
0.24796998634202774,-0.06253763541918966,1
0.35213770277329204,-0.07881167657714669,1
0.20855787969229564,0.1557301771588059,1
0.4624836049822861,0.174816469370806,1
0.32651247440532916,-0.18171779248068465,1
0.2790922452285236,0.055125516350771564,1
0.32545360006032364,0.2992968580889672,1
0.5346676127012714,0.03620780959257026,1
0.12407718878915129,0.013065991828898883,1
0.22972946725113133,-0.013856766229887518,1
0.4798367179825202,0.01233113346147667,1
0.5421111742764775,-0.23140239399626328,1
0.21868232489828734,0.18537303009391054,1
0.1747730656695966,-0.021817800348440677,1
0.4487511205001096,-0.26153208044198906,1
0.13266622056585575,-0.40411049827401474,1
0.33465309635374973,-0.37614782935187624,1
0.22388485814002104,-0.13111283932764262,1
0.3888380168601192,0.299908987554699,1
0.22535141092043176,-0.42981934167481994,1
0.1507255646817438,0.38313599663692355,1
0.5892880115138474,-0.0009636997467657094,1
0.4406241740438607,0.0612333997561067,1
0.2886091678665707,-0.08455467991867373,1
0.39430288540174496,-0.17460496756954327,1
0.32926316121130106,-0.1333671902483428,1
0.4334064113419501,0.20383380936220502,1
0.2223780500968168,-0.1476430473017248,1
0.3400800784747708,-0.14623588569314855,1
0.09013750188765336,0.3934646202824056,1
0.19247635280116465,-0.05825762540903186,1
0.027431477468118817,0.2788422328505687,1
0.09875445303259595,-0.005903268997340571,1
0.026521093546251963,0.20634229790114875,1
0.049724423690186266,0.11227930178818389,1
0.6227676608357232,0.17335946963235815,1
0.2224838209089521,-0.24121974136732385,1
0.3392235600832182,-0.280838265298533,1
0.12214403888970722,-0.17478674024876192,1
0.48983988944473417,-0.12083604684810839,1
0.36175451668353703,0.11269812462417576,1
0.1270022089121497,0.26202037715866566,1
0.5980688946170777,-0.012758379967608202,1
0.5554419750058782,0.06656938693607224,1
0.15609903604021216,0.16134666478423756,1
0.013476660383853048,0.18792095586982538,1
0.03274584701374345,0.24749501592190892,1
0.4711923623368735,-0.20317638676936392,1
0.36926551124989343,0.1451731491347275,1
0.15440094928663542,-0.30242035906050335,1
0.4600274703106359,-0.0873576012602768,1
0.14065026054008234,0.2571006236013218,1
0.018849604729007298,0.3413800822617748,1
0.017073744324576774,0.08371229733158603,1
0.3146877976787453,0.3221935751532586,1
0.32961035697309377,-0.3518800566947285,1
0.43774678591743615,-0.28914597193586,1
0.2866441051288656,-0.07237535432127001,1
0.3627912088798638,0.15268982404466333,1
0.18471954471646138,-0.2486305698021227,1
0.20048138716115754,-0.06451786651504096,1
0.49647153370821645,0.11164230065870698,1
0.3542546929649406,-0.25565683070604145,1
0.18460546476939937,0.21446893394177166,1
0.5246035884159734,-0.008067599958038308,1
0.5051825267806631,-0.09970849489858917,1
0.21590664426020975,-0.28728411498352935,1
0.0005693762101396414,0.2786499107708113,1
0.5316612835328698,0.16005111820351886,1
0.5192678885524793,-0.21098688363157012,1
0.5406892255068777,0.030605273775980237,1
0.2335711960071943,-0.14227109534236637,1
0.14620236869324593,-0.1566193801540436,1
0.1507675875968025,0.13913687956388612,1
0.46091247632036936,0.1263307993779308,1
0.363247297399033,0.026824189990140534,1
0.21906653414382393,0.3885591900028375,1
0.28302152124917596,-0.18322477937503903,1
0.31893054978137325,0.28749770946586517,1
0.4181181579298096,-0.3273022304907681,1
0.09542679439748594,-0.16422063035200296,1
0.05476892459350121,0.11740837699949942,1
0.2364907496457316,0.3290682897351944,1
0.4120014652903403,-0.16893407556090145,1
0.10346946253462751,0.05872586116195969,1
0.6036448405484934,0.228974709931152,1
0.5128468215454393,0.074852947403496,1
0.3334256116035111,-0.27252111311530286,1
0.5405785389395646,-0.09436173030987172,1
0.11759616462782947,-0.09540365442874812,1
0.12253239394607292,0.01483419935611006,1
0.08848063637736062,0.261019721713315,1
0.13578524665028857,-0.3490354443390635,1
0.14838378058167914,-0.13262888510775706,1
0.26157782542882213,0.0161523223206809,1
0.2250305527191623,-0.11753145946522361,1
0.2786097237592744,0.11285332771782924,1
0.07028389214704853,-0.1288498952631671,1
0.11610044511285947,-0.37833588155557785,1
0.506432835053789,0.12419878566128091,1
0.12339394819002304,0.43091910232216196,1
0.15234846835699714,-0.12624297031167042,1
0.40690374858213446,-0.223325028553159,1
0.32498428084587355,-0.20271277478492133,1
0.16717671730524514,-0.40323048029404474,1
0.3008513354162115,0.12530741627360062,1
0.19568072626981256,-0.3029097162739913,1
0.42654616465613326,0.21686487827895679,1
0.3048241339077007,-0.023573899909049487,1
0.4934460700162534,-0.2619376247872881,1
0.2579389597403444,-0.29288460654344145,1
0.26187303136953477,-0.04451657405416881,1
0.31994889423507583,-0.003971410595442146,1
0.3311180117923363,0.055492517459826536,1
0.09603490448215167,-0.2407593115262952,1
0.31764614219447956,-0.2576345894725298,1
0.6218282689756314,0.19366445468515298,1
0.20873472767391285,0.27183755689871236,1
0.2200829637333673,-0.1925414269684655,1
0.544896307029202,-0.1835426530189535,1
0.2886140582661848,0.3065642610003115,1
0.16878576222934893,0.02994683991007749,1
0.5407408710894005,0.02581615768854566,1
0.15844091732252516,0.3661608540380679,1
0.5920474291267147,-0.08042794710801959,1
0.22188184437402053,-0.39267860530441745,1
0.5175404306909523,0.21782235395240748,1
0.4463659114388605,-0.1595585308547457,1
0.2148205654856442,0.31816105965532127,1
0.4989999226678559,0.20854538522718988,1
0.7182715595403327,-0.011223356290739192,1
0.31449893004838714,-0.3011553889052097,1
0.39502819299629877,-0.26082161212731186,1
0.18423960510333787,-0.3265785031837552,1
0.23470293718267396,-0.42196501424476396,1
0.5434422579702323,-0.18195483003214505,1
0.3661530480499666,0.1120246111432467,1
0.5063818465947739,0.28750183706429766,1
0.3353260277615736,-0.1957475790746589,1
0.48620536084148924,0.23266397204088393,1
0.6127385139972359,0.017334258247018695,1
0.09226508820865331,-0.14853751179730304,1
-0.006581772830068441,0.37675530810184416,1
0.2822697048648785,-0.28956248147298214,1
0.46153960609654965,0.15722339987963815,1
0.5262741680059764,0.21153740989817751,1
0.047729265887435444,0.10478488736672847,1
0.4300281076969449,0.04887096404114309,1
0.5678379550009678,0.05028672007170024,1
0.5212724935176655,0.2500808409864295,1
0.6085319752461686,0.2311499580261221,1
0.35162438346130925,0.038563805417529816,1
0.35772073961825074,0.200492354404079,1
0.5904930895476974,-0.056919124720755845,1
0.25787907443810126,-0.2707406090697727,1
0.1744904083039515,0.4036644322373067,1
0.35618049230927773,0.38461327201368045,1
0.06523917554428463,-0.05993131154877682,1
0.04470080853663703,0.38996357688799527,1
0.0920703859579497,-0.06188158399653611,1
0.09790696348329127,0.02883133017280012,1
0.6713341052332638,0.0567938142632597,1
0.09287236831108762,-0.03585265573868511,1
0.38543349696578905,-0.26584580952843156,1
0.024594227329446536,0.2761577423381076,1
0.6205830373052776,0.2735759774248473,1
0.3530654331771534,-0.09686434432680507,1
0.25086326487736443,0.35347586278700754,1
0.3829150436014564,0.076091467574768,1
0.48420287317790583,0.03417428685799187,1
0.07896113460673898,0.0935601053277883,1
0.3114899772160927,0.010551431934586856,1
0.42172004545603314,0.28843924641050334,1
0.3055458592082918,0.17297885285287687,1
0.14407989790524342,0.44022790306094434,1
0.35926958228532097,-0.37032458245617195,1
0.381328971483269,-0.20587858413313048,1
0.19970543587762524,0.18444562566467634,1
0.027199826458811215,0.37511684256782196,1
0.35894120825933373,0.17335273892123676,1
0.22902498063268298,-0.36017896636427443,1
0.13209843403148014,-0.1914051156184283,1
0.10991810624902071,-0.07420926430417418,1
0.14644156614955842,-0.3085378343193636,1
0.3881196663447083,0.24299717692501027,1
0.35826062785777607,0.0012011155785322252,1
0.18360948140031833,-0.17054313433134055,1
0.033505976299187626,0.4004409349111339,1
0.2462928479892623,0.0692095015316673,1
0.0711175379341991,0.11168795183411188,1
0.4472211882355647,0.23665108732424894,1
0.46361340693654174,0.20421829402736147,1
0.1427634006889287,-0.3869442036006529,1
0.10074015942311709,0.021762775990210134,1
0.3136255307178439,0.3187641149457348,1
0.5040943714507887,-0.085669019976413,1
0.4062104942349454,-0.02890305863931704,1
0.18782063512229052,0.09616511280782608,1
0.3781868200274766,0.09045252994933627,1
0.5334346836071622,0.006510614477329838,1
0.18280228114362762,-0.3191187491520416,1
0.18821523858129824,-0.14482663180469732,1
0.34818020507071146,0.07677467240458997,1
0.5812365045319309,0.19471106562143548,1
0.37855875734495875,0.29385408736283664,1
0.26925756281545765,0.2220673194706721,1
-0.00852582181110364,0.267434591645724,1
0.5413923828132315,-0.18120482791108805,1
0.6834177135350996,-0.017758288162201433,1
0.12555140886212865,0.3789810669970593,1
0.178668566720363,-0.31867716311431615,1
0.1796132627285317,0.2613540917211702,1
0.5314369716982691,-0.06259697379388339,1
0.007234675968886352,0.4193557907397602,1
0.6286725170781337,-0.022230575404900935,1
0.15879811401044128,-0.00100640875327288,1
0.43806581577953563,-0.29096783165291046,1
0.12684621257970435,-0.031134583634574435,1
0.5297881031063039,0.03881025317197016,1
0.5384845166883406,0.01417621952889955,1
0.4990914546345006,-0.055890296285439324,1
0.23001971315602482,0.07991786501796923,1
0.41956084262819016,-0.1116784523912374,1
0.18737838527901687,0.013411471302721757,1
0.10258305587428122,-0.384807197908216,1
0.4235763762071037,0.22777311096906225,1
0.18980789066411086,-0.12447647618974171,1
0.26774068087207326,-0.20157574763160457,1
0.10436976720349825,-0.10939100504370189,1
0.21116025237224595,-0.41821433944315806,1
0.09046964923505943,0.06519027824050513,1
0.5268326754514974,0.0035276400963138448,1
0.31278603158216073,0.2555611271396043,1
0.5203816011688001,0.09748590677685749,1
0.37049208470226996,0.24832345350324478,1
0.25528128707987807,-0.17395321099887795,1
0.2990095576285871,-0.1615264098355441,1
0.25254644483183214,0.22734941960173302,1
0.47800982099224043,-0.17421923899045672,1
0.25140896450362615,0.14034296489756953,1
0.27136075085571676,-0.12671854540390626,1
0.30686849204897054,-0.33503269898292753,1
0.38843601763000735,-0.20654539535211597,1
0.46137650506167893,0.2335319059949795,1
0.17026764097596156,0.23370130852991966,1
0.13659366956314847,0.2874030920597492,1
0.4936363598464017,-0.20629785951477492,1
0.4219585241472414,-0.001153600920952876,1
0.1603146862501723,0.24685075500282413,1
0.3539033690799556,-0.024158660740930062,1
0.3513634386826829,0.020082684954871807,1
0.22047267264493797,-0.0284993980346236,1
0.20560633821371396,-0.049965956370430206,1
0.19062705358039175,0.2508249426581644,1
0.5577830324672133,0.1014806710864704,1
0.169560808540362,-0.12142218906391056,1
0.12041568210572667,-0.29347647715554975,1
0.4687441007661093,0.19027920525944997,1
0.43888514653414906,-0.01938361367564587,1
0.1226361186708443,-0.3431206665225392,1
0.30043747922421216,-0.033962928374403296,1
0.06105806191208955,0.19168433414633468,1
0.28967632084829537,-0.02537580257814589,1
0.08299024007980478,0.4041072990883145,1
0.5077555586246238,0.03869805910858974,1
0.525637667416208,-0.011052981893549498,1
0.2194559379902675,0.35537962500655773,1
0.004451134516482012,0.21047233114965486,1
0.26376778991795574,-0.42356888596510733,1
0.0608951975818084,-0.05609568452520391,1
0.6490960469473022,0.05253469872984564,1
0.31828546393119106,0.20607590374726406,1
0.42174504021757914,0.27777614071022844,1
0.224102346563536,0.07255928022552134,1
0.23619814244083537,0.0050054683439745866,1
0.025088503011759907,0.23440827741955206,1
0.11850734359453331,-0.17793585150551638,1
0.36892685606785824,0.07235554555558853,1
0.084571429385976,0.3534954739498843,1
0.3071218690369877,0.2749103529980642,1
0.1351304568273074,-0.23339131445377917,1
0.4126921809079572,0.12540146897280585,1
0.24100831025930164,0.10403204838369316,1
0.3411101060054096,0.22006485956258529,1
0.5324377265596165,-0.1838829284960038,1
0.1536490824556928,-0.19387859736274443,1
0.5152294193644417,0.19436820363921947,1
0.21066159106990331,-0.12135590841262228,1
0.1256295861207785,0.05036119882174896,1
0.0777200427794817,0.24296383941474173,1
0.09670056336910479,-0.17471449630284125,1
0.14870600415985688,0.3256696718831426,1
0.32220741556798305,-0.2440800945239477,1
0.04317165228715132,0.39398213930810855,1
0.07488527756723065,0.13643396245181771,1
0.40863160967921136,0.2016567100999878,1
0.3238331452855261,0.19522742057336426,1
0.12030906790606133,0.038733474347205796,1
0.17096417254186055,-0.13711778740829614,1
0.24859685765168546,0.08270746796989012,1
0.4027848862944361,0.019695358916286345,1
0.16241902278292508,-0.3884857198209597,1
0.21600267531805192,0.031960351467514074,1
0.34846707618486966,-0.1738119594465381,1
0.07057049512142309,0.0889714719958872,1
0.08807135794485471,0.3279595857119495,1
0.6267757345435557,0.18738540971205733,1
0.225903508908735,0.25590771277302293,1
0.4217611444823384,-0.285053309297238,1
0.3088195003845371,0.3935547828370519,1
0.39193209341641966,-0.19395118035046607,1
0.15869564861774613,0.26966187824394083,1
0.16285412128613502,0.25303146623287653,1
0.24254223738971986,0.011094050222933267,1
0.24048501851604476,0.3224707163685328,1
0.1980338872613624,0.32501621660536667,1
0.5131973428232085,-0.16034904545986664,1
0.1091883535319939,0.3421646097829911,1
0.226991419361377,-0.03248857788988648,1
0.32590817276051903,0.2863258559029413,1
0.22449460904294247,0.3216521234346806,1
0.4067599958054365,-0.08280406385006545,1
0.15429622846396407,0.09583185164395122,1
0.10696178152157784,0.4054229441064428,1
0.3041860092048554,-0.08915292963342202,1
0.18492946109536673,-0.3889994633420991,1
0.5740643311325233,-0.011173942284055412,1
0.5105787194946564,0.1011948616543855,1
0.44365691357056414,-0.2131223968476619,1
0.1735539710863434,0.12265304444648958,1
0.0882372467688978,-0.041890855422631566,1
0.43999155939349166,0.04531025509300614,1
0.11929498886584357,-0.1242090536903069,1
0.09062444508679499,0.018539981693748143,1
0.40925825165210644,0.04285348814404571,1
0.6472643427619218,0.08038477692357363,1
0.2826364392978718,0.1582896267095772,1
0.6416740698329292,0.04216686469110851,1
0.30236251649025103,0.35206328553369265,1
0.13619011864920033,0.12263230808032176,1
0.15244617354930523,0.3237812336105658,1
0.5006958025430188,0.14206533925775003,1
0.5406288698173477,0.11663342264079886,1
0.08753338848105667,0.3883015515973583,1
0.34230771176631936,0.1570164811704803,1
0.23971645184452411,-0.07746001012551927,1
0.21714548771883477,-0.3844517995270831,1
0.2755447124295249,-0.05127933680805271,1
0.0634098655775908,-0.11163416583440505,1
0.30133509205338505,-0.08378436917446798,1
0.29106011737167886,-0.338145069163257,1
0.19153055440233818,-0.3382301113300264,1
0.07394348708701638,0.28899027547938516,1
0.11881904548915838,0.053325452915758936,1
0.21670416323326447,-0.28568605609884173,1
0.3782987767284707,-0.25944856715118175,1
0.5495666076358987,0.004318475884163754,1
0.5503375032451286,0.06373957764619072,1
0.15992755015774704,0.34936069971272443,1
0.2879572967487685,0.04433070215643367,1
0.5128926715649786,0.019348067951781033,1
0.41641855598399724,-0.060423665553309885,1
0.16210601848366568,0.017299452177208206,1
0.09290010364086122,0.21416745092496345,1
0.1376742918467809,-0.37420430200498495,1
0.3909250627804484,0.2061344518998799,1
0.2554808201243063,0.09843495228408014,1
0.5349913675296776,0.026120484573193846,1
0.3982125682097445,0.15686459984145226,1
0.14602284807921606,0.341504389007552,1
0.3716290655648278,-0.04301234058226005,1
0.6486622482629139,0.19723822691481724,1
0.1682579199921864,-0.2527439445760414,1
0.1010475749428227,-0.17334604955993177,1
0.24509716050865213,0.07310032771862612,1
0.3073597508500084,0.049142936709210015,1
0.1523299393114924,-0.3517869381944954,1
0.30635955044595276,0.3873569661167517,1
0.10311754714118361,0.10044771214355933,1
0.3044197963982987,0.3480777751037114,1
0.19577182978715696,0.27162854404611925,1
0.1556317031470763,-0.29645802988117803,1
0.2174603568222735,0.30112544118623286,1
0.13708224395196222,-0.35888037761461133,1
0.1147922705046295,-0.17093265201505167,1
0.3522991168601773,-0.06029200539847017,1
0.5457368153904444,-0.13546264165968344,1
0.14912622112595994,0.23340741734347972,1
0.1614732863045464,0.28887551249812216,1
0.029984482876521872,0.10507658424958016,1
0.49962174328089576,-0.15052577083236177,1
0.24358859104671496,0.14825268826388058,1
0.1955302575605923,0.24035537402026708,1
0.34938708802000124,-0.16930716243835006,1
0.07456355980649494,-0.05928545508277921,1
0.5011040957703551,0.01456479211452329,1
0.5354705303035162,0.08308087581937247,1
0.29073597056952993,-0.16595059662509837,1
0.14460751213022038,-0.12455755161221221,1
0.40286911714690044,0.12009749995273583,1
0.6112743215795277,0.2784206469853279,1
0.11661106187747501,-0.2482891043074004,1
0.36321172969300924,0.2733239293199153,1
0.43902132778892916,0.06667936154217519,1
0.49785405264439747,-0.2806705677755106,1
0.17751997601221894,0.08518976751380382,1
0.26422932197005256,-0.20486065313070112,1
0.49866479983507656,0.04443645170421034,1
0.6531004545110161,-0.13724171863169432,1
0.5273231283997425,-0.024792125452513813,1
0.34298691946516807,0.1681188418433835,1
0.10344658783345406,-0.2780348747173382,1
0.35015148417173503,0.05345497614566236,1
0.5031330307137669,0.06072254910933787,1
0.547123708241843,-0.06294851350886982,1
0.18538999342885723,-0.32270936746839674,1
0.15709327419896227,-0.2523553560491789,1
0.3959192350764257,0.09374526006558151,1
0.16774724839317343,0.2027272459816054,1
0.38188796632399524,0.13368131547597661,1
0.12940810551246387,0.1664033346446689,1
0.15270174119675964,0.15668260573343465,1
0.0830721115944167,0.0740320568581799,1
0.3171937805549429,0.3952946380167468,1
0.3123762885693117,0.012712587189581116,1
0.2551859490145975,-0.22176839131791776,1
0.6692672661112156,0.08157826867779142,1
0.2838265141090752,0.3253597725903572,1
0.3900476730563641,0.09958087789044708,1
0.3339694899968269,0.12575600182144242,1
0.37160256955104487,-0.025774613574671285,1
0.12289852047501627,0.18230808983007424,1
0.6161095008594875,0.15408187322633263,1
0.4721737383402104,-0.13521190742712275,1
0.1402665229900344,0.23802105696005746,1
0.14234050204404816,-0.32190270323384323,1
0.6242889400783339,0.15824431128883193,1
0.2674506422569065,-0.19060705839554645,1
-0.00595770717720023,0.31807123413883703,1
0.628824746276192,0.14825921967949254,1
0.45291402132694103,0.09679853497618943,1
0.13484478885938417,0.054237307136708365,1
0.3698207629905422,0.3128574965017682,1
0.11651414375519716,0.18636009965892766,1
0.13685668694716213,-0.2524847663111633,1
0.37798333224134034,-0.30669371228865955,1
0.6723276573766525,0.0695517920385232,1
0.45200928619039493,0.28489441119819403,1
0.10407510123128907,0.16871835893894765,1
0.12512937880986744,-0.3522893560862509,1
0.3385741294489039,-0.3066729509969368,1
0.17502357379138056,-0.1885314208466695,1
0.4239555342467946,-0.23740633526164437,1
0.5045431505280203,-0.10321568839532766,1
0.15435537624125825,-0.05050538518770233,1
0.23508099763389703,-0.15782847925328208,1
0.09340413926249432,-0.06532889158633046,1
0.06673813651587324,0.1269121053896369,1
0.36906991501134373,-0.05886159638431596,1
0.29661031415632033,0.14633084146289427,1
0.4864194262233407,-0.04856587339999985,1
0.6223146757947587,0.0999289888313463,1
0.19377936542560548,0.04010727862821652,1
0.46344206933883436,0.23243538476618805,1
0.18159071356168965,-0.36163739406995293,1
0.27139463409425374,-0.13853150360426908,1
0.08401966769360314,0.29131747142510933,1
0.476292564487249,0.044604282394931916,1
0.5316430418643462,0.059407556585424695,1
0.08303747134688584,-0.25644226063867326,1
0.31281512509259224,-0.14169068534557747,1
0.4186790502050601,-0.25215087900748956,1
0.22502164056121654,0.05275262296563369,1
0.14681174546217285,0.24923041120010944,1
0.184111217277382,-0.12161890452876414,1
0.06733853954357219,0.21324991718455547,1
0.6072590448511507,-0.05742458703705588,1
0.23338889110322328,0.08520218688106142,1
0.15118911653420344,0.11861004399847795,1
0.46791539289527984,0.28934603048992047,1
0.43575536568402423,-0.17690485384512816,1
0.13248646907165704,-0.09838625453574937,1
0.572086031255596,0.1232109185290447,1
0.2750327099645982,-0.13624645127782384,1
0.22873220304046007,-0.42444066020606586,1
0.21795134692961762,-0.11237854438786479,1
0.12587047800690163,-0.3508596393332111,1
0.21175458785475304,0.04280261647534572,1
0.40285579625291734,0.10077708045127673,1
0.30038425925025347,-0.21402368070179448,1
0.3709427255209397,-0.0717316966335486,1
0.6020583832518859,-0.037820496182672816,1
0.49495338317199167,-0.057694578168579695,1
0.2272121384048751,-0.4556750486726373,1
0.3394639017897128,-0.10364572237029326,1
0.5104369437739933,-0.1996465422189075,1
0.2747503704086057,0.3759434900069669,1
0.40522910956397756,-0.11538509365756071,1
0.22077758030124153,0.14378986213762393,1
0.26655911617968236,0.2793927935553867,1
0.28762474346000316,0.16274824653759054,1
0.4844999772847982,-0.20437696102699215,1
0.42081890292196045,-0.19195317596021355,1
0.2760938529309507,0.14914130370293951,1
0.6076386336774577,0.23263187153269782,1
0.4277459539705776,0.08304232088843959,1
0.5210216668366245,0.13708802453716748,1
0.13801446910440732,0.048457042775769184,1
0.1461335334936778,-0.16734650624754654,1
0.43884427700475065,0.1283231365589348,1
0.2422291298456831,0.24868832049050094,1
0.31912213661235933,0.3004851432113187,1
0.48954517219594706,-0.09225326048812552,1
0.418500820624033,0.2243571656678197,1
0.22996379874180925,0.2093452126514632,1
0.11959457849205118,-0.18699568978545872,1
0.11064739033866237,0.31156906403259443,1
0.4951404149247783,-0.06571653620391747,1
0.15167229992278117,0.4220003431001974,1
0.23730950287595373,-0.33612430140038096,1
0.3845290521115716,-0.11417449340715106,1
0.1395682078929722,-0.19330945702091054,1
0.46132771744831585,-0.07718187623639217,1
0.6306238785847128,0.08401627471878699,1
0.120844153277015,-0.4754504273954205,1
0.5236150656329969,-0.16117484286507233,1
0.015745477624316453,0.3124298710597113,1
0.1543125172213824,-0.018226945450638642,1
0.3134793479013861,0.0024796409853170666,1
0.30680142381764863,0.16509736245724968,1
0.19275590512539417,0.05187274108002683,1
0.16551971756902414,-0.40056439866409693,1
0.44384973501934644,0.30833436626257915,1
0.12049083448781742,-0.3107832783948063,1
0.6070368311757305,-0.0944289733272808,1
0.15196764108918026,0.28273996539912605,1
0.1980385798314912,0.14967032750324158,1
0.39818360912678574,-0.21090055534348806,1
0.06728670737453411,-0.1059764936554837,1
0.010053409372913892,0.3294962829254808,1
-0.006055971571830148,0.2596283191818972,1
0.18353553068023437,-0.31548532306155735,1
0.58597484906834,0.25066778567819137,1
0.3246871378755149,-0.05166868106346352,1
0.10837053803409853,-0.4730370511247829,1
0.029223404542918375,0.24559262161067924,1
0.21903445541636363,0.36023616131102554,1
0.3609221647883416,-0.19586790637650234,1
0.19814832353866915,-0.34534817421966685,1
0.39364144714805444,0.022013903138773386,1
0.5686560818647958,0.20053422436179216,1
0.05571599713677062,0.3451370649941561,1
0.17218750137242295,-0.2875854412476239,1
0.1367141042632499,-0.17953513837202584,1
0.16173751903448783,-0.2726333201984411,1
0.5267108845564084,-0.16367238397906178,1
0.48242438618073913,0.07361051817868453,1
0.45426893167504445,0.04009015745919621,1
0.20966835169847675,0.09605306368132507,1
0.49739738031752206,-0.12164908306065866,1
0.5253308029314427,0.31102475538606644,1
0.2689089134414725,0.3606783134578943,1
0.2738177106395891,-0.372656913978235,1
0.27421361534790745,0.1375197839824888,1
0.004050229792958098,0.3727785652638826,1
0.48459221984513295,-0.0824552962607887,1
0.0501254510193799,0.08893263587906954,1
0.02335789431780394,0.19275700098038034,1
0.16488425022039338,0.06225625943174942,1
0.45914398961178576,0.05661613433535912,1
0.5317304497357112,-0.04334420241932584,1
0.25860926977753096,-0.3153057052323073,1
0.21825659540678402,-0.2579716941148702,1
0.35369882604046776,-0.20856182443940066,1
0.4481475632927184,0.03063616915127532,1
0.6377982310603203,-0.0007754999411007415,1
0.6126262855217378,0.2778020735221918,1
0.23145026835894922,-0.024786783403048837,1
0.1618848855662843,-0.0838302965699319,1
0.30970618383856036,-0.26595242267722463,1
0.31010472877661704,0.36340730569164365,1
0.42603689398041017,-0.2375780831417539,1
0.19447470016198887,0.01882870994961889,1
0.34770192488839585,0.3189483364220312,1
0.11580054208415293,-0.47330228259021456,1
0.6674801214712787,0.04962614377380628,1
0.38132740538278825,0.0794259040421731,1
0.30643229197744787,0.22529675755442033,1
0.165598751847573,0.3251880218157799,1
0.21633495562201058,0.31827714416455866,1
0.3739668869564753,0.17161579518965517,1
0.28041336912783094,0.15726082216611936,1
0.19478961869103464,0.05411662935879122,1
0.28077329762159614,-0.0391450303515925,1
0.12044999552896596,-0.44855127313395554,1
0.2664794592444181,-0.17730486509902124,1
0.544415145938876,0.03239610456037206,1
0.3507514579442114,-0.29088872273068034,1
0.6162839843856253,-0.00717220382684517,1
0.5614556718251021,0.07627890285704145,1
0.38860065531718757,0.20226576299904478,1
0.45169097525880836,0.07436293165168284,1
0.1458667405770419,0.3690272219296022,1
0.189031590324646,0.25697723687551244,1
0.38417097016755997,-0.3380944763162035,1
0.06349537038802404,0.22864759057221123,1
0.42008570774756243,-0.007852286764232663,1
0.007779718819915615,0.2982696420391768,1
0.30808650289326006,-0.03388940732633393,1
0.16639757472898334,-0.4006988677011034,1
0.4886945522876366,0.05116947230497149,1
0.06422180692871748,0.2775425465364484,1
0.026039524924101238,0.397109390591214,1
0.0704038610024144,-0.14446745854517662,1
0.11370108145289949,0.29802309000049554,1
0.21731179213836507,0.14249263911757584,1
0.33430722537726143,-0.22087559661285755,1
0.5082624769135411,0.0063585118214870675,1
0.42116498226179533,-0.2493747203557298,1
0.3511571747945784,-0.24532669373188032,1
0.5920340255061715,-0.07771952996457242,1
0.11259567243836709,-0.333873975188997,1
0.037413679430563763,0.38200771544186307,1
0.06650133369868294,0.19005978874537086,1
0.3876579594776345,0.16882997879040013,1
0.16623021101202826,-0.2937079252712131,1
0.44041703768051405,-0.0480289864780403,1
0.4369887918957275,0.19373246407783282,1
0.6182756620288864,0.21185878690938675,1
0.3762214474447449,-0.1873732967094393,1
0.35221533521734105,-0.23832557660971695,1
0.02348663291021893,0.414105936532258,1
0.11117514718301708,0.10959105464084504,1
0.16143553189557777,0.008357996788694748,1
0.27046774536824447,0.20304724705447058,1
0.620184657952928,-0.11764849054991768,1
0.353516102375061,-0.14115495862876765,1
0.30302005327908776,-0.21389925768214377,1
0.5067238030341361,-0.16013346056910785,1
0.30315229439675895,-0.21102486883658267,1
0.18712839999027195,0.11144217988706176,1
0.23525324474330256,0.1507657086222577,1
0.5003307995695965,0.13263158968081515,1
0.27392495378340737,-0.22851697246043196,1
0.5622929018282331,-0.0613520011556291,1
0.2043013371224461,0.1394155360941751,1
0.21532754791321104,-0.120388430621815,1
0.0490324773369022,0.20089012222907693,1
0.27102348233551865,0.17058085317399505,1
-0.007147221959789972,0.46843760551930785,1
0.2911351974967017,-0.37636815005498886,1
0.40414086888565937,0.2021743054980925,1
0.2568114674011853,-0.1445404143572163,1
0.3725034013527016,0.2892019454378595,1
0.2897306428536812,0.3783649557587787,1
0.23153358104652325,-0.08361497166161347,1
0.027017111971864998,0.30915966313691384,1
0.5756588984768821,0.26613733474643414,1
0.2598271133171921,0.13721791822430474,1
0.6120562342319532,-0.020687084619337624,1
0.10279258047379675,0.4025705199839377,1
0.3489744608354743,0.2773380463884261,1
0.39815736026797816,0.1284901986254187,1
0.24923219391961485,-0.10191347906147329,1
0.24041226216911196,0.30771650626268543,1
0.1529253271692458,0.1646244015865246,1
0.19014220521613062,0.23336150729128102,1
0.25494083327292116,0.14709080353465986,1
0.4112035017383097,0.18736617976952308,1
0.21029977089073923,-0.0613413732133387,1
0.23395487586604366,0.34447785994528013,1
0.42855210273390176,-0.3259552463982652,1
0.23225585325010892,0.18693998287348546,1
0.12820717513677188,-0.44430363138470536,1
0.20516608631710218,-0.1170679658141153,1
0.41603679721364334,0.11790702282273191,1
0.2660696613231575,0.15058630026230468,1
0.32198385582823397,-0.3387058460614229,1
0.18486922535781614,-0.4702785828251337,1
0.5865280483147225,-0.04092490613966974,1
0.09546566337781874,0.3619358614394957,1
0.2541804811749958,-0.2825556603635584,1
0.12398427657973851,0.042020749209478035,1
0.21410197327238997,0.3905625685394324,1
0.30572901058922536,-0.1875861328272767,1
0.03078193786989313,0.381443261070532,1
0.6620660836419625,0.10685694564517642,1
0.11448933583757344,0.32743659946326914,1
0.593585395696106,0.06858978617107081,1
0.30756229024894,-0.18042976604441924,1
0.4197867674763714,0.2761524592608341,1
0.10308618988412499,0.26770041613202117,1
0.11169481092003264,-0.3699971320765096,1
0.3691078327784378,0.2371866363764446,1
0.20894874441909578,0.2876490468670658,1
0.619051713208437,-0.025877734141173683,1
0.34347113009928876,0.17103701127159518,1
0.24368003717362793,-0.3573382044158186,1
0.016144216456582074,0.25222414053096925,1
0.42370138459656426,-0.015238631241062122,1
0.12267729886148239,-0.31065037431240017,1
0.2840025057098785,-0.12909727366375998,1
0.10823634390000884,0.38800101704824647,1
0.19635850723418358,0.22311997021169813,1
0.10507855414808297,0.2816812167884908,1
0.33640905893831025,-0.29038594547408053,1
0.38620260078411295,0.2179886621903238,1
0.10038940255867956,0.3466834759717524,1
0.257753810485723,0.10214492680128638,1
0.25580339973628424,0.1706707975192621,1
0.04208856783916133,0.24827817261531981,1
0.4155367472070996,0.05391876543487222,1
0.15802707664079563,-0.268765853699641,1
0.2633309072485051,0.198401551751278,1
0.26283424472092093,-0.40745213718174716,1
0.5244097822400285,-0.07853619699226592,1
0.18571200174195032,0.10651381437574006,1
0.3408389491211819,-0.08072687712644856,1
0.5208898559141212,0.11976064599916418,1
0.5679173697890775,0.20802445234089406,1
0.1817235245572782,0.19582411437677244,1
0.3071331694851277,0.4225018526707576,1
0.4513025481265324,-0.06138805763476416,1
0.050449839784218395,0.33234455101487925,1
0.25411420381660615,0.22219787262111243,1
0.010912314361038154,0.500272955376907,1
0.18137800435753237,0.33997838333848623,1
0.3766120857585601,-0.2813954958981562,1
0.2608161118914761,0.3936389073851091,1
0.43618466543433426,-0.04837578155603739,1
0.40866814578644195,0.1286229768659844,1
0.1849404191432225,0.27133220757078136,1
0.3803979918660876,0.15240726807036384,1
0.0494025843809312,0.30717786158406796,1
0.43081710355244646,0.14529055364366633,1
0.42363762072584654,-0.19288210630821057,1
0.22154505104997316,-0.03849522375748931,1
0.14034270659721051,-0.1897897015459549,1
0.34632295382177336,-0.10120399449719918,1
0.15547643654408766,-0.3134651184547008,1
0.24608869044042478,0.29770125293834876,1
0.30552672708406103,0.25899492034404437,1
0.36626509252820755,0.08038841204246086,1
0.21284772675247196,0.014611295788503485,1
0.14384039813429012,-0.1715829730452315,1
0.45397403058564956,0.2897029782581117,1
0.28419568037514253,0.2944138010073662,1
0.5758134437095794,-0.1697297844580309,1
0.29556112799512174,-0.0059906827117011795,1
0.5668955471200976,0.07740996659644656,1
0.119983815580546,0.19692494646948644,1
0.20705906380743783,-0.10092329328571167,1
0.3710011286151458,-0.18404354650989885,1
0.06692542738101395,0.3836106299720804,1
0.10691176660292681,0.3515124412833323,1
0.4337974792190299,-0.16018597431698756,1
0.11984546018748898,-0.26550292694406785,1
0.36910776601690287,0.19189055264949467,1
0.6103663750734357,-0.10609183770538062,1
0.23979753925744243,-0.21693307831435324,1
0.35346469509091816,0.2897757169401201,1
0.3446221873598148,0.2321439271204674,1
0.13234458257214193,0.2748556634144025,1
0.44781073660730186,-0.16983284997901507,1
0.22923684143621148,-0.16012456623055676,1
0.32144818016189386,0.26972777274227405,1
0.4182924147336199,0.23389750970463746,1
0.45099339578214087,-0.07570026951098055,1
0.3656483973899333,-0.27688325663736674,1
0.17434259598798646,-0.16304116118764425,1
0.22232065850661129,0.24555943716922535,1
0.40566204510535003,0.09256002443538627,1
0.10900469454695423,0.3451052036873643,1
0.20571383434456578,0.187727840666887,1
0.34579304704107583,-0.01808923097795933,1
0.45357470143289375,0.11904567807640146,1
0.1340679561531904,-0.04262614783800329,1
0.3958042593020916,0.15259850568017616,1
0.37310456051493757,-0.0082686178066822,1
0.4514581265747539,-0.051895332623954155,1
0.02353878380454333,0.22596979666528424,1
0.24439394980539159,0.3706299339107931,1
0.4369185295927171,0.12483390431956962,1
0.20690528863895696,0.3649619918844294,1
0.3421956075018043,0.2509853305055168,1
0.549185562918574,0.15905555042589545,1
0.4567812399870044,0.1273089601635996,1
0.38608674412296823,0.1662657537704027,1
0.32780809876384404,0.36381197821503924,1
0.008335423537131804,0.23670227706627556,1
0.1867277651764827,-0.2594400595277461,1
0.394575018249875,-0.11353202470369585,1
0.6287825854613697,0.062302365299976945,1
0.2660684196524866,0.398501224198078,1
0.6018347965326594,0.1198654690340046,1
0.47651329890195443,-0.30454166183599946,1
0.3939222450965644,-0.18187999554968812,1
0.23831930560038014,-0.14088553188224237,1
0.3668394649301293,0.19122569341168172,1
0.14506228187345738,0.09175400046199923,1
0.0312450859479803,0.3853646403554429,1
0.3454704164136436,-0.2302718023539223,1
0.3327757936837725,0.2975867676920444,1
0.42353895932691876,-0.04268998847475228,1
0.0877807569609055,0.16842905402891944,1
0.27814819791492057,-0.02026599742559292,1
0.46182503279126214,-0.20260893873721322,1
0.4401488531209714,0.15083550265327428,1
0.13773897594533274,0.4062659910291794,1
0.3960087837113893,-0.07611148690054745,1
0.14231753596529656,0.009325255626370108,1
0.4030699373252556,0.26350670593296077,1
0.04635259755353352,0.3636967106842326,1
0.07430416661063889,0.008708919829502735,1
0.15949620678882853,-0.04055339106606078,1
0.46211763248099536,0.2884906139661479,1
0.5564317527332159,-0.02873750068904141,1
0.14816815882231194,0.06365249354328506,1
0.5777054926581779,0.27323130764804027,1
0.10302952638742693,-0.037007628889414265,1
0.5615142137529349,-0.06447151271188767,1
0.08886533096768484,0.25430145468852755,1
0.5508736697543972,-0.0764297424968456,1
0.1166216381795407,0.20170965171865587,1
0.22591955836530672,-0.037100451209467124,1
0.5767260010942767,-0.1869555073206803,1
0.26965764817617605,-0.3254471871008467,1
0.5578639814974938,0.1789386466251699,1
0.562601686490838,0.12689294181894123,1
0.26261501807465343,0.30788350045626656,1
0.10037263538045949,-0.38624465652869805,1
0.3231618813270383,0.1315928450120793,1
0.3559515944688871,-0.18646589663083935,1
0.1435808898260832,-0.3262522991131379,1
0.5777492637890467,0.042594420937643915,1
0.36631678458950784,-0.10100318032914246,1
0.599509611400702,0.05559177277133944,1
0.5983019771261558,-0.0211403084926914,1
0.5661507251053245,0.18928250616193412,1
0.15996589063229932,-0.2166313799991416,1
0.19206741086027504,0.2757990979512471,1
0.3287463926005742,-0.07252501438069418,1
0.2541766528699676,-0.30143172041073524,1
0.17579952678739325,-0.1892662371209015,1
0.5082623570734089,-0.13975974190821777,1
0.29514997298716344,-0.0799124691570966,1
0.239295856442937,-0.34089151607702395,1
0.22124157622095636,-0.24623592176942818,1
0.6639885767101361,0.17178899681449714,1
0.27937378629531023,-0.04854991591273287,1
0.3341100030080481,0.06800068317065708,1
0.5550371492381098,0.18101891849099885,1
0.5223386638133943,-0.1932955991725052,1
0.15521028493290204,0.3670900121709132,1
0.22285760573288949,0.27870202340155514,1
0.1281478635381042,0.29867270174531463,1
0.4069571196059377,0.21472124093381761,1
0.4048519859524638,0.01574314128011242,1
0.14536584223616963,-0.34275418912211797,1
0.2098250830204433,-0.38481055924636093,1
0.09331126731921943,-0.2778046972619119,1
0.11088291105570514,-0.14558138108775664,1
0.23134817715648515,0.04990876409775662,1
0.48638029117311843,-0.1533595030399501,1
0.6230145740352776,0.17905811652252457,1
0.526661854678695,-0.07308250824499019,1
0.07066941010426585,0.435134316983143,1
0.31982870665359076,-0.2854565232615249,1
0.17300019484837484,-0.3904643148480543,1
0.3622846568227822,-0.12659573428121287,1
0.010423992805828114,0.24073465280447923,1
0.5149073407251937,0.1906768835957358,1
0.13722122377798007,-0.13089816881831307,1
0.5203185747644554,0.02475975512165501,1
0.6327518071615454,0.0019395282511854212,1
0.40394378160538114,0.0904558286370385,1
0.18251562327760637,-0.21574148453520617,1
0.3580677660028284,0.2526443459878506,1
0.16589904734224917,0.05729914024086431,1
0.16620188682667397,0.19326685791218012,1
0.06697549011261644,-0.09642762293815814,1
0.0735216511150811,0.15739199832527292,1
0.3499575034382338,0.1600085911601621,1
0.27929724365168096,0.24859640959811882,1
0.11634497027090153,-0.23698082221387878,1
0.38124227066842936,0.20530451408106848,1
0.3068138993149556,-0.2442171353741804,1
0.1633647942645242,-0.2982410037666279,1
0.1171124698342655,-0.3698452540595649,1
0.21199450115076834,0.12469311551217684,1
0.4106208691985799,-0.06703473415260305,1
0.5072023544903713,-0.19860948975818582,1
0.12719666866035756,0.32802789668605087,1
0.04063092829955143,0.34032528296343934,1
0.25203553917451427,0.21746650314409965,1
0.15803283201959298,-0.4147121445346396,1
0.26088786677048686,0.3203878417574436,1
0.6136585612453357,-0.15138031447082612,1
0.29755938770347073,-0.2135437558161633,1
0.3137865240468827,-0.28543902176550795,1
0.12547458813895074,0.009914251525550586,1
0.23513357524706555,0.009091572830435253,1
0.0780614517871327,-0.12924661463926537,1
0.17948725427004686,-0.05709484730612267,1
0.1768972165088972,-0.16347526086583097,1
0.47362477733868885,0.11335222113676441,1
0.3316755219156359,-0.32112434263084316,1
0.32115263456344517,0.06956808613920286,1
0.3168667620601899,0.18415338220326116,1
0.498724650616677,-0.14204908987709802,1
0.29672451236651737,-0.05043384490245097,1
0.002768768247552243,0.3593968001068911,1
-0.0023656738423641498,0.243651142586008,1
0.06596721736417206,0.37492221282405436,1
0.06051958613296731,-0.017540680878704567,1
0.42161613058624386,-0.2509704526812492,1
0.6056249215082202,0.13944828472988752,1
0.1861778938850111,0.28734569410164174,1
0.2618819723274198,-0.22833345152892925,1
0.14745504673940246,-0.11662198355520559,1
0.16266794910566235,0.0015364147721487298,1
0.46381807014511134,0.2174237737565575,1
0.30013031154099173,-0.0871830416439264,1
0.27564270657043416,0.10827797235506582,1
0.3390907233243169,0.18697804192591094,1
0.4662142855662489,0.15295655437337077,1
0.09906740774439443,0.34592550382615106,1
0.0977288809469553,0.0333679007684533,1
0.41933394554438824,-0.14289707571133475,1
0.3494482803089495,-0.2004795852376139,1
0.235068311967161,-0.12643848626533363,1
0.16686231399794024,-0.25097177945164406,1
0.27566920077095663,-0.3728638217969705,1
0.10070899329065505,0.19694846954673076,1
0.6363224850765692,0.07652883419439473,1
0.34453342479749327,0.12760268369416028,1
0.4015345707654384,-0.08802311815808468,1
0.3618102256724916,-0.21052695740943064,1
0.09060472713557835,-0.2649040337471947,1
0.21341687620235783,0.3150896449072431,1
0.1997806111509668,0.018853475968021723,1
0.09631240342297168,0.2854126818758612,1
0.15836041909315485,0.1292375572362447,1
0.6586374875077382,0.0509113918909726,1
0.1316761136638263,-0.045838810683080496,1
0.4499479617704586,-0.1698643252833018,1
0.18067654395956478,-0.46291431374583825,1
0.07172098328829414,0.12829874515175574,1
0.29104529144684016,-0.005275342088278218,1
0.01656584621797269,0.340599145268002,1
0.028105898557400217,0.2897035979156675,1
0.09889910479371156,-0.3772849410672353,1
0.23306815423374028,-0.3320524934251482,1
0.42849970044756075,-0.32697481517374305,1
0.5235580513760971,0.1763223166959434,1
0.4338040364334903,-0.06716206243544201,1
0.2854420290778839,0.19994331720398542,1
0.3726312490895308,-0.08748753530974383,1
0.31832349203788995,0.039435873611907216,1
0.4107301939905296,-0.3212223789261603,1
0.39954408211386394,0.10078532509161338,1
0.24389048640695593,-0.057343429511223516,1
0.15644333662787682,-0.07122811492927919,1
0.5775387217649225,-0.1724252398779468,1
0.04905075667916746,0.35268296429784124,1
0.25180963185633193,0.045435042804717676,1
0.10413666213866679,0.05706660247286269,1
0.07707873971106857,0.2049956295670623,1
0.37024067396728244,-0.1789597574382122,1
0.479718253729336,-0.20518383146526695,1
0.31629360331546813,0.3192226230744752,1
0.29021480599072985,-0.08956121823145718,1
0.12833359577560555,-0.23663783842971545,1
0.3266852559480739,0.1584958252266171,1
0.2555367541249652,-0.05484189187024329,1
0.15673310897792295,-0.04675145558913923,1
0.17942466815412775,0.4080057332742292,1
0.21660538380554248,-0.19727266437985463,1
0.4015761041173722,-0.14291802906816128,1
0.38007106424908316,0.17663965549951938,1
0.06061742339401915,0.1446835735189717,1
0.1311482980118622,-0.15621168640872743,1
0.26359929890900974,-0.17674149092845304,1
0.24501475307848364,0.33124774857731315,1
0.13580166577924493,0.11492144331564723,1
0.4554990012477057,-0.04381018302697971,1
0.5094574557669876,0.2732648083036252,1
0.19108824764264196,-0.49133772260975117,1
0.08378059743057997,0.21064472992746758,1
0.22474164441890312,-0.23785661311226514,1
0.06083336088550857,0.3351700808918951,1
0.18373435934034796,-0.2600111483721955,1
0.2386693605436409,0.3783240469005871,1
0.08647846255814196,-0.08779745537941333,1
0.3839412169693032,0.10865220980334148,1
0.48391053505337184,0.0544066903948041,1
0.37566262240221054,0.2931858146323322,1
0.645507058223387,-0.07784290097845398,1
0.5632801936011246,-0.04332853815784107,1
0.33900799856174596,0.1377914132172186,1
0.5894363272927121,0.048549539712076505,1
0.33555280848049934,-0.0028442873518095342,1
0.43923669626821665,-0.08688835044233069,1
0.3852356338106042,0.001731959109468598,1
0.3265696186216506,0.3545499807818298,1
0.5329405564044091,-0.003733153794265179,1
0.5554853325673536,0.12469230548504595,1
0.48070618218497047,0.07907101977628875,1
0.4703345440682611,0.10470743594533205,1
0.16487308461863465,0.12162766507443035,1
0.5261818624784561,0.19797129032260788,1
0.26425325340157185,0.13436502994476876,1
0.15390077646402672,-0.1101023670450019,1
0.031031464949920057,0.20702274297146375,1
0.6131470761489445,-0.14728624132794577,1
0.268166092481239,0.06787314939216697,1
0.23835868518767306,-0.03956734043274728,1
0.24940122857653588,0.2825022393893031,1
0.31548649375182874,0.21257003205185393,1
0.348393730420204,-0.27764557781845195,1
0.226136958739014,-0.21026037477348886,1
0.0596504961616623,0.3322147966494679,1
0.3159702994189788,-0.2794304830470719,1
0.44831454718314,-0.20857834511744433,1
0.4259813886871687,0.26778756331959,1
0.25359364638099424,0.1886281745674363,1
0.10357781156769659,0.24358866832133794,1
0.28839930786880175,-0.22355775425078792,1
0.38678544496304834,-0.23000354208132254,1
0.5589027333714307,-0.11133921222747918,1
0.06562049785150137,0.1822128671412873,1
0.13368879925246488,-0.3125987720161298,1
0.32557385733891686,-0.22246720269765116,1
0.25632458968733146,-0.24281814941288218,1
0.2987186472001515,0.11301534670562241,1
0.14047859952282887,-0.10707853355602,1
0.3115054374680288,-0.08458534476779853,1
0.3817664605824973,0.25711388278211533,1
0.08007448176535396,-0.02012854019592839,1
0.26030815199582724,0.0006370657917129488,1
0.4371988927779157,-0.026591373767137515,1
0.15284516250463825,0.129014130569867,1
0.37636303803072924,-0.07019965137696736,1
0.0925108140522394,-0.26410231866591055,1
0.36723559716428134,-0.03698011130578666,1
0.2661754769707999,-0.25243225069921343,1
0.2608324649519699,-0.16202609704368282,1
0.05277658821084482,0.14283692653679425,1
0.43420009955006184,-0.13091686506185912,1
0.21465158635922604,-0.0825623735383271,1
0.11045305237263392,-0.34028910792829214,1
0.48206095413737965,0.1291291518126493,1
0.023364728252560342,0.24695664282905952,1
0.22948448217782474,-0.08354976612641825,1
0.2757304242988996,-0.06224032401235059,1
0.2887029845039594,-0.033043769350316256,1
0.16622552343960523,-0.13479493882551136,1
0.08628807815298398,0.01984171151293427,1
0.044803339908738186,0.38385619537910814,1
0.4222464927415936,-0.2502545866481528,1
0.46745740191012713,0.17478034130212192,1
0.560848912533206,0.18717811551388433,1
0.2514535455276635,-0.19666063531218242,1
0.399125959910359,-0.17767665787843057,1
0.35083775686625773,0.02221160933075752,1
0.14499604181408463,-0.09300071523475935,1
0.17054181170019597,0.32084877324920213,1
0.5455252631045153,0.16167118350604717,1
0.6240528255610028,0.19276712723760378,1
0.3119482498275543,0.07129622614034647,1
0.4088142136061186,0.12198364228405043,1
0.2361995023386126,0.3391650640735543,1
0.5741754184734593,-0.09470031373666356,1
0.28651418570832365,-0.03878959835554341,1
0.24752447432682803,0.10099854095331394,1
0.5024442089541425,-0.26134515455500484,1
0.4670578858680019,0.10655970120102666,1
0.25491824421459414,0.28679380004909655,1
0.4706030656535617,-0.2235717936272468,1
0.49735409712099404,0.2770567676226829,1
0.07220765175991925,0.332092428163768,1
0.38462510044253956,0.04634065441177558,1
0.03962364425481013,-0.02960791242500483,1
0.5434899838060432,0.16180164801834232,1
0.35982177010645194,-0.21933183424735203,1
0.37646919971882653,0.17140890797756883,1
0.2765439344078402,-0.3657157008373054,1
0.47809983841480974,-0.05783722572476551,1
0.09294928035024007,0.22204284292561563,1
0.15734171058715174,0.08332499284607821,1
0.05536007786982416,0.3223300662439656,1
0.19870824318014957,-0.21506374874654355,1
0.3506881048211556,-0.06212165779490509,1
0.38836952926956547,0.07188131806919895,1
0.3887854309420904,-0.09431041946805624,1
0.5302166071010772,-0.0462745665479382,1
0.08179445523064674,-0.025903711461338318,1
0.5188660738435049,0.08799975701424596,1
0.520907067185076,0.12435310049079888,1
0.020208801571855874,0.18363539108137167,1
0.1602583970789905,-0.17035516364099101,1
0.4314128011530646,0.041016454149592055,1
0.5880845822984808,0.043308046116319596,1
0.6099225321270646,-0.11704593671967001,1
0.5388069177521049,0.009216607551589063,1
0.32416500261749476,-0.35668038256275514,1
0.1501896601753722,0.197549430085921,1
0.08422807060995997,0.3614963383328279,1
0.22891544060186897,0.078578456849903,1
0.06452964665778152,0.007433464072784988,1
0.16286234971342747,-0.1960141990297034,1
0.49375187159510836,-0.052461438446162474,1
0.157137513258439,-0.3343807639129835,1
0.24831516174692975,0.3169983910546133,1
0.5305844317946588,0.006715173622355547,1
0.36055862587974546,-0.2036320041782094,1
0.3907581317197424,0.021585884832756714,1
0.20117101662580988,0.16011148302678926,1
0.22816563090915057,-0.15843205185050466,1
0.42269314678113445,-0.25157754821800116,1
0.03110209918842009,0.18515174785374544,1
0.2992108482102024,-0.006587116325538797,1
0.37282926927353616,-0.18570211080993299,1
0.47439911531619877,0.25602442258330693,1
0.014069217938810193,0.4253763488348593,1
0.5671858408273946,-0.1337476108177895,1
0.25386804561834597,-0.14697022136197346,1
0.45729271973176355,0.25846046344928236,1
0.18924295323698478,-0.03417343818067749,1
0.5952323475674202,-0.11271326747029076,1
0.12953643262263595,-0.37223645175819337,1
0.11400443159603292,-0.1837733807068413,1
0.292183592807851,0.2076448045494172,1
0.6500263188219823,-0.015542472452838482,1
0.3875603936579779,-0.12787809453120705,1
0.5264831172666496,0.16925758948289513,1
0.4047345330060943,0.245917642723778,1
0.6729053939856062,0.06983902917486615,1
0.39882097916453035,-0.1171531859424493,1
0.6060393100452844,0.01679304403754079,1
0.31395102472036884,-0.03537002428009481,1
0.37311954477927245,-0.07805670218038645,1
0.11262528646317967,-0.35650407085883457,1
0.609144920295896,-0.05685555863639796,1
0.016537495946066776,0.27216917538777896,1
0.33866093971660344,0.08783607461009224,1
0.09809106062335309,0.2395702834785721,1
0.4089900921641479,-0.143642488322041,1
0.1703494612775801,-0.47901127766675067,1
0.23304604871175463,-0.16125722263771183,1
0.5483841960166834,0.184238134098512,1
0.293517496592402,-0.09823443504577259,1
0.3046637587680747,0.40368587772895953,1
0.09258709202929905,0.17321658312508983,1
0.45508379698234885,0.15759163907340915,1
0.04664067153993697,0.043716139608407284,1
0.11474814124931712,0.13611251714235406,1
0.47363750703047497,0.06902880511318375,1
0.011301214798806367,0.43047798860604464,1
0.2965102592380266,-0.1922999752242803,1
0.10290211221987298,0.08529586004991356,1
0.11752115423931409,-0.1896787266746827,1
0.09827230957198126,0.34650634367620436,1
0.17912302989198545,-0.2546410669165023,1
0.18728136726529812,-0.05176954610459557,1
0.1509743145365589,0.20607489969128975,1
0.327273480358461,-0.13688004228830944,1
0.08721483112234622,-0.14010526354545988,1
0.14769084820663617,-0.12217627446647025,1
0.28808386644223055,-0.24566404661271582,1
0.13785589495344247,-0.35520425879071066,1
0.014511195396328296,0.2492883866732135,1
0.1408969709062587,0.16279396652891878,1
0.18859952166703026,0.3673476855410326,1
0.12500596210510428,0.3323827166874324,1
0.16234294509439187,0.29038490465505107,1
0.08472876793077191,-0.0932194947216354,1
0.670686737968717,-0.03571301987147954,1
0.03311377161737446,0.3801366571359938,1
0.3048171721176349,0.07354620708498583,1
0.2611023682454074,0.2929449547287998,1
0.11180800581376014,0.22401290416502606,1
0.04056610834262518,0.34606685743258886,1
0.0378210278038188,0.010153513343040781,1
0.26289578117994267,0.3216346725806617,1
0.39699953887549283,-0.16788174467938377,1
0.2781432481749249,-0.3225624184944909,1
0.10733713575967292,-0.23416320119673914,1
0.1709850393674002,-0.2058817836129218,1
0.17086997247204608,-0.13618082348990812,1
0.43518885712943856,-0.2917558573510474,1
0.42374978425040083,-0.26276993045397445,1
0.16743729195494572,0.20956122471284575,1
0.2559914197173685,-0.03866106343353199,1
0.3885910959635366,0.1445604688692022,1
0.376371290575545,-0.20828385928346974,1
0.01604757719474646,0.4167652894567848,1
0.13522510986745034,0.08331992793717075,1
0.198248020792273,0.09881585139097249,1
0.11293702443224062,-0.22399319063499207,1
0.07040794393141649,0.15822145161500778,1
0.43975776600444905,-0.27391188022177687,1
0.5971276440395067,0.03309027633472852,1
0.13370432149004868,-0.08178126744040787,1
0.47601677788786184,0.008209167977521055,1
0.13241544851162074,0.06651880199459237,1
0.6103969705152757,0.15218929292990424,1
0.6652948852751085,0.16722389346082178,1
0.2093757585534806,-0.0596395743827221,1
0.497939269979571,0.14332765786369703,1
0.20655909011912957,-0.2331134339718831,1
0.016038418839199205,0.2706388693039376,1
0.6226674838736956,0.20649166049417628,1
0.10778839217119725,0.3598435934170032,1
0.11999470561181015,-0.24143717184325672,1
0.24122874268685188,0.07703390480506007,1
0.08443577768282669,0.37623368754051023,1
0.18031063117660742,0.37139637595255676,1
0.19528582343790726,-0.30189564070564495,1
0.13365507113064976,-0.25782540871530407,1
0.36953414931864126,0.16949295363407205,1
0.09561372175997097,-0.07168919658627637,1
0.5386370227115022,0.17929601995898972,1
0.39642281616121205,-0.20795070262087093,1
0.13358485573773596,-0.11271761334173226,1
0.6481952913579635,0.06432291806675171,1
0.1350201623625463,-0.32019083978534535,1
0.45927009615766495,0.20970668614196017,1
0.17663822318448053,-0.46235528332512665,1
0.44653217161878467,0.15688908803924817,1
0.23271780756389415,-0.27101743386218313,1
0.2305782032111447,-0.22271324612837243,1
0.225220492105657,-0.010054898762168585,1
0.5752379447892015,0.2784119441489227,1
0.6593615332746809,-0.1348621495079034,1
0.13520007186494243,-0.10143556397442209,1
0.4233865884660393,-0.24192490970742028,1
0.1838022611771649,0.20751523541880343,1
0.5173856644696017,0.19582087436776993,1
0.2641663110405021,0.12430211676278137,1
0.14850185200824262,0.10799190977853797,1
0.0049565326652338875,0.4535237643595197,1
0.2388266741466429,0.2560550857510417,1
0.5630230243044538,0.039699609720419055,1
0.17682544828285518,-0.3842095407165911,1
0.22814122491711514,0.269056620267342,1
0.22157893261578546,0.19079187425012822,1
0.14031099595979524,-0.23458983941821832,1
0.047146849793775356,0.374051362656178,1
0.2963557494700644,0.30891949341834135,1
0.08919444506330935,-0.2711719546028455,1
0.11327582058027151,0.1871384708621836,1
0.12462788363618325,0.14540527570654554,1
0.12144016710467957,0.41616725840535246,1
0.11666453357699506,0.08597671181660883,1
0.19098001207978044,-0.4542699708439412,1
0.2652961366132485,-0.4226845694977493,1
0.39756853100886846,-0.05377562402114671,1
0.27350811547317044,-0.08415295352967644,1
0.1967772896428049,-0.06011959428332866,1
0.074930546934882,-0.10342436448363454,1
0.2742131848854811,0.013162105161636286,1
0.025235540043979654,0.22338794675745732,1
0.1748606563726819,-0.24724778528822058,1
0.26057069575443453,-0.25831734580056,1
0.32038755479450215,0.27088689903983815,1
0.04015755362292838,0.3040400374426607,1
0.4842977496696406,-0.16778148995614103,1
0.18501031453819955,0.35776488293368053,1
0.3929767164227812,-0.18281444409230996,1
0.16459983118403798,-0.4089842418112324,1
0.3566809837704556,0.3709108500477513,1
0.24939990479926522,-0.17308759725955436,1
0.06391055906220018,0.2767386177258096,1
0.4406625180686317,0.16231127733443876,1
0.562996448287039,0.001726743264730909,1
0.5816307001095152,-0.0889638031070685,1
0.37460946531139305,0.31346475477065705,1
0.039351006509627647,0.28882579962198063,1
0.1596643285354964,0.16280115596039255,1
0.34918927637757197,-0.08208126334734862,1
0.29232888125115924,0.08423212001182073,1
0.12225850816801369,0.16753504896750632,1
0.46231959991082616,0.2571038560145033,1
0.18570310000010823,-0.3889109591548138,1
0.20203787821962252,-0.10756847706163446,1
0.12342921710312292,-0.4288318066053475,1
0.3083657051399314,0.027878249826076052,1
0.14687145255270023,-0.19419769195037817,1
0.10131944155275292,-0.0634528279107138,1
0.10710333612074083,0.011434003312192664,1
0.3439222913144651,0.04632135947859357,1
0.6660523495931114,0.03410284046211449,1
0.5636791599017094,0.08201343815642148,1
0.12497943588450064,-0.06327678490093006,1
0.469060887849951,0.03362265835778017,1
0.1749544997338596,-0.38457229384308067,1
0.3521208295627387,-0.27799840922485936,1
0.4144140800751251,0.05161381610378672,1
0.1910383023983891,0.0846552111426307,1
0.6209156722485272,-0.14628722839424546,1
0.55125784076772,-0.05920919412427147,1
0.2543463359674552,0.20474620433208263,1
0.31093640583917315,-0.20767373594142902,1
0.4448504275340225,-0.08623519357986735,1
0.34126198376022787,-0.04398920061985504,1
0.27867932170016263,-0.16778252702666793,1
0.2527593540650382,0.2018031069706449,1
0.426586414849295,-0.17257178648954025,1
-0.0023363127905789887,0.2797602161595145,1
0.11982899007322903,-0.1687417558201295,1
0.36080930199562106,-0.029995738266271162,1
0.5746867882765463,-0.019252346457995517,1
0.33789328835098187,-0.12243459575034146,1
0.0004583223004509307,0.14535754088186134,1
0.24633752159546743,-0.15312288779081393,1
0.021273766589581557,0.39078496186648104,1
0.37051388564515286,-0.09715240340138089,1
0.2693069730100843,-0.18182213232378733,1
0.002921298147928196,0.44757240601762943,1
0.6067574261587909,-0.09777881175660216,1
0.2019687810019435,-0.1552060254423181,1
0.20590075114320916,0.013293450436367373,1
0.3616209278165418,-0.03191060229716126,1
0.03415003022953706,0.3430100422877309,1
0.16170503489149723,-0.4238487847859788,1
0.14000567418496845,-0.3757503460063701,1
0.5182208916023076,-0.14330012827607716,1
-0.0005786713504912809,0.40893608687176186,1
0.6279438076808043,0.07318520481524046,1
0.4951459548169453,-0.19628351401020777,1
0.4321309471392849,-0.08051355070804975,1
0.20421055622132828,-0.28622453872748205,1
0.044553858320713756,-0.04640780193544527,1
0.40858525249308325,-0.11238154951363101,1
0.3073809850038834,0.12830405832012573,1
0.46910273187595036,-0.18999359690501047,1
0.38186074796013825,0.011872097938308486,1
0.4286133783422814,-0.1748726628099572,1
0.29938899877821357,0.21478111435310332,1
0.62498988968462,0.17613398702208663,1
0.22761902436074247,0.31407135677420545,1
0.24328939613234155,-0.09008795626950779,1
0.36697640280059085,-0.1245834030048365,1
0.4324199277445347,0.16648455296311435,1
0.5591284162846126,0.10017623110749367,1
0.1317080737667654,-0.0148845221590695,1
0.38753809739424816,-0.14548515759050348,1
0.3781957966205748,0.15168651880023068,1
0.3887246388081045,0.0279128745105893,1
0.27222701229787927,0.22998414920642524,1
0.41804582745090907,-0.1903273345285355,1
0.13221768889617708,-0.2503866342037531,1
0.1143861785981514,-0.13646588676453014,1
0.5161407310659606,-0.1908010709399064,1
0.4453785793936461,-0.14703241545744683,1
0.1829345971945975,-0.21395709616262892,1
0.4669033768682969,0.07179604080771637,1
0.6123888324391398,0.21591268115000922,1
0.24894300365748298,-0.3721418714010138,1
0.09079482983879897,0.45842069413066533,1
0.5605206708322575,0.086881363683207,1
0.11876066543775607,-0.12007639295136857,1
0.5785334988798513,-0.17665479058510958,1
0.5623980531196082,-0.08923135260440189,1
0.588795407153987,0.03598311761393305,1
0.4142340161051572,-0.3063503869329927,1
0.278325860058308,0.19471786660233192,1
0.3618155855007741,0.26352703317913023,1
0.12381963441399557,-0.05236700120884986,1
0.11329949005944542,0.13373159525826564,1
0.6553258888731871,0.0493637098622607,1
0.344857607919038,0.053331850647680076,1
0.3939513610519827,0.17753851224945935,1
0.18733821675838047,-0.49635295150799746,1
0.2431422237148495,0.10027609708469706,1
0.5815716803406438,-0.07901398435173214,1
0.4222166094159202,0.2521967709872821,1
0.12909464582900917,-0.43898906909831326,1
0.13521132360310253,-0.42856016558245585,1
0.2623186802570497,0.33218450767551383,1
0.1192913470853605,-0.0637161008935648,1
0.41331232406981544,-0.030171969770006902,1
0.2482102320868558,0.24297362059980832,1
0.3674601882027752,-0.15177024724423338,1
0.5168167432723503,-0.14983948122373142,1
0.5152491869027628,-0.21687090238176074,1
0.46081358972275877,-0.038130254883894966,1
0.2726189351796269,-0.10373402049139115,1
0.4703047865399317,-0.12340665779328219,1
0.5078258285463958,-0.15102259539740304,1
0.41837196603829196,-0.023720763017837078,1
0.5114404965799506,-0.13070167216316828,1
0.2567086918596781,0.3452389762014782,1
0.3459219149272477,-0.04057082634040135,1
0.09692727827606658,0.21542715256149678,1
0.24370028687210135,0.08316577066601272,1
0.25087217319538896,-0.15245027789977067,1
0.5860121790558566,0.2983526183903679,1
0.14432077289194253,-0.15134552512470859,1
0.15524064909469046,0.18294219897378525,1
0.05916514755989734,-0.1441914617103559,1
0.3964346822512679,-0.1488133665395874,1
0.010916455228393065,0.4065549345316399,1
0.03684026224735918,0.19722752716552505,1
0.43491017058469156,-0.18030830612135607,1
0.6871329209693154,0.1240604587428762,1
0.3463961026988932,0.07008320587867872,1
0.11436564238782551,0.4120924242131021,1
0.361238144054515,-0.09945777109736846,1
0.18683184662969632,0.3037635437884346,1
0.08535804576156443,0.1741733490452961,1
0.146699758441942,0.04442274936738063,1
0.37578833800604283,-0.15501862698082086,1
0.2731455383292631,0.03704286648637615,1
0.3012420143859221,-0.4198815230707621,1
0.22199905348118024,0.01852441006873158,1
0.15523253180195482,0.18481544814679482,1
0.3055197372650081,0.22637995811946457,1
0.1795376200092139,-0.16650994940463773,1
0.17561061850730622,0.05628317646886791,1
0.438023518733342,-0.04231289687069205,1
0.3582272689063207,0.11712681785978488,1
0.24257215271148036,0.17477813415231486,1
0.09165569895303664,-0.031271169040162715,1
0.014333183830874268,0.15938835418291605,1
0.22656680733036053,-0.5183056766468477,1
0.0916327487702355,-0.12003153968454722,1
0.30785353179000685,-0.20169143885856988,1
0.5378086825613506,0.1652645066650817,1
0.17457143692626148,0.3925256774757039,1
0.2296435783731329,0.3700665828741784,1
0.3611802563644687,-0.23286897882148183,1
0.2295354189688589,-0.24786621854144833,1
0.46643352567645574,-0.08721198038657026,1
0.6559604181300779,-0.02355572610580686,1
0.09988606042522942,0.20900958987929544,1
0.4495440735868314,-0.14472319125863278,1
0.4705136078750716,0.020553758305490742,1
0.07479377641492957,-0.039477595210907664,1
0.30588869678349,0.39492483131749023,1
0.4966044253336209,0.016011922091721247,1
0.35623792402554283,-0.10119492482268194,1
0.44318154204267807,-0.1525708615582795,1
0.11562051895956092,0.26301295540841824,1
0.11414283142563408,0.3799603218995116,1
0.5488475904195935,-0.22018698777899173,1
0.23045628326556492,0.14564880260800356,1
0.07882223708111716,0.045062655233763696,1
0.412934526317843,-0.051943777529598646,1
0.26281265562072925,0.03671999522555528,1
0.1703066901051444,-0.3430985373815927,1
0.13028712702776155,-0.214046371722413,1
0.3910845357058802,0.09437101286674725,1
0.3365781053446942,0.22988618512632025,1
0.21148568718700908,-0.4025553417331211,1
0.45253023460911296,-0.09946518280419062,1
0.3283937462023679,-0.14992922939853687,1
0.3545063535998224,0.04494301689309108,1
0.37536803507834104,0.040035279173326596,1
0.4994017699146779,0.23189797306314686,1
0.43652850754125094,0.07108597535897664,1
0.30656679274851373,-0.004158400885689126,1
0.5018103065920771,0.27429225963455395,1
0.34229297324418967,-0.06515296891437354,1
0.5244635617565436,-0.03618554930960535,1
0.25867030270283786,-0.21546194029130603,1
0.1162243022448494,0.36232291850040443,1
0.17806892323032306,0.20407091506715497,1
0.4262914160358635,0.06305394728619951,1
0.3632575881423719,-0.25861633855214833,1
0.20432222611466408,0.18995331767174595,1
0.12332875581123852,-0.39142124111270543,1
0.2694175385929987,-0.3617070129215699,1
0.08766503372075596,0.30934784476887234,1
0.3476793223306097,0.1142643290952048,1
0.6247441076340304,0.18313365011028568,1
0.5299540351239194,0.04613623009809556,1
0.12299630700895453,-0.30916280119347267,1
0.08914908136918882,0.10224898938835598,1
0.3558336274173355,-0.07344295569113277,1
0.5774431623603369,0.2720741624943362,1
0.2841102400420829,-0.016726500209667487,1
0.123657610856375,0.114541801548658,1
0.1587448089340767,-0.2965135632524429,1
0.13162347008781744,-0.15909348140161084,1
0.5626793124252659,0.2076729958215827,1
0.3623531000605644,-0.048547816822037335,1
0.6015074063763203,0.12122122578805686,1
0.03649592053583705,0.06032575676829586,1
0.10441247823667237,0.04137521748108348,1
0.510165060723145,-0.19468004513359766,1
0.42424406720363683,0.15401807324869124,1
0.07298687157895237,0.4498021609834006,1
0.21589923633796146,0.216190957630654,1
0.3324792784488423,-0.20382832509168675,1
0.4136826747300834,0.153735503299013,1
0.06042522731085691,0.34361712396342814,1
0.3455477554808695,0.0935571661756085,1
0.2650754631005932,-0.24224303323843335,1
0.5004561792545196,-0.2488593947417018,1
0.26532269748344706,-0.34446798994977024,1
0.20543711732152262,-0.09841809906995064,1
0.21999354561639362,-0.19219250566024046,1
0.05822569071273419,-0.16373125762685922,1
0.18056167715878552,0.40311170665246315,1
0.27102510469837987,0.07895398574784179,1
0.2818025715478023,0.013252457125293667,1
0.3216519081355224,0.05168315547535904,1
0.29072016723542393,-0.20605425049847267,1
0.22678934486642563,-0.4132402156914771,1
0.13832693594127718,0.005344890430477263,1
0.012951016029961489,0.30627801462996,1
0.2967723329349852,0.11195378906910396,1
0.12253099978554129,0.22636671664612262,1
0.30243431362385564,0.04411096001454983,1
0.11834663584783678,0.19131592557087157,1
0.1732933573738395,0.31649710426173044,1
0.3744804642943982,0.24293095749777302,1
0.5947181309575882,0.03841762349794719,1
0.2573062155557611,0.264914282097209,1
0.21037346184762507,0.38580861391954663,1
0.40422787775285024,0.1689552873881992,1
0.3100539677262873,-0.06288246461663269,1
0.5430848438509358,-0.05446416634080163,1
0.49591907303023697,0.08796406565245457,1
0.4498463615517086,-0.07481993802743031,1
0.4029795427290519,0.22399103030231374,1
0.4732063578981025,-0.11909333836358858,1
0.08570459125771138,0.40556006409550116,1
0.04502469527003551,0.26653716829523455,1
0.3226640859598955,-0.3021125050177984,1
0.4126238671293807,0.04754793364098496,1
0.35109929128377665,-0.006418807370433019,1
0.4398656637431263,0.0962367493130267,1
0.18951968187582174,-0.06993400000805866,1
0.5593713891534215,-0.1399836440372695,1
0.21159341235325724,-0.16223364826994252,1
0.47097761545129574,0.1883589098733472,1
0.22659457115045753,-0.05052715670984478,1
0.207689459805078,-0.16899635544400363,1
0.681836466039688,0.08190481845144836,1
0.14646727136902374,0.10147684340555901,1
0.4259316568110348,-0.04856685635268078,1
0.26418965043316517,-0.016796160273554985,1
0.5381804392420412,0.1887971951056614,1
0.3409649604551607,-0.3633683846690189,1
0.6434817581942058,-0.005415938361606765,1
0.5629588199413994,-0.006909876713617019,1
0.6231415642872831,0.2047418154356988,1
0.3058532961376128,-0.09156154218364308,1
0.3713485981931346,-0.2994928443659702,1
0.09924371942216367,-0.1253301669076999,1
0.49949475238390123,0.019289039015710316,1
0.5993925213697606,-0.056556212926028894,1
0.06723709795158542,0.1947179781990697,1
0.2802408105198619,0.34836190902473396,1
0.07985412692674439,-0.06581096155267986,1
0.49830029054883906,0.23097899063422653,1
0.39803424668082915,0.3077653600386402,1
0.3699884266182892,-0.15890273142224368,1
0.09251695942054283,0.059153581173561995,1
0.30365974438239424,-0.22707909053144465,1
0.1623141756962935,-0.24986205235698866,1
0.1641933790515655,0.28386092522706313,1
0.08503415798382667,-0.1487675946125801,1
0.44399442496148334,0.12284199063444655,1
0.6282427731281673,-0.1056603764641702,1
0.1603975931110069,0.36434858840745543,1
0.29336667843331515,0.04768183636356645,1
0.06273857859653051,-0.04942890872105397,1
0.4746746530455023,0.06389569055642297,1
0.14429347167317966,-0.004735547603458575,1
0.1562805510665547,0.4216218130442293,1
0.11781050383375263,0.4431432504424241,1
0.12243902956368556,-0.040102666492375406,1
0.5644842480836926,0.08159048556960287,1
0.27884239972548325,-0.023640288581933226,1
0.24521497880390908,0.11635824530086354,1
-0.0006828947829184528,0.441518491540184,1
0.49400170748297745,-0.10473717969940624,1
0.42048857756341146,0.26841721545076996,1
0.3079613345613698,-0.16530035962024528,1
0.023410401580496856,0.41491214938593524,1
0.19186140502274937,-0.3183509557982953,1
0.058472969633458306,0.18371846984553844,1
0.22115948585553907,-0.26735854120798075,1
0.25184814723444393,0.45078783268843425,1
0.418083965172145,0.06038444644899228,1
0.1722822402036839,0.07779598778387396,1
0.1538495378949795,0.24238676882822263,1
0.05598902160123578,0.03866638235186979,1
0.56828946494616,0.21361876792241016,1
0.6180987057294008,0.060408968144959566,1
0.5663688977583801,0.1055618808742618,1
0.42311929883792815,0.21850502275199926,1
0.11384089010623118,-0.16696804985163177,1
0.4479741791722658,0.01645058106257693,1
0.1917771243363447,-0.21656481939205569,1
0.25495526675070246,-0.1882484835523045,1
0.08675446463191798,0.1766330351154499,1
0.043525358788156054,0.1561102329550541,1
0.2559189124084839,-0.3455972921250414,1
0.3494576410933628,0.15199906682411307,1
0.05649288401406137,0.303929911558728,1
0.36914786356530616,-0.008745449762905321,1
0.13218095628890772,-0.38068622973110045,1
0.0517134164807,0.19332348490757975,1
0.23010515302689347,-0.055597200056623046,1
0.3769273279596571,0.12285175894633552,1
0.10487165300213042,0.09826985042921467,1
0.15650542943442655,0.05243222909739667,1
0.1314273407542835,0.26296181938909996,1
0.4109330573816371,0.0944483063743891,1
0.23457062802235698,0.16827799765034546,1
0.5717856547738671,-0.1958117541722631,1
0.0604898402644489,0.19892610018860715,1
0.22128657430827467,-0.22683089160477887,1
0.12518447906210325,0.4111723953140618,1
0.11471340097213464,0.08722079298291467,1
0.6396710392282632,0.16917355975925902,1
0.6072871679368512,0.06039740750294413,1
0.13863483758098016,-0.15455433330468227,1
0.15894747955388633,-0.36602687343243384,1
0.4496798175173209,-0.12527868697676658,1
0.5586333468304107,0.03229405235584265,1
0.39721696490275166,0.018286575251723232,1
0.2128504452828894,-0.45315201648298675,1
0.1172484295234417,-0.446908258497429,1
0.2006180111083357,-0.1495142498676863,1
0.1535342359936082,0.24666159660064804,1
0.41985203986174346,0.18378062851764584,1
0.1308880535763734,0.17391764902703855,1
0.2840869741238886,0.19719540610911246,1
0.2927591733662889,-0.38888123247554585,1
0.268939635064333,0.2512397988650583,1
0.2115074365511662,-0.22474305588257087,1
0.16821409587971295,-0.1857762913780047,1
0.09245128081816145,0.013911923609577666,1
0.5606586174010751,0.14473751133528606,1
0.13935275986923149,0.1745546449501451,1
0.3809257730394279,-0.08820163044561827,1
0.12949229170865217,-0.0815237495781188,1
0.45424073359641587,-0.0001169031112979275,1
0.6471587260923588,-0.006479006899798821,1
0.2280893531707222,-0.2021980217757287,1
0.1702359968991857,-0.14520265163684898,1
0.5301334191863262,-0.1379304598383954,1
0.3978041018707663,0.16495343561809153,1
0.27144276705084014,0.3418598331753481,1
0.6668707801845889,0.05076231568815968,1
0.5071764731868433,0.1260657947447782,1
0.4548006649107285,0.1290373250102918,1
0.5032752034622013,0.013509400911247882,1
0.31582401502254975,-0.3043463301129856,1
0.15660900685947923,-0.18030665715208466,1
0.24067230777299886,-0.07896112354975529,1
0.4405829712520072,-0.1136578597684904,1
0.13625274860112596,0.07843186304948763,1
0.3069173970602764,-0.007354802371902152,1
0.03618801478378667,0.06603579205452877,1
0.14623690654160698,-0.18497460501080218,1
0.11547618020090512,-0.43629726623414844,1
0.22558032455294394,0.07447528108880724,1
0.12963103240039198,-0.11634777411367216,1
0.05538065649513614,0.3604732315307331,1
0.5545469121992704,0.08717613231483902,1
0.3036652245714011,-0.24525739537415286,1
0.14028280797653292,-0.09213032376766322,1
0.36351721391205355,0.016161792741228583,1
0.3333308055452954,0.21306093004408108,1
0.14661707004515928,-0.18999307263915804,1
0.14843402485787058,-0.37982120871339725,1
0.1355137474894503,0.0907152887545938,1
0.3784485252027194,-0.18429431652943884,1
0.5713117646933706,-0.01889304285978309,1
0.4462447718500733,0.0858791179128245,1
0.4048049089860738,0.1275946834496408,1
0.555563907116077,0.029412720469216596,1
0.028196274150163906,0.08418672591991959,1
0.24609883591836482,-0.04325984349969256,1
-0.010307361043096513,0.2641223527215752,1
0.18825988572742025,0.04450721102241483,1
0.47330189953408663,-0.13433707309272952,1
0.26787973316539027,-0.2268063343484889,1
0.37858276436904087,0.16765995292079125,1
0.15318160471739953,-0.03756123693745167,1
0.1635764076661775,0.1502416727993628,1
0.41444564580717663,-0.16418942434756456,1
0.44743476147989664,0.1179873367230065,1
0.5432690110564363,-0.08153664458629512,1
0.346035577656598,0.06392385603884804,1
0.3864808403639608,0.169033102965214,1
0.08909593376775544,-0.020375240940935017,1
0.27220094613024914,-0.053022455868201875,1
0.5598976981959759,-0.08786642501046668,1
0.17991903615165217,-0.17687334921159498,1
0.35540301884331943,-0.08459075250186288,1
0.2683124144080529,-0.22942276700425845,1
0.046777043019349256,0.06913907655176504,1
0.3333376806902093,0.020442923356858954,1
0.4325448052816345,0.04281022770127133,1
0.4902826679682089,-0.017353728293675142,1
0.04626749676629497,0.2645177693424962,1
0.10305275439507042,-0.23285942889832492,1
0.09462034180351792,0.014136626836105302,1
0.45141932441797383,-0.0030271073004797997,1
0.11731455769345941,-0.255462104851016,1
0.5318911046012177,0.05158159201215863,1
0.3360118948061104,0.05366576980884211,1
0.6880316095721051,-0.01795381103009492,1
0.18847969839010098,-0.3287244702679261,1
0.1396922586189574,0.1812336436804083,1
0.13625894736419855,0.2541573396168817,1
0.21894591181736242,0.299384810285173,1
0.11103355094478116,-0.12574772032218132,1
0.07164050843092166,0.42346528708796377,1
0.4087797928487717,-0.09996873560264584,1
0.20544753845601185,-0.2700941692592769,1
0.30615175867858907,-0.08705072320286047,1
0.21630546539243584,0.2458899891109805,1
0.343964892793001,-0.08042424147529692,1
0.36216599008032946,0.06369114734349068,1
0.2648003549745406,0.39542762586831515,1
0.10427043508370214,0.2232224259040048,1
0.5683053699789992,-0.13280374776213744,1
0.5681765560513692,-0.012091075121755264,1
0.5513659190426606,0.032739502922826624,1
0.1363605910776003,-0.16199983827231157,1
0.5920254592384883,0.02389414898893488,1
0.16200599781573632,-0.385848228611125,1
0.16357834106305882,0.36000326214912787,1
0.30522123336031554,0.1624298599316116,1
0.3337213666114757,0.22984487683590613,1
0.14909200903886424,0.08369419419909706,1
0.1303944809060057,-0.28864645346448065,1
0.6499766468051159,0.08223490500348099,1
0.39003065105243756,0.14100420237888173,1
0.01985007967299016,0.32124945737738025,1
0.4333403104620487,0.09058123217830334,1
0.23968293666786014,0.19788587470498706,1
0.5371510557305064,0.23090693552606634,1
0.25236473961247835,0.2785858774411209,1
0.26669176649698095,-0.054594572706859204,1
0.604153809591167,-0.10875188926038294,1
0.33293788562841453,-0.13240851142364865,1
0.018882839183512752,0.35592945118889824,1
0.17990156458642131,-0.3070327261425187,1
0.6752263773955857,0.02046824399438456,1
0.09783390834260948,-0.007607296092786016,1
0.18867891813040458,-0.2536075504213509,1
0.13163036095466174,0.15802598593199382,1
0.6186986743219622,0.026266185697788602,1
0.2865008668419311,0.3395373735805409,1
0.4716414842659134,0.03549399713586748,1
0.18029662674319016,0.17760517352326097,1
0.10316452392863046,0.23224272043404007,1
0.45502630992402565,-0.04537665034502784,1
0.07556140904965462,0.2782014251228671,1
0.24695854817215376,-0.40071865217419433,1
0.37699011952602074,0.19757212634478194,1
0.2675166447943666,0.3259375032949477,1
0.43518420894878096,0.06568004042253876,1
0.13216838050660443,0.09812753211644648,1
0.4320987940501788,-0.06685717289309615,1
0.6466433389959476,-0.07717258421217091,1
0.5928660565820489,-0.024014874490689373,1
0.4100893820277686,-0.01981299198728924,1
0.27769782440049734,-0.15778530979256164,1
0.4014658727323444,-0.07055234059988882,1
0.36181367324370656,0.2676112817053698,1
0.21712512497108583,0.04808018191827506,1
0.39466746301295824,-0.09602978589292074,1
0.3625074770962054,0.16718319536417756,1
0.13108611565507663,-0.23678274674461544,1
0.5780704806083963,0.03679410800394898,1
0.3468649400994376,0.13743870697355845,1
0.04237552525945674,0.09491809507173553,1
0.5897131096845167,-0.04463039062502407,1
0.09498707844838228,-0.11393014809760967,1
0.5634585172159955,0.18805239082312733,1
0.3790841655433299,0.2480163272154937,1
0.2886219290842393,0.3137359545983091,1
0.556449494813709,0.03186220943366272,1
0.1202088223807618,-0.3138598752431914,1
0.3220626054737453,-0.361406212466285,1
0.34781991654872235,-0.004666167416612193,1
0.06157799099904884,0.010904257365665025,1
0.612872510409992,0.03384579390576487,1
0.09595139454533005,0.19477609026842796,1
0.5551398643825526,0.08022132948835957,1
0.27071299710328794,-0.3279870854935969,1
0.07805050129033617,-0.04484288230136072,1
0.17665712594289157,0.1826776491117039,1
0.18784689752478567,0.31271100627687953,1
0.05662507313650147,-0.14384666112694217,1
0.22364035670849866,-0.28348729103343756,1
0.10347012137541906,0.2906014624965541,1
0.056182724889603214,0.10399438201996537,1
0.4639883837294901,-0.22564067124554568,1
0.07641339169757423,0.17587620476987204,1
0.22820885356269147,0.2360549436316695,1
0.494836884496737,0.097678646534084,1
0.49045630941798696,0.08999104352735948,1
0.3376847739594437,0.03668341982298228,1
0.18561502924101378,-0.37742766773802366,1
0.1748524652914465,-0.38235574355332835,1
0.11852073963684952,-0.02592819264680824,1
0.29430039393413787,0.327549827142192,1
0.386229435829978,0.17801782153504556,1
0.25496382147430663,0.23128735485455584,1
0.0005881086546378153,0.5045144194213564,1
0.280177417609549,0.09852347324170631,1
0.1179557902852485,0.43994405891052574,1
0.35423943426252863,-0.022496554147759237,1
0.5820651422289783,0.1696059174331154,1
0.35816445629254473,-0.11672341372473893,1
0.4094312582330801,0.008318268432873251,1
0.3199585173991443,-0.33804998356961735,1
0.3741403818304093,0.03597005668026788,1
0.30984409028597476,0.2595240523105162,1
0.2889787106548338,-0.3035107626173033,1
0.3067622870950158,0.14828046145326043,1
0.44452549281739967,-0.15292253119474733,1
0.38698640958790337,-0.17256029562465264,1
0.1833696240653679,-0.3027301151504985,1
0.1761437706813922,-0.06274388972757187,1
0.28734123525902505,0.012706482045057687,1
0.08553449627632566,0.09901320723384575,1
0.4401300338836825,0.06345894369915892,1
0.4354516551462416,-0.16299937524589422,1
0.20726951383399148,-0.015772427416077935,1
0.15183709691224295,0.3575080495304181,1
0.1032170221865955,0.10662245006693806,1
0.32141651530465265,-0.2916956494039823,1
0.3671151898625904,0.20764413915754223,1
0.595193949664751,0.049251004983896944,1
0.3159811736583498,-0.20326498294671339,1
0.4666940994213631,0.16550760407435913,1
0.11478848128596338,-0.08623778592762475,1
0.3337189819057875,-0.1719715998971406,1
0.5889152373188338,0.14134537196926886,1
0.4284349591681192,-0.2794514793655701,1
0.37767954268702003,0.05610047574939975,1
0.30307666305208686,0.1549359661491813,1
0.14168720748561744,0.21176498873010743,1
0.2964483352624218,0.17922380370926488,1
0.25891397303142705,-0.00812554682927875,1
0.12342204702248714,0.19554681444985075,1
0.04819924705842047,0.11584105711152412,1
0.39461524880795523,-0.10654467809242066,1
0.17058853553317518,-0.25334514423953686,1
0.3685229413852588,-0.08097442907865499,1
0.04506135310463983,0.01061961829892102,1
0.26814382234061285,-0.09592125638708443,1
0.43453015023917063,0.0719201060957314,1
0.5009904197698286,0.17610889054303053,1
0.29133944509543286,-0.14626080504833322,1
0.02707087504384335,0.27589958025322847,1
0.29421376719927356,-0.2852063068439611,1
0.32855654425572,0.06968302063206203,1
0.38920136840845987,-0.1942214236628242,1
0.10311224281578281,0.30285321806789534,1
0.28970595783321207,0.02831448050234066,1
0.37642852289275724,0.07420786881819427,1
0.2701379010743188,0.11644468264957954,1
0.3214275249938069,0.023608378571155084,1
0.21623592706730405,-0.07516139616664627,1
0.4292226343256477,-0.3340619823567589,1
0.30228808557100545,-0.19293478566498512,1
0.21438166412186277,0.19760598075648061,1
0.1102235378387587,-0.40097520040943846,1
0.28745126912156443,0.03336766671056383,1
0.41261058017403673,0.05158485731802976,1
0.029052278118813644,0.4295805309601634,1
0.20686856241430546,-0.08453612130370462,1
0.27240955857195875,-0.2631451426266711,1
0.3820966855528356,0.1515683174060376,1
0.46405978206666276,-0.24675197469894725,1
0.15636823251968224,0.31703014712477356,1
0.1487280670681183,-0.3780996010291617,1
0.016281731164761178,0.17712027468965838,1
0.3184951725170846,0.035175112283829406,1
0.08361817748377984,0.4089454055888056,1
0.14811930791034666,-0.28223061945987254,1
0.4779468209391307,0.02727903038082212,1
0.17234092413970462,-0.3860411266112162,1
0.30926017612955103,0.10818248013251174,1
0.10795291795632878,0.351586975073582,1
0.24537595253180688,-0.08693683778449034,1
0.4428493320843622,0.25209456137315994,1
0.5302748454055756,-0.041475264540270854,1
0.05282824181125747,0.38084223819082474,1
0.2531045728631913,0.2510695974845687,1
0.2930501258697059,-0.06537732119565111,1
0.5906301329877751,-0.08269576368285937,1
0.019971695388783774,0.26230725986708003,1
0.14062939841891833,0.22878411022279788,1
0.2773460583733686,-0.23944947712672718,1
0.003882568412937307,0.43636692743915123,1
0.5173229478315059,0.20196568498314024,1
0.2842358069891668,-0.38128321371763235,1
0.6251373263411427,0.0036268126603760577,1
0.03048348784417639,0.39228643559459997,1
0.19986523632449676,-0.26907453684278476,1
0.5434896964253034,0.13187976663334977,1
0.11986003955313142,-0.11200175958609909,1
0.21557371034916975,-0.06025086618453758,1
0.45375977751485774,0.11104251488769071,1
0.40573113819158585,0.10654476608637484,1
0.4936138592086402,-0.008251536439612975,1
0.587298059872883,0.0940964261525358,1
0.3413576802358536,0.24236267120968538,1
0.5279216330584514,-0.12123016400667296,1
0.10099938975032399,-0.08357902418988344,1
0.49419052938887925,-0.03183542504007511,1
0.48328904860820115,-0.12839939848201778,1
0.18129456751428644,0.016513889956602988,1
0.47290127783387054,-0.3177934486480462,1
0.18657994688236273,-0.2604337771869929,1
0.1013162822409283,-0.4115436451553739,1
0.2608791099930179,0.2960076102009692,1
0.3000500251970459,0.300117090557916,1
0.12102010688185985,0.04532004579031692,1
0.1671007585713912,-0.09887794534982312,1
0.47012402437249634,0.18649564626344764,1
0.25171270807154533,0.2917197735775373,1
0.10520769042395475,0.38034908303629383,1
0.04861983367790452,-0.007253174704821241,1
0.20267491168800425,-0.41182084709706057,1
0.488503825668747,0.056067958644171086,1
0.594388549067745,-0.12757151631513006,1
0.007694859717327469,0.35655244096419375,1
0.16724444729304092,0.2051837500930414,1
0.08658275989264438,-0.09080156252794255,1
0.6837419988909436,0.08823719944996332,1
0.2754863677338597,0.3897314931417883,1
0.23073701142301825,0.20459979051902039,1
0.5749167282881668,-0.17566400785062342,1
0.4246365837272742,-0.09578051022380075,1
0.3653284893701147,-0.1877479766659673,1
0.3374380570680472,0.12154592606576671,1
0.19098643934446224,-0.31523942371853886,1
0.22955062297199333,-0.3061504672517386,1
0.5505097186641188,0.10963233417528284,1
0.36267740705204404,0.219282859529935,1
0.20706533687110848,0.11639202398058052,1
0.5507763806112195,0.03530337697977709,1
0.2351040551576985,-0.32160860898205135,1
0.16967508950496202,0.17970410819414454,1
0.23728769467657795,-0.26356772930175887,1
0.011681777538185908,0.25078512188332264,1
0.39236821970229335,0.16534888732778905,1
0.1316909230760691,0.09347565028954909,1
0.6415704981396636,0.0441735760883233,1
0.032179007640753605,0.18915251900569705,1
0.0870561098906137,-0.26159763844016004,1
0.1555560281889489,-0.0722842072210368,1
0.6399227978466848,-0.07603724867137832,1
0.1317901160142804,-0.12265631885089832,1
0.18730516379643508,-0.06267019596297575,1
0.20843037192666836,-0.06632519574799277,1
0.41091267894623085,-0.08200021593143997,1
0.057044640188969,-0.11595499491830927,1
0.1367915871492544,-0.30320143433867053,1
0.40052371128240255,0.22264679732107556,1
0.6168497895592062,0.02029364196931977,1
0.011291262523624519,0.23378655467786721,1
0.4940126406149178,0.23558323215118715,1
0.16178656554198959,-0.3500347273939097,1
0.0360242903171819,0.05221442912617381,1
0.2184740566618276,-0.10309481795608474,1
0.11027433291819995,-0.11889467925742768,1
0.050870917627342645,0.38374083362225475,1
0.4279518149469717,0.03204477051629187,1
0.17333450768084993,0.23155685202293644,1
0.49366625620471205,0.14690682546145928,1
0.2954755712496986,0.22907096714033628,1
0.44713531026923475,-0.07152036940367237,1
0.5004439059683083,0.27905018636673423,1
0.4328188521923124,0.05816240937894499,1
0.32722749679180874,0.15462363364634676,1
0.11380401433946058,-0.3773192036195908,1
0.47068538953684963,-0.17040490428233673,1
0.06315917666741261,0.12132262491153561,1
0.43831398230896396,0.1635113577944222,1
0.5017604722512731,-0.11095845240240926,1
0.1392181830413237,-0.051328892512540275,1
0.10884627034355014,-0.0017040087055033837,1
0.22664967821036583,0.33796264958524413,1
0.43909647107094746,0.3271888845978481,1
0.5606195294270866,-0.0596169882569515,1
0.11511852124160273,0.04901041688184777,1
0.40836757864502227,-0.20589640073699683,1
0.14781683296895523,0.38861039326572894,1
0.40045412988132184,0.2292585893792719,1
0.3915491708828459,-0.16754597966008747,1
0.21494564694432503,-0.4073805992452282,1
0.15790293591641294,-0.1288762870632074,1
0.1104555035703273,0.4116796315996772,1
0.0942545849734805,0.3557773942314098,1
0.39314759777395525,-0.2557069744167632,1
0.5572336363444405,0.035043787171357504,1
0.041207265326127944,0.03146409895110465,1
0.3511721116087078,-0.365387965140491,1
0.2782156744244757,0.19048414590985036,1
0.6177729781514089,0.16415176407251883,1
0.08876486439654567,-0.09354416408714746,1
0.11386258526671926,-0.2852713558641875,1
0.21935342168201827,0.10469347580014145,1
0.285165372844386,0.25711497121023774,1
0.14564875249374976,0.35623185592765644,1
0.01513271106002989,0.4371272134932145,1
0.5184578704995833,0.10304867498534218,1
0.4572998990737943,0.005743283704479932,1
0.5446593487753093,0.0363737787339771,1
0.5144225777102719,0.19423166638969322,1
0.4899580797748373,-0.08829897643746885,1
0.19040333822904024,-0.25751884219140586,1
0.4535834894296126,0.20395186311284677,1
0.6347107166377207,-0.07523543362163525,1
0.13691197112050366,-0.006975575757966884,1
0.23276475240385852,-0.08613745296698175,1
0.10611712146649016,0.41326522400693627,1
0.49544341866719466,-0.08545181169254838,1
0.43814914187223886,-0.13015517305045693,1
0.3716996207937425,-0.08221724397724266,1
0.16293098726972213,-0.21001235167515916,1
0.3977049041923463,-0.14366742598761076,1
0.12215042699217124,-0.4308056365094236,1
0.48383495669878623,-0.07721787555957701,1
0.3710624720443517,0.05885663818401087,1
0.3605883815431132,-0.20958844707685353,1
0.6298620480095937,-0.09577804643068512,1
0.7195685503270787,-0.00015116276480368565,1
0.5674036720645621,-0.02769144258764551,1
0.3778854531018646,0.1268817364128825,1
0.225019972615675,-0.042909029743283505,1
0.22668268357253213,0.050875107099873876,1
0.26204282181351407,0.27196945183723586,1
0.5318647773223684,0.062057465227137766,1
0.17111068126487328,-0.34365923336325593,1
0.05581835360708181,0.13352048074830428,1
0.07745617553265356,-0.08044153155383452,1
0.45359252172370806,0.07926180589939182,1
0.17656740100223903,0.15941141240977783,1
0.1042136706270341,0.09851577975301565,1
0.3397701494670441,-0.3632828471801627,1
0.40956068178319804,0.28540184403113555,1
0.14543323289694124,-0.0835478478995523,1
0.14925388313702959,-0.2114231084324847,1
0.22756639224362699,0.24007511662443515,1
0.656413761510253,-0.1452314645749998,1
0.6180591635028508,-0.057794674499245476,1
0.3308772768633655,0.13316541807552146,1
0.3913268984592922,0.24395582345066827,1
0.4322008661365615,-0.338119611688481,1
0.5377370674649502,0.2282433514906392,1
0.3140363772865854,-0.3422365043674211,1
0.3995696813239679,-0.06351396317236525,1
0.28961279384877475,-0.23375228345867444,1
0.36356285919948145,0.1584678963663774,1
0.18040999737637398,0.3890632153976514,1
0.5071753159579062,-0.07335537587718627,1
0.5714372140169477,0.11405403385128657,1
0.5032519331809143,-0.0029665589915749764,1
0.42144570275227267,0.05326120698130736,1
0.4024255212848684,0.1373678069713937,1
0.18836401170977685,-0.11388960299352184,1
0.14204550681247818,0.031403691118256166,1
0.22405800355438196,-0.0626002665456355,1
0.3052832272196623,-0.0788595962698623,1
0.2774427941108365,-0.08208283515898684,1
0.2423810162040218,0.1325550269098197,1
0.48393690090165953,-0.1487780625143747,1
0.21150919837494025,0.20233379570278945,1
0.1695825232968073,-0.34425828482361365,1
0.35810136889759675,-0.19184179446799735,1
0.11347416076203527,-0.0059111461147041446,1
0.1694824074368798,0.23726058723227136,1
0.4355625545891499,-0.28632680027274726,1
0.6201093571810454,-0.0017441965007097488,1
0.40798747295559457,-0.19036577337784197,1
0.0967059372425584,0.38746844967358474,1
0.3985702550281447,0.1275622638028498,1
0.38129095540692887,0.15623712803007983,1
0.18435008672216893,-0.18575698873336596,1
0.4564466515732105,0.05059696485525305,1
0.17008165366785793,0.28907118485109107,1
0.5116467747621124,-0.04221760497371526,1
0.19807140212897698,0.2542268479146631,1
0.43800938004924767,0.06377183599399275,1
0.17650147783676198,-0.447404881865665,1
0.15799768414088242,0.0676466610386476,1
0.3413892478048187,0.06894522680967169,1
0.2864803173053819,0.3710279156112828,1
0.3842075619101915,0.04469481762306654,1
0.3434623470589715,-0.36264123100185985,1
0.14763550430583783,-0.3469236298599258,1
0.24688492314462068,-0.37200140789371483,1
0.06484391081800527,0.10942530131021373,1
0.23299003251807174,0.3372501764760393,1
0.05201752661245708,0.18860074503426943,1
0.46106348476496106,0.21648548995632907,1
0.023931736767218072,0.3193574460180113,1
0.0991760420635848,-0.10929929003854078,1
0.2766875535163446,0.01824949819506963,1
0.2666526765519066,-0.11712252569394722,1
0.523888396085932,0.21646450670921133,1
0.25868516724016116,-0.10068020210381567,1
0.1250078562950303,0.34564563845473845,1
0.2318290178223627,-0.11333015129387114,1
0.5167065207470115,-0.1848039333723731,1
0.16351422866644205,0.18593003933986318,1
0.534776309496232,0.1344433486932681,1
0.30861700969445055,0.0716360549143324,1
0.11057035079959558,-0.019429500416127954,1
0.1515097651386594,0.005213337501888633,1
0.4582724942608983,0.29281672684477233,1
0.13531685060957424,0.09517715383482148,1
0.3848196743413494,0.032064898492277685,1
0.2595997097363512,-0.04844778938982711,1
0.2200180705636752,-0.05508432670157677,1
0.37224282877077386,-0.07819020093892241,1
0.3817954447509042,0.05504836689122158,1
0.44517219526471136,0.024702681180574712,1
0.31687227372058707,0.13550235888963974,1
0.6634985102998578,0.17495250349319635,1
0.04977414494463791,0.1466503649261364,1
0.24433885778092426,0.07030416762642684,1
0.058184680971424284,0.28885287922644315,1
0.054617729576849225,0.2008630035912135,1
0.37135863181398443,0.2884610771750648,1
0.53046766805125,0.08307901674898248,1
0.46204649022856575,0.03162170204948516,1
0.4448709814845377,0.2501505766701164,1
0.2583622223327934,0.2652382577931891,1
0.20478690970222826,0.019321889252389132,1
0.3623155088518177,0.2023684507146783,1
0.17571235693603537,-0.24425544558499018,1
0.2539687224767793,0.2511247349396165,1
0.4088512255074828,0.041907441223100035,1
0.41558798323876606,-0.1879963513106072,1
0.2643643115507395,0.30397789774782824,1
0.35131496147398916,0.059586111648731586,1
0.5428074290324856,0.040140892199280256,1
0.29864827099685515,0.0006025969182692997,1
0.08528650817534031,-0.26353453145558986,1
0.11842465332015206,-0.023318225035762967,1
0.43639559587843757,0.10159412942897174,1
0.2590322431236075,0.09083065728278993,1
0.2776305402909973,-0.045028096062078235,1
0.17557058185960567,0.15198879051233677,1
0.3893486186263587,-0.09014508416298966,1
0.2318266496343065,0.0965685033627374,1
0.18027642261912402,0.34386810667380996,1
0.06545740251049728,0.01194785512144072,1
0.3441674827838806,0.18134813969979752,1
0.07553312838859055,0.114649121136977,1
0.21988958565075944,0.13371499063776918,1
0.32087117744950616,0.26970743065897923,1
0.25369512748329054,0.15297400406796885,1
0.252492161558988,-0.29476054175639904,1
0.03556920700428228,0.1404757220759143,1
0.25558848485139873,-0.12437191772321093,1
0.5271102470915222,0.08814056687606257,1
0.07730479280408886,0.3358850872860794,1
0.5214347944769732,-0.20635251570713067,1
0.09849705384765751,-0.289344822678136,1
0.38392106049910546,0.19663641095353473,1
0.19421204895140676,0.25089222211948115,1
0.2801074737237229,-0.32353450271592127,1
0.3007501853053806,0.31805573645735685,1
0.26338572983918324,-0.2670585982710286,1
0.20374664959490849,0.241218682811111,1
0.28102744280148684,-0.23336655491869948,1
0.2190794087823948,-0.32377738264612066,1
0.046464958426495735,0.19411709109184763,1
0.5709397334922631,0.20725754466744728,1
0.29872555610663404,0.2917528018805814,1
0.22962620142266793,-0.16896188677613916,1
0.11049794298854262,0.1213284503294858,1
0.08216425549975312,-0.06251194260349226,1
0.3370738874913972,-0.04883576048306132,1
0.16193746536216652,0.01530883410907659,1
0.5163666029198629,0.19492794305370245,1
0.16585806889560137,0.11132414946210702,1
0.12028190917577979,0.03187816562353287,1
0.12636616925181993,0.31118542789365977,1
0.323818577833119,0.08022271918047624,1
0.36264875533846536,-0.10884336702245276,1
0.332210225426091,0.08085604876359029,1
0.5850790178063136,0.09099859077973597,1
0.14460451145375675,-0.21324917796174783,1
0.09858247878764682,0.004188340855772415,1
0.17798654151239027,-0.12960775203810895,1
0.0067754614039456235,0.3503126598179379,1
0.3584863682582143,-0.31023334146839526,1
0.08301985832546097,-0.15558464839388175,1
0.38800834757622504,-0.20565827516711244,1
0.13307314076987842,-0.08924968338508016,1
0.15492830064150687,0.004862061491295255,1
0.2305237945236109,0.007492409319802511,1
0.37924886772972694,-0.04010544552278696,1
0.5887650793984487,0.03133398413134225,1
0.22823582510490428,-0.11854166862465083,1
0.24761266158153442,0.1354120416460893,1
0.36062287673661736,-0.14964485467521937,1
0.05881214713858926,0.12490548729319578,1
0.6012639351162191,0.04688542310088331,1
0.1405984104999003,0.33264690495347754,1
0.14594337160264084,-0.2803122008687831,1
0.19324056780868132,-0.09077869266490445,1
0.5745119519211802,0.19233226734368875,1
0.025486485018405603,0.3633612708199743,1
0.3789075868152669,-0.23306530122145097,1
-0.01725477396726579,0.4742426309375118,1
0.43570514383370723,0.0422189331157105,1
0.189445170433079,0.38928270797870995,1
0.3237501189802432,-0.10132952178413557,1
0.13257825544959487,0.21332924206301987,1
0.03885473941157918,0.07327007973913671,1
0.2768287612306275,-0.012466779934631727,1
0.438916443871557,0.11094512762151776,1
0.24288942939491612,-0.08732471376207597,1
0.2357179142217792,0.019293089998732044,1
0.13207071636014261,0.075632115615349,1
0.5554241112960439,0.13406786285121083,1
0.5164676518370381,0.08693955786289197,1
0.32287652125568655,0.1477113489150387,1
0.2362749348360485,-0.02882021848452412,1
0.5125539298293571,-0.15028684152639818,1
0.1559304264966006,-0.03452915162194574,1
0.11982602607658219,0.3861421632872111,1
0.2549125638367853,-0.2137840470518752,1
0.5042493221211113,-0.16690220442672662,1
0.21824618795097125,-0.18824201557398343,1
0.32092647396822177,0.36101202162136065,1
0.14699662811587919,-0.20387402236404725,1
0.2779991728845624,0.04672158467981466,1
0.0968217385037837,-0.21991331287214855,1
0.16880322316341423,-0.17081838080567768,1
0.34705752940035506,-0.2582644534801198,1
0.5808960923295108,0.2914272985965343,1
0.155403696546965,-0.0057508923941121505,1
0.5950596704089369,-0.12940120487827028,1
0.5127267828421492,-0.028301081579257984,1
0.25335528835351584,-0.196537627048546,1
0.2963921310562735,-0.12598433550065452,1
0.1903486280057793,0.38049527679997314,1
0.3554992505597367,0.22514714397555358,1
0.16243237093306137,-0.058130123634649936,1
0.4064156821359309,0.10886968412969317,1
0.3192517362714034,0.12177168262187993,1
0.42422931990107093,-0.293087784160474,1
0.19724559996266394,0.3214199972467323,1
0.29745523439148636,0.016023713239791935,1
0.14697462504176986,0.15153372434049742,1
0.009869243381676844,0.3536588958836542,1
0.6234391651658957,0.1078740975948698,1
0.609851805554269,0.0819274414943469,1
0.6036515975720066,0.05889028442645141,1
0.012336886952351531,0.25291964218178997,1
0.5245226668372001,-0.11598463592847924,1
0.24040039095430948,0.11430759997429085,1
0.19298650933252423,-0.018706908868468992,1
0.13097417152022045,-0.003561136519828515,1
0.5628862383701854,-0.013009183983769114,1
0.3093031967148568,0.02374255680139772,1
0.05731836121760117,0.14932098507864244,1
0.11698211188018826,0.031043587031822428,1
0.4288302392704543,0.007086774142284245,1
0.1222456009656078,0.40999922097706515,1
0.1723965268332293,-0.11824995260245834,1
0.14259645613638972,0.06720316474867404,1
0.3327140102803195,0.15663612476938638,1
0.09791413699738344,0.3811917324198282,1
0.11501203095588346,0.14607702220154256,1
0.48787353109919157,0.08861619908097797,1
0.3180569142235411,-0.21244156699136402,1
0.19417408350239518,-0.06658545751570548,1
0.31240424722870364,0.077011298145068,1
0.24480492644142302,0.284938994706482,1
0.6221737422822341,0.16554264406857364,1
0.22660566337411034,-0.2944830261728253,1
0.14100165131509904,0.27928450180332204,1
0.466589936580437,-0.056266221449129954,1
0.6100117653429487,0.020362419384489027,1
0.4404694091093154,0.20812054145805825,1
0.15272564200898903,-0.25097955987129267,1
0.48247434677436607,0.09238180184180464,1
0.5621600134572818,-0.0741202094510686,1
0.09922732973763654,0.30445251859327155,1
0.18591037591216397,-0.37712518888042795,1
0.1900218101234397,0.40128816501281644,1
0.5602643888821047,0.15324226518143777,1
0.3656352242943064,-0.300624488600294,1
0.30071694575072905,-0.06290274052954158,1
0.2743792044814638,-0.08548937319642559,1
0.1612776735384948,0.14191069238824172,1
0.29181757050504503,-0.15863718157874773,1
0.2015815435256409,-0.3107590449947263,1
0.5084415057777132,-0.045373391039023846,1
0.612567616175472,0.21561101880876057,1
0.32410957894694403,-0.287014567270137,1
0.11975589869169545,0.441373409431808,1
0.499246039360455,-0.27134936965752415,1
0.15607174782950445,0.4294855825678346,1
0.14239920305941445,0.3532852415040825,1
0.05826047197600163,0.3682533606882235,1
0.03777602182031166,0.22749434648983258,1
0.33580314476483114,-0.11824329473136998,1
0.13343245785317706,0.0870681386045234,1
0.2700864097453444,0.31396996705013297,1
0.3685544541858077,0.1218068506676023,1
0.17975974037554007,-0.47747560505470693,1
0.18472401342339506,0.013095950664621436,1
0.1686867784144463,-0.1222644071926676,1
0.2689837972411233,0.17676107637681227,1
0.6455706284014466,0.013211195880566936,1
0.39465236025306627,-0.180638047389545,1
0.12522360243489103,-0.0797786250136723,1
0.251131444357614,0.4344013310687087,1
0.19602779759780578,-0.04210531734656929,1
0.2141985203347142,-0.17130457339829383,1
0.050649142073837285,0.2723805491920401,1
0.3427901032560892,0.08999417090954574,1
0.4453568006219149,-0.06590305736914233,1
0.2500174753631701,0.4425846210668089,1
0.37690095459670964,-0.11043707738815328,1
0.26463466130049074,-0.22252517403980068,1
0.28648213094281516,0.013683981312700015,1
0.45056011833297205,0.06528818700529798,1
0.3180771821201623,0.31747769695817823,1
0.350162793754934,-0.12225686436634939,1
0.309598228126619,-0.3372521152704533,1
0.4208322003829551,-0.25646302158156875,1
0.3740968464917661,0.0010357531048155004,1
0.270599291986749,0.38066388484473007,1
0.22829995666269867,0.16180725884858355,1
0.03647801514950311,0.17199534068692568,1
0.24447241061535416,0.4325617707863657,1
0.48448878605455264,0.2891198502210201,1
0.4556325619234686,-0.01875409536173325,1
0.37993071445759685,0.30809348344937715,1
0.23272009714078437,0.38463866056589247,1
0.21886618142716593,-0.3475930777087746,1
0.38403775283828856,-0.0343686872501864,1
0.53690719069623,-0.18709691286690486,1
0.3797586045931648,0.18987456314603857,1
0.0042970169787792094,0.11253310984991315,1
0.21614763981455515,-0.03792870071837497,1
0.31502630473656795,-0.09358898691396067,1
0.04588848019928164,0.10670091827112294,1
0.14080888516419848,-0.3050439032664788,1
0.6341360114315134,-0.10127691775250337,1
0.4605552313475822,0.20616259214677507,1
0.5904149812234246,0.3084583328035157,1
-0.000771517538024418,0.40706371324941315,1
0.20081224319547072,-0.21396799757209944,1
0.2736959930072073,-0.19688516391516667,1
0.5067782363527663,0.043709818093508435,1
0.5231216904290209,-0.12694753125693847,1
0.3990278983921909,-0.26395851878957777,1
0.46177145626433796,0.25586619566511115,1
0.2137825013528935,-0.41364198731913226,1
0.6016298416199628,0.033834749796811045,1
0.1918240039499282,0.06422581038023162,1
0.5277595459322754,0.24999480984233155,1
0.34775207339379627,-0.08232532366293059,1
0.5726843976768614,-0.034331444019017,1
0.0013146717992186601,0.3911479355849994,1
0.277390982151332,-0.07073174332579224,1
0.24929955645762505,0.2690642298006565,1
0.3435777272774735,0.17310948709006127,1
0.4617567891368746,-0.03808887889689973,1
0.567521039215185,-0.1603467413738458,1
0.34159057133660115,0.27672047098210273,1
0.23950142208168412,0.041263642484372524,1
0.05613252077971619,0.15841358396505484,1
0.1050418884312746,-0.09994408638016945,1
0.17309390984454762,-0.20225979655207527,1
0.10416486129309378,-0.05937349796876381,1
0.3778156160656628,-0.17408450179531632,1
0.5210725293041865,0.05248132501252976,1
0.33932889694956714,-0.028495912480085567,1
0.3302484502185921,0.15197401715865932,1
0.21530765797654802,-0.4289196267525614,1
0.28665728395338447,0.2108860845020046,1
0.14719967397291436,-0.3040847947019797,1
0.2049249248838522,-0.13521990092108582,1
0.11079633856471907,-0.42728263746909834,1
0.4948829027028852,-0.06594958166173157,1
0.055921217270868545,0.11729480122230275,1
0.5105457721742941,0.16552283267973772,1
0.04438501967877337,0.23337672453772776,1
0.1962160263406525,-0.37561368013783786,1
0.3814663645733313,0.29556623453622194,1
0.5161472922945961,-0.18498807046941632,1
0.17193850759034054,-0.10662795288156256,1
0.4214140924425225,0.27841349106431307,1
0.32240242638895955,-0.29946717402626244,1
0.3514807963910087,0.2582542915567536,1
0.015943975360836353,0.24784817375611126,1
0.5905253459289759,0.0027780490951818137,1
0.14517251878748486,0.30439344118142725,1
0.5247956046624612,0.30069270985938246,1
0.34234957864359905,-0.04266754092900819,1
0.1851156132754852,-0.3770523188305998,1
0.29350007740879125,0.3503554781735968,1
0.3369181367899815,-0.05216205375828742,1
0.4249537358513952,-0.033570595743669614,1
0.059112150893611826,0.3395722175095996,1
0.47382038096157075,0.26859205840939443,1
0.49031057453514515,0.059684826925778645,1
0.3039072071174498,-0.09921321849016056,1
0.08864271420483426,0.1965327174533799,1
0.12194252866675939,0.06548820766369137,1
0.10850570192210154,0.03701515691850342,1
0.5922214051800341,-0.11142274671672471,1
0.11493648795172047,0.18249967836098366,1
0.08658706737522377,-0.09297523001077743,1
0.3592415674881656,-0.20954598990815193,1
0.06724426614970339,-0.014234028340365393,1
0.15866498383892796,-0.12348446445259888,1
0.20089592258829875,0.24328274022625446,1
0.2772678269335224,-0.276673968339263,1
0.07136691423672974,0.150128882338886,1
0.16136431964346565,0.22858043374552256,1
0.16283517720887286,0.0002104273921815404,1
0.1883199837152358,0.09426955260432124,1
0.5251045146024483,0.05314704625797707,1
0.519698265847428,-0.18791979586446922,1
0.3228359880627419,0.006074268823287136,1
0.4267367730657254,0.10540507248205287,1
0.458157850234321,-0.18311008549338914,1
0.19747514810991515,0.10233194503844648,1
0.1710784983802196,-0.36411515927981447,1
0.16612952812650375,-0.4256673773605594,1
0.6814232403766709,0.04867684712593449,1
0.125088356716092,-0.16018608907358647,1
0.4289196101042338,-0.10484159327194363,1
0.3540901421754017,-0.23264304968517954,1
0.4968552336525684,0.05665478883048931,1
0.24374406454596675,0.09232694258704705,1
0.30899483383209897,0.16279845107132432,1
0.0734937284819591,-0.02184965055652942,1
0.6062094083958761,-0.04120111270263112,1
0.4880263066632675,0.053043421103412994,1
0.5614490005109863,0.1479060982407326,1
0.43911697979388337,0.056998046397022314,1
0.3939799947252938,0.03275171927165298,1
0.10973392416168903,0.2725957093519351,1
0.31724265292578174,-0.07322341793496483,1
0.09944060036476644,-0.21298330562085718,1
0.46782143253507413,0.1428089330020481,1
0.5089293733147372,0.08833272302095493,1
0.1193240234500897,0.31169498680283203,1
0.5516805301300498,-0.017276063037214306,1
0.13055110551391189,0.07322005269376955,1
0.35685119816925864,-0.2317508848873989,1
0.4226996154370318,-0.2868911052513102,1
0.14090106399961297,-0.15957861826901978,1
0.24332538776378,0.21174195816683994,1
0.21454379438379792,0.21860031644792552,1
0.5170736387994485,0.03892830270228459,1
0.4887061450998037,-0.0520629959734758,1
0.05140912571063215,0.38500882582356627,1
0.47103192726901427,0.026454086760095138,1
0.007859601812914008,0.3180594153105386,1
0.2701831093227651,0.18435785501079613,1
0.14575246572412084,0.12000159909566814,1
0.12114919108376745,0.3693745024214316,1
0.07271605483933763,0.17243889224220263,1
0.2918628689393261,-0.04826981362237659,1
0.16899418113816234,-0.47667475780718177,1
0.33100949812178115,-0.16356848585192535,1
0.45381411701194857,0.14948331703369724,1
0.3311995657160791,-0.3325175471215844,1
0.5144416265667999,0.07011088872053398,1
0.5863793331566312,0.11672350297429937,1
0.28451781405038695,-0.22352689813389084,1
0.0914541764040095,0.08655758098083784,1
0.48375877450568106,-0.1306267883486461,1
0.4294131544987197,0.2545268815136558,1
0.033640748487067336,0.1293343193307906,1
0.26032075706010654,-0.42196145405813623,1
0.1285746071572769,0.19445007846190743,1
0.34446131544896935,-0.2220121794060419,1
0.17621610808817648,0.047032474504873405,1
0.27299195380271635,-0.36180877335709594,1
0.5702114039964832,0.0874293930823581,1
0.3909352662243809,0.03400555129937115,1
0.5616163161820327,0.0953102692304906,1
0.19869502403009176,0.21051214959969455,1
0.44037199567356566,-0.22668861080105612,1
0.13014155808907688,-0.0173497628755575,1
0.3136926778075483,0.02980282377215417,1
0.09843703143172858,0.10587139125575923,1
0.41174163521675017,-0.1558297734387618,1
0.41678674830434925,0.11923816480983425,1
0.19333189436807205,0.1889772221904515,1
0.046726245427422694,0.3147287745151306,1
0.4945125506179173,-0.25045686856047816,1
0.12008112760636647,0.330529319420847,1
0.24024531770280097,-0.2245686812846032,1
0.15182557767977484,0.10236948201808253,1
0.020129072713848877,0.45663565637924375,1
0.17180612560538264,-0.3106564488669146,1
0.3621286909196897,-0.12455510521781184,1
0.6139870180431353,-0.12271402725952098,1
0.08429326080555068,-0.00466512542110111,1
0.32853777335010265,-0.1383873321549163,1
0.15034571774971275,0.26988808978987716,1
0.14510700844977983,0.1969393413651582,1
0.546069299818701,-0.0016408060301949647,1
0.1580200756229533,-0.12870825714432876,1
0.5505141389330822,-0.02011955653323998,1
0.1126989384609869,0.08411066035434116,1
0.2533150487594267,-0.07870060133484279,1
0.0379288534378501,0.35200251167044894,1
0.2506058005152715,0.019872311154753644,1
0.6090205524013464,0.09114782720080329,1
0.262491315101071,0.023798686738464313,1
0.2959258605512858,0.27728398521048286,1
0.2838199140373015,-0.2784563660751162,1
0.3716440586032007,-0.2297891535790458,1
0.19648184599687224,-0.3336828894008575,1
0.1288390728495297,-0.21356136686753271,1
0.08647965033056013,-0.07988457217521393,1
0.5020462243927666,0.16258253082471644,1
0.07550894549820829,0.2902730858118458,1
0.5170316936641186,-0.0346846487715317,1
0.4338251013226075,-0.34460295690585696,1
0.4599461088660677,0.11297509125694097,1
0.21059043882349776,-0.4549738259284576,1
0.36264680407496974,0.2550004491699136,1
0.36365241263620945,0.1600751227720585,1
0.597730993972165,-0.0643704778411965,1
0.567279825676879,0.03500188165133546,1
0.24170462690800687,-0.14316866680444815,1
0.5068492030617053,0.12626688727245963,1
0.3415885145855155,-0.15918756679908985,1
0.04459585595074093,0.1546751537269366,1
0.36444575152243786,0.2598559651326876,1
0.7253796800488841,-0.018191843462451934,1
0.41839810770291835,0.022739751650837636,1
0.4189042977816809,-0.0076508102813562275,1
0.27951078084494296,0.39735604647187517,1
0.31459144301975217,0.08749639573080638,1
0.3672565539863107,0.3086282055477756,1
0.3862290974497646,-0.18347943664075778,1
0.22833604522391582,0.32486571941210013,1
0.2246781488022427,-0.31787843973666785,1
0.0034354162507701704,0.353953270595493,1
0.28023046423351444,-0.04383168909794102,1
0.25410384921651913,0.1235643090986533,1
0.30156430282174623,0.29829340430547274,1
0.49835476298897563,0.11183606374590178,1
0.2112063543770144,0.373563223845475,1
0.05352158267498156,-0.10585575292094375,1
0.4091777328068793,-0.2393665459425415,1
0.16056733463139017,0.13177745166475605,1
0.3352412064780172,0.06680888222907362,1
0.049599768444122914,0.2648708204581359,1
0.4665326996724902,0.039768304465263964,1
0.14635622218738656,-0.3432422333127438,1
0.12125136414502517,0.004612159605118881,1
0.16790582879835148,-0.25855186941252045,1
0.3773847756778626,-0.16144220486840127,1
0.44818447362670133,0.27883008453630825,1
0.21804921168704286,0.35340773892597943,1
0.2711587347716122,0.10821082864762478,1
0.30671144244751886,-0.3287862088348684,1
0.28262042311504376,0.24363597574862494,1
0.23133642451518638,0.36503923161016977,1
0.3330472085057246,-0.35970311208204725,1
0.16122779701729856,0.221857499535165,1
0.18380260044442034,0.10709536161206319,1
0.39133168164025783,-0.160620522965153,1
0.5311112172156647,0.3066563570059493,1
0.27353746196833495,0.24250257225548202,1
0.22891987661217,-0.12005564849405334,1
0.02064857739346877,0.43736249322584775,1
0.5470783143042827,-0.10777255487455226,1
0.2884915489662181,0.0005804315781857009,1
0.21176664648599777,0.19181346722924553,1
0.20403786163955653,-0.04950228848864455,1
0.39550425299922914,0.13877302625872648,1
0.2511437728687032,-0.3444195796649453,1
0.37757849713086467,0.07609897842048056,1
0.07033621563152884,-0.13367589043569236,1
0.5116316702461111,0.16832610406018017,1
0.21717849019316254,-0.2046752308921508,1
0.1752588300614235,0.15548125112491407,1
0.20782236361372608,0.01763811044753993,1
0.24883821544687348,-0.17906010251001195,1
0.15457585979087196,-0.3099505615915134,1
0.20557602950333376,-0.14063890436785545,1
0.09106653972079001,-0.08235533368181103,1
0.19697380491047706,-0.09305999020987057,1
0.0858553772820045,0.08462443599944723,1
0.19784927316382153,-0.09144386403390016,1
0.4202657825915807,-0.012479237117511872,1
0.16363196483124867,0.01869685829677038,1
0.4992301728444752,0.14477716953670347,1
0.41255521760862857,0.11958116708019995,1
0.2937603707716168,0.2850003347460293,1
0.04864402225782121,-0.1181950224228059,1
0.21167591365717817,0.4003463473035515,1
0.5736629785743986,0.28346786564191173,1
0.36033954842025995,0.15828498397864763,1
0.18699507410627558,0.2632093411108816,1
0.2927738393423344,-0.1325329656622823,1
0.31179236140880257,0.2787768874015879,1
0.26016663475724067,0.05247801733897859,1
0.32035921446880716,-0.12579328407378768,1
0.03572174183621816,-0.025326450052132497,1
0.4908280218869328,-0.026785279974540235,1
0.374736683410268,0.12139697407168903,1
0.41749360381224715,0.06353465239267447,1
0.4474828598302437,-0.15423343504828083,1
0.6810146350119526,0.0430040878506799,1
0.4294760823828028,-0.10006436540829507,1
0.08557563038682443,-0.2033841836205828,1
0.32805935311916534,0.1892392667151769,1
0.4903877257918308,0.27792523109688677,1
0.22934752453215107,0.049207569683718894,1
0.39807801098624324,0.10251967553262567,1
0.030438268930195685,0.26059691935739754,1
0.24502680332349516,-0.1430310722254682,1
0.2688992637642002,-0.04125974965125076,1
0.420495439966763,-0.06717505684666476,1
0.06108995711526727,-0.10992871042757663,1
0.26034549415919356,0.0625407928305927,1
0.6206067692909082,0.019384437646753523,1
0.5410247565858611,0.20858835666155276,1
0.5771209693830741,-0.12118785253701533,1
0.33674750038369217,-0.3374955137435501,1
0.21598271145176753,-0.24074337473264007,1
0.3858384420067815,0.08484579729383851,1
0.009394018474008345,0.3548508233289482,1
0.2768510785447402,-0.253780415375516,1
0.4770373801005393,-0.012037747804377814,1
0.3916725713245104,-0.15679733295063839,1
0.03383444871904361,0.15282510366157398,1
0.12490868036126211,-0.24081346532359704,1
0.1560810534055807,-0.2119387950917827,1
0.19180562879057844,0.40601508052302787,1
0.6235555877249082,-0.010218074928421438,1
0.2585676232594412,0.041207957545564354,1
0.43407795195393023,-0.06801620117189187,1
0.1428407609875326,0.18154635925619783,1
0.3737277336178112,0.31002201557601017,1
0.41577212490372417,0.1682463584335436,1
0.15208646060291925,0.013735017334081716,1
0.3032678459401144,0.186264705873806,1
0.35551877725094555,0.04870299378670289,1
0.30696517190856637,0.09104535937553584,1
0.4093746371206129,-0.0937661495204939,1
0.23309842927754565,0.08028523591941525,1
0.3638827199496374,0.2660579155497258,1
0.059004653451254746,-0.048816680326615965,1
0.14785597079564425,0.20312559646411119,1
0.5048478744813947,0.15445620070296245,1
0.17261526264148078,-0.10813168098980488,1
0.19419277829592352,0.17289318698054545,1
0.2177844415640154,0.346383061701185,1
0.44253904796654425,0.11307159510567603,1
0.0659125699581799,0.09868751867885545,1
0.15619714388485326,-0.09905081364938952,1
0.05502203665333809,-0.11264981929326172,1
0.010004807265899172,0.4990941234296437,1
0.11817479821207927,-0.14472587751071245,1
0.3659668592468561,-0.1339574869615662,1
0.23093398664331702,0.23820176567612156,1
0.5914230109555922,0.12610684601919608,1
0.4210365415037661,-0.15006534664875804,1
0.10369548190664903,-0.014837600406219736,1
0.11045310877949228,0.13228763117039546,1
0.4948974846669941,-0.14747669470559338,1
0.1585341340646249,-0.05379355062110359,1
0.07757797347181383,0.016559738594572465,1
0.07417149411124514,0.43624006706044555,1
0.21607435485184245,-0.06541054684334409,1
0.10940180511729329,0.236096874644856,1
0.24765269499674564,-0.29879209039371324,1
0.46807125071734795,0.22545313786401075,1
0.35231812002525253,0.3875833974875773,1
0.27128562428884434,0.10086419838904297,1
0.12827514593111827,0.1155405317503876,1
0.06650365202640508,0.12003809189045066,1
0.3376478925667495,-0.30844158260761295,1
0.5517493222377747,0.16117122061156733,1
0.45309707537022775,-0.21277903959144395,1
0.3846852816494553,0.2515820573202014,1
0.1968979429453042,-0.04890907864523007,1
0.20457897012340434,0.276957605266848,1
0.3339561288237726,0.19876658170200867,1
0.14396474826032327,0.2632059365854253,1
0.3026009337118111,0.13269588822667067,1
0.220002745435986,0.053670160497376135,1
0.18663324144546434,-0.23083497757337862,1
0.5792998545668843,-0.1440782157549711,1
0.13297294592480965,-0.09863269194405719,1
0.4661595131042966,0.03360678594858655,1
0.16700068432160456,0.16325932562434806,1
0.40297206527080404,0.16230774550633706,1
-0.011349846006638131,0.271331523023931,1
0.15069494672334968,-0.0803108957743496,1
0.5193135214354611,-0.17064503918019658,1
0.061332325761219206,-0.002172419590403096,1
0.10249603699195364,-0.019642061022355894,1
0.14831130606710546,0.10344955371642874,1
0.2478366607766418,-0.3764957133951224,1
0.4287605577490027,-0.26889043960379205,1
0.1471900688250574,0.08300249749648402,1
0.2618767700566413,-0.14303293569533948,1
0.051711052387442384,0.11680675520477973,1
0.3482449448863698,0.2823879552682969,1
0.5392929718108395,0.1648852684016107,1
0.4067075455860894,-0.2027322005506086,1
0.42441107710183823,0.041111319214835955,1
0.4592351203745301,-0.24045461950229657,1
0.6853070510034235,0.12957967866844372,1
0.2529367212205961,0.05308641251058792,1
0.12701489913782416,0.3303497242483714,1
0.06291171519598485,-0.1626783176252015,1
0.28026767235897815,0.14291820905944705,1
0.1532268547606442,0.3105165946683015,1
0.08687362544809807,0.20873474907408657,1
0.3232229202580655,-0.07406183384271511,1
0.5055055030792669,-0.1900541887212713,1
0.1313815345143642,-0.3546988043494852,1
0.37664568509668955,0.19666545209803046,1
0.279398110252922,-0.027904554986226494,1
0.04788558508693289,0.054530838610120626,1
0.1303221511106975,-0.11919599577124795,1
0.399288514490615,-0.08649875922518432,1
0.1504479398893891,0.33560674477080016,1
0.35961959959050854,0.26470631416008406,1
0.21868698799460182,-0.027255518400841682,1
0.5847009298884075,0.01103303794892554,1
0.4963410533345282,-0.2629199822733852,1
0.28004651284404647,-0.21954432581782027,1
0.21893465493769446,0.3534503433433461,1
0.35356855290352607,-0.023290107623592193,1
0.18350579047155854,0.08554011892526289,1
0.5061938720357883,0.04099259712451134,1
0.11545644269400829,0.3406965682837584,1
0.29339528139257204,-0.2123687470876178,1
0.32704487093211826,0.24814737702109196,1
0.22269171461201784,-0.341652777822807,1
0.14939478024079936,-0.32136475920911906,1
0.12354964819894465,-0.19517465572846876,1
0.22548536565767371,0.2904385154382185,1
0.46189240011804744,0.08758307855063896,1
0.2755290468175352,0.3983537707518447,1
0.46406699658169587,-0.03511990987823657,1
0.22082173744114794,-0.23358553241564622,1
0.37496438126962933,0.010723727094052839,1
0.09060018294510234,0.3909607626010874,1
0.45131613540214854,0.1494655424231114,1
0.16594245858122889,0.24604120930027487,1
0.2921382217927203,0.0738728104667987,1
0.05316907542305823,0.1045357913339747,1
0.3680633412206603,-0.19811967942069916,1
0.5276010781683855,0.20664418277943564,1
0.5244941674677376,0.15671419629166777,1
0.18470075523502863,0.20232646398900359,1
0.3916879318600002,-0.2729788660758637,1
0.06492570760630646,0.160548309507207,1
0.17836811544481493,-0.440757002356241,1
0.44539892994815733,-0.07740600606692348,1
0.5452191653372609,0.15125644464037277,1
0.2888941415542667,-0.031234198560092935,1
0.14552538435995246,0.28491315097116865,1
0.4040570873051097,-0.2835524943923344,1
0.1933462267800216,-0.36331222920690187,1
0.49236789198741265,0.1631156906546581,1
0.27617783964406106,0.24331681483938394,1
0.3160003359615891,0.0755729478538026,1
0.23897742842553993,-0.15137230867319276,1
0.2759708301706273,-0.051627395061608405,1
0.033189118576647,0.37417902474790343,1
0.1199488597221911,0.43016570986636604,1
0.3629636034508743,0.19434288659669272,1
0.1604660938303554,-0.13774650597072566,1
0.2758746195606806,0.17614081641834195,1
0.15250183183722327,-0.27476427264685527,1
0.5578970352478844,0.15801252208000902,1
0.20209658703991562,-0.2710640565182088,1
0.11557744271714085,-0.3060725406418692,1
0.44834293847223056,-0.12089410543813241,1
0.11712635701590597,0.23198427986988068,1
0.173904763965436,0.3269826370660051,1
0.27771533593812553,0.24166271507261752,1
0.37591785834650415,-0.05387288950998697,1
0.6235244198343961,-0.09403702681509386,1
0.2621570947698024,-0.42088173451364824,1
0.19885402711837333,-0.352053471694936,1
0.12113816145902782,0.14476298130068974,1
0.29633793067632014,0.09985065386532489,1
0.4092131193645345,-0.15822526809827603,1
0.09112600785301918,-0.16143240406681952,1
0.5695814911319934,0.14309490873365732,1
0.20529499851197244,0.38575558033432666,1
0.04263552216970591,0.3032523474821719,1
0.2529422398252695,-0.20492359112059147,1
0.534804960317601,0.12232578851793445,1
0.10195214603652149,-0.12008947017377607,1
0.13458699444119457,-0.18913385436989075,1
0.21517172847892557,-0.27695376592148585,1
0.4306099985939858,0.037501324522326115,1
0.2164015051735771,-0.06225546999880515,1
0.2125864940799882,0.22163474647901138,1
0.2702403029716998,-0.3322531565313619,1
0.3331071429491741,-0.25686923379061444,1
0.3991749426048774,0.09383268179780305,1
0.4854717844921491,0.10970143525278302,1
0.27291616828086335,-0.12160073762945534,1
0.19428150240562211,0.08033526898420333,1
0.549001638197355,-0.11942612774001717,1
0.4057995383341195,0.31392072856373443,1
0.08279081830679037,0.1707687128044679,1
0.4407706403309902,-0.15542861392984175,1
0.34603876758973146,-0.29894351256382856,1
0.09929491723615728,0.393424213891298,1
0.16393056167650336,-0.16713078390643826,1
0.28979391649450026,0.3278694583062587,1
0.21846414214115442,-0.24212361541150634,1
0.11986657792698482,0.1829853032263333,1
0.21414662747726773,0.12083801570085693,1
0.4309306419370541,-0.11711164685138592,1
0.32581121798787405,-0.21644075603382518,1
0.2762391567015963,0.0789270642273793,1
0.29541339697226354,0.14788038699906206,1
0.22014551689678064,-0.41592378596436735,1
0.20007789958394265,-0.3804988995584429,1
0.5682685690530619,0.013621396689053008,1
0.3048937240866857,0.39203033566075174,1
0.27873146896199535,-0.3812463114158424,1
0.600654586875836,-0.047321976211376175,1
0.3493389571634578,0.0007432700084012523,1
0.15902148317348122,0.29914247717540043,1
0.21120159624835771,-0.44992613739162224,1
0.19023100120457204,-0.11273332912741724,1
0.4646199755935892,0.2108598159174477,1
0.45453983134890996,0.10988083576670904,1
0.3052383848021618,0.125185703027469,1
0.3174582739633298,-0.24620716733170747,1
0.5561248024312986,0.04869957392847518,1
0.3485286046183236,-0.24360400234178076,1
0.435207153533635,-0.09278733910008788,1
0.026886245360895244,0.10942271383015072,1
0.6477700508567963,0.08629848909362839,1
0.4471119822285118,-0.189431408120703,1
0.526441749812316,0.02326089469650541,1
0.23328222229768564,-0.08834354965041388,1
0.15327737271635036,0.2752336441674117,1
0.6112978762929736,0.07214464277141108,1
0.2619729682752119,-0.021560223074684113,1
0.2077866268689253,0.1202198880347731,1
0.3957770408360811,-0.22378009229991663,1
0.2847075399014916,0.21566962585125424,1
0.31020638190185174,-0.22726210331365193,1
0.15864718832801258,0.34457547087572676,1
0.058211607740874985,0.07043570590439925,1
0.6544719150324515,0.018443932262016578,1
0.16861976389057165,0.1788223716669697,1
0.4445972775216029,0.0027210097045206947,1
0.23914563490259938,-0.27474718124234676,1
0.5615090369304339,0.055231616495757765,1
0.29106212048905644,0.0010465664560860876,1
0.29174081279164676,-0.3452823438106864,1
0.31398963438436817,-0.3030586556899882,1
0.11390859353039845,0.4111396105145467,1
0.08561376669210077,-0.11824353818200938,1
0.09469550746287478,-0.22829745341163887,1
0.16338459768323596,-0.3408933666198915,1
0.10859106633325817,-0.17859035414413124,1
0.11486903293734443,0.32280037102192627,1
0.5146948472072268,-0.14348128148545702,1
0.16433616868420944,-0.21520003321030368,1
0.08121458903734283,0.01176163494116341,1
0.2644927494394402,0.39858925742167767,1
0.20650456250556246,0.2246116087478899,1
0.03348858226622907,0.1715789123512693,1
0.3980667923316129,-0.24107774076575736,1
0.2285209121088621,0.2837427723969286,1
0.4971369697939179,-0.1379176972437631,1
0.45874617837562476,0.24352839332471682,1
0.10724222732667234,-0.21436196177945752,1
0.1514464605626147,0.423028904404642,1
0.42169720006072914,0.1935192422138966,1
0.24383672629740333,0.2984816195783921,1
0.6046730522784199,0.0006003405710370507,1
0.0707865743022018,-0.16737524146456365,1
0.5633344210662872,0.08208704478445474,1
0.38741799181027076,0.009580910561329993,1
0.08348856527413286,-0.05851284196011145,1
0.6407866708438702,0.050726676986089625,1
0.3254604283926428,-0.13661904304963174,1
0.4463290670640427,0.16257996209457934,1
0.29568990305397286,0.24446861094834382,1
0.14125421919017253,0.22533909502562469,1
0.3492466055902761,0.23330855153413155,1
0.025848637721143115,0.37712551888341506,1
0.07856596628523513,0.36578504030685766,1
0.16488202212380482,0.3572491874960581,1
0.4557186450463192,0.25080309865786493,1
0.08755666318259635,-0.05589965643085311,1
0.06314201861985538,0.188147494114717,1
0.4253634966059557,-0.021650703852410635,1
0.2729826637551511,0.3241289947415275,1
0.06691912279521982,-0.17274790831491935,1
0.11939774823057232,0.11436135140495193,1
0.0777631472613717,0.06319784090570753,1
0.2720451325808518,-0.08403342613989467,1
0.16661195122697298,-0.4789762307493979,1
0.5286542203751233,-0.17285301277819742,1
0.5032229160321192,0.08759101211889474,1
0.05418915540549705,0.12055877696146652,1
0.5313256102382549,0.1217933350765033,1
0.3008748396758788,0.3304800917659278,1
0.3803212106765772,0.12142159315384476,1
0.09903527205119948,-0.15706870828006925,1
0.23886407464661863,0.17505672187676619,1
0.6342906383615733,0.09455549154556162,1
0.2698203975631078,0.3316456280315195,1
0.31574074481563913,0.1817824003624239,1
0.17345601777196404,0.33049015339533516,1
0.2951589669177011,0.04490632010315506,1
0.483606996317428,0.16349269058186205,1
0.21794934636496502,-0.3881017538142226,1
0.14947372498313374,-0.02977653950224952,1
0.20049114862330616,0.09970648764904964,1
0.5829349539030537,0.012128804203512837,1
0.1413913082417756,-0.36170782858300443,1
0.2127293079450705,0.23572711313243783,1
0.05491791233054844,0.17810617020293576,1
0.19605716960188846,-0.006107074688524288,1
0.175507686786606,0.2995923005459868,1
0.43975670488287294,0.018382294021005597,1
0.45711175544904015,0.24385362135393915,1
0.20342295808544425,-0.23790525739934,1
0.19187417124646253,-0.16045394873474966,1
0.07101787813060523,0.36171224904442395,1
0.5846028051110187,0.004516701121803013,1
0.22954125630120523,0.21591452558587615,1
0.5661335288567766,-0.01787767479857585,1
0.09232408376083348,0.0014050722920818483,1
0.338249465157047,-0.37688128182953734,1
0.10392037385192897,0.23904717903092876,1
0.26556210194431984,0.023270457752828048,1
0.15418809405999626,-0.3840056447159807,1
0.10282441347566222,0.288553492788683,1
0.24118063570547119,0.18690366008084766,1
0.14866977136008513,-0.11582550880448002,1
0.266380440265396,0.29796299711367025,1
0.41831044816059293,0.2209331366749337,1
0.1950215327583702,-0.3661382712678675,1
0.49745249384475787,-0.02135770823025723,1
0.12456926141754394,0.35090255115066504,1
0.1259564593494656,-0.22217074611604462,1
0.44122757522374545,0.016952783203509483,1
0.19103975821892974,0.04747069091117378,1
0.18277046652716514,-0.4483434824950006,1
0.119309712178443,0.14264887399156279,1
0.08479121641889316,0.10054636061279337,1
0.6495581490912473,-0.01431473115688756,1
0.3263237970034201,0.19481125731462404,1
0.4657361534179584,0.2807321883904998,1
0.12037672464291051,0.2681207950545819,1
0.06242882166166918,0.14956333965656265,1
0.445814101615334,0.32776280343657266,1
0.16140144858075192,0.02865364820358273,1
0.21607618474417387,-0.4543470047556926,1
0.28439359694825034,0.1848731977795052,1
0.10262260681993962,0.3746878450629746,1
0.06186090826530253,0.3743198313591483,1
0.5220736947943708,0.24373675447355247,1
0.5750983268620297,-0.022041871077529106,1
0.2903052053713633,0.051010377878996295,1
0.4820469136023531,0.09697955388203869,1
0.20899143948783996,-0.15011683387579908,1
0.524927139312851,0.09041941931107454,1
0.0754782676263666,-0.04528902817157012,1
0.16825875982347094,-0.47809024381725423,1
0.028376663703153632,0.2422112162073853,1
0.06639465371147527,0.29081306593884915,1
0.43775841653637043,0.213120713889044,1
0.3402338616016166,0.24960938875785485,1
0.35838810709177044,-0.20255437072214902,1
0.32566306052279237,-0.2511825215803426,1
0.363569145381937,-0.00856299413041705,1
0.11198278827146768,0.2755824875021697,1
0.2593180549493986,-0.22744099500262396,1
0.11020391348888532,-0.30279422654262145,1
0.3476402705011838,0.08639653593490816,1
0.26706442540345177,-0.08220336003824381,1
0.43436664685999427,-0.03995271830278853,1
0.6501256531817221,0.01514017575239354,1
0.2762820990853959,0.11241267632653992,1
0.0378731101088044,0.16639253363509074,1
0.13879752360364148,0.162363670642546,1
0.23644822612605065,0.11895967167186104,1
0.19491738626048202,-0.14984912005789044,1
0.2198655778053141,-0.19873123074715163,1
0.373806435964064,0.29293062925765595,1
0.056515018088319074,0.346044774704897,1
0.38365537261802235,0.04297107172061846,1
0.23026411464104532,-0.16352703434648147,1
0.560093200913073,-0.010384105671928889,1
0.12667502398847238,-0.20157390267899436,1
0.3664151425605864,-0.11354871835111513,1
0.6368546590484547,-0.10436429480240061,1
0.1942162900445595,0.0010574902949062896,1
0.18410097245623028,0.3548066021620593,1
0.057756153999289545,0.23424838362733202,1
0.13936956619479426,-0.13548879662636468,1
0.2813671325582194,0.14707121706132595,1
0.05727132401383141,-0.12394786708780106,1
0.05538825468889935,0.1331491675348471,1
0.23818189611998142,0.4164725916032836,1
0.46626568727001866,-0.0815534452950163,1
0.15124728547151034,-0.26646827022179603,1
0.30313266437931036,0.06422748104902547,1
0.6103153001103253,0.2781380148225158,1
0.2787286868194881,0.08089180456261949,1
0.17370643312779555,-0.369699353324746,1
0.3317754404235976,0.13899762552858813,1
0.254053589128335,0.33628699549502356,1
0.07676513366208582,-0.15968909883982993,1
0.2646789963546557,0.19509135588142845,1
0.19965459131347255,0.38421815130237297,1
0.2998363867535533,-0.09343102219506148,1
0.4761399146403879,0.12824233975359184,1
0.5830330336648613,0.2839817679672182,1
0.11029249162638775,0.34910904284792893,1
0.1463109348900257,0.23195439578511395,1
0.469996521694022,0.2654196052767696,1
0.07201316919547186,0.4246910170777166,1
0.46036960206600686,0.10448188421284157,1
0.30282531441144156,-0.20545485920257772,1
0.13570651005441425,0.0929847973472069,1
0.3524223421712906,0.3819779471829826,1
0.36662190477183204,-0.25944333678743414,1
0.3372066169147203,-0.05592828962937263,1
0.18315987397621092,-0.3768789153533546,1
0.6466831709512121,-0.018918675278917146,1
0.18997205862530617,0.04256795356507562,1
0.16530324189788054,0.020976301025746245,1
0.0025779968873882197,0.43423102895748816,1
0.008974565242705726,0.0981205336641885,1
0.19366940660585794,0.05709212022309238,1
0.366932409866708,0.14874849488883526,1
0.3870028531189614,-0.21739837918670576,1
0.1684119074835615,-0.36594461038233284,1
0.38477471217219433,0.04433860039413922,1
0.36910171136720604,-0.17212697989895573,1
0.32771757373533866,0.20942643538214306,1
0.13549644952952522,-0.3163284982935925,1
0.6055848864386417,-0.09946226609814043,1
0.5616763330077214,-0.1296795085847882,1
0.44452626968198405,-0.03494664594422674,1
0.32056633217486813,-0.20595099346501888,1
0.4951443853560826,0.016190805775748975,1
0.1402618280295346,-0.37114463352377697,1
0.26977433570805687,-0.07714160934416847,1
0.3982156797967812,0.05443343673447304,1
0.5194453447820728,0.2154143682085415,1
0.3359870430287369,-0.28659748131502333,1
0.12250680395407636,0.3571453124213878,1
0.2850491145608069,0.36169719128074207,1
0.18346267027369753,0.38669532757166153,1
0.22148426303015673,0.2917478616681352,1
0.11659275100845089,0.18204965948342916,1
0.10227438984023678,0.03806121682264706,1
0.3061486934544419,0.1679359418435973,1
0.4604304645780794,0.055788662916744024,1
0.63124008016666,0.06203050764225808,1
0.1970396803436076,0.061748969872388614,1
0.05321171229164808,0.34989692570013925,1
0.506145791783166,0.00610745338257821,1
0.36660222743849413,0.15508970694104426,1
0.15819476022155987,-0.004602057529140869,1
0.2837225612104851,0.3498800829730617,1
0.3045913907994767,-0.24913874242641226,1
0.4140381699286915,-0.12470305895307834,1
0.07571764925117534,0.12558538414327874,1
0.2513857663300183,0.11332294882419522,1
0.5343788661723066,0.14689588057326775,1
0.11934977629447059,-0.4344773553403708,1
0.2641945984625988,-0.10018309177276227,1
0.2876666482161214,0.05479295576646947,1
0.4377079877811137,-0.06332700848958822,1
0.048642559251335524,0.34218812148027256,1
0.4685351467143306,-0.20423374596609775,1
0.6266033325090827,-0.024938436000430483,1
0.3620617390539307,0.146035965497908,1
0.2781222572682968,-0.10143999534594418,1
0.2458610027212981,0.43495755495091887,1
0.08843231436375416,0.03467013410067597,1
0.19346261023649275,-0.3423347331028761,1
0.1268816711154642,-0.14478778881623278,1
0.18938879955608487,0.36761695715297266,1
0.18505662087306018,-0.02887862009287681,1
0.5798223936835031,-0.08504740710014307,1
0.34827356118475006,0.017421118664649026,1
0.45729078352096864,0.13578976993077982,1
0.3730533416247208,-0.08317581685109202,1
0.016205761057377543,0.0756546468134179,1
0.23677987876418394,-0.3492732649271511,1
0.1336233886516718,-0.21466700116404092,1
0.16506921909573974,-0.2911936843065033,1
0.527436061042799,0.08346263848154517,1
0.10074756390612062,-0.08190749360405646,1
0.3521006134834394,0.26375750797744246,1
0.29928385046859857,-0.14344012017447816,1
0.16890078126894517,-0.1441167049436498,1
0.4848593959459779,-0.15609951213538448,1
0.04318285689926569,0.4019197678101833,1
0.16974813721497548,0.053918955994600934,1
0.606599796979496,0.17526987319613166,1
0.19277924550994652,-0.2971895583809755,1
0.08620161940257753,0.009473234920275396,1
0.42966116465725535,-0.036011092204526834,1
0.11930390398479968,0.0645878202483744,1
0.005293949335117125,0.2862109102694528,1
0.19077381413081856,-0.04761103082015684,1
0.3172376726756247,-0.03577651188872324,1
0.6099703559451785,0.10814280471587788,1
0.24327384280775824,-0.052600068566661634,1
0.517011330623546,0.1019344873578015,1
0.3308926568586362,-0.07726308733981892,1
0.5572093408410751,0.12620295476424345,1
0.12378295445709742,-0.1663611374347451,1
0.3594573681229763,-0.2616177157323212,1
0.22855282778787347,0.03614038633214884,1
0.07469740210993774,0.4091071443609838,1
0.42600007136209256,-0.08778376220999892,1
0.20607541983451927,-0.3333287418760914,1
0.18582530788643864,-0.11273373982211979,1
0.624512022306075,0.11192604735958758,1
0.5191675628224922,-0.013282472621720469,1
0.04069875977004896,0.10554160825510771,1
0.26821221799623235,-0.15555998908817473,1
0.06759349143287444,-0.12456385818844147,1
0.5016286483670385,-0.04712924342064298,1
0.11730705223266417,0.0909995588025341,1
0.07618627241473125,0.24166729780097698,1
0.1720926764418541,-0.046560994731639764,1
0.28407707609603694,0.12731651358363144,1
0.3673809154813841,-0.2849866964912127,1
0.13020115525139095,0.3462184715318042,1
0.11417109829581328,-0.21509590297401163,1
0.2804872619134049,-0.16585293063762313,1
0.299413324752385,0.013850547767767694,1
0.1990288193103802,-0.45429764996704597,1
0.3586967743838861,-0.1167578557269705,1
-0.0020576022824840834,0.374595282192914,1
0.18677914639689328,0.09498688738111528,1
0.15734726657756357,-0.21504740706047246,1
0.09294424484399165,-0.15342425058158968,1
0.5743490824502993,0.2584275342093372,1
0.15030863984094042,0.24361197232940318,1
0.3827718741453706,-0.30507320664937326,1
0.13962228098107862,0.3655242449889151,1
0.13815769141801956,-0.34582874877808056,1
0.5575514415826349,0.009074615404417848,1
0.4400835876375741,-0.18443886082242444,1
0.5785223468197815,0.21057824607008738,1
0.3531036209519357,0.12641869186725863,1
0.09296726428612945,-0.12231019862264043,1
0.3101129505555761,0.25129926714042544,1
0.19772373056383624,0.2979461680523042,1
0.5989838088387159,-0.037536775317028655,1
0.2492348135682101,0.4388787162323191,1
0.42053110567794544,-0.32600222664749395,1
0.36101451970794635,-0.08774161084307491,1
0.3963088638219572,-0.10898086518363674,1
0.13180569292649946,0.02770373909166629,1
0.2446436044786382,-0.05571537658003799,1
0.13985787830266938,-0.35397319678747935,1
0.07199956327436376,0.45235154840104697,1
0.19781199232012667,0.18189298076897115,1
0.42579954888486476,-0.09951445072770723,1
0.2585660123452003,0.2807058093257915,1
0.38128426162224666,0.18832103949743179,1
0.09210010002073515,0.392328333976129,1
0.2955788593417282,0.3539863886021202,1
0.5865579628954295,0.06877225932769258,1
0.29745294032331915,-0.0749102034141174,1
0.0956861800421247,0.3062889920301209,1
0.16592226079466457,-0.423726018130662,1
0.5147955191475928,-0.15652241322584695,1
0.31958131835841924,-0.07559340435101998,1
0.1960593231638557,0.3351933607264774,1
0.2663781610663788,0.015556839467246487,1
0.4069400893476177,-0.30487970078020166,1
0.23186362148705472,0.19625613675471365,1
0.5857735713162053,0.002493652850219429,1
0.49403340239579896,-0.010782962524725749,1
0.3071350347444065,-0.09858407554090334,1
0.27964310369036127,-0.2982046998594975,1
0.2178429882110735,0.26701916014665467,1
0.0898639147039535,0.33867573608846496,1
0.17658328951427973,0.3109240981654446,1
0.3845869615953504,0.1704680608961395,1
0.363279862792148,0.11675824172431572,1
0.42419577043292866,-0.2534130569301905,1
0.5863767016973832,0.02685793130485787,1
0.57039520591842,-0.13011752400708737,1
0.644011578503898,-0.025046412397969346,1
0.24542534134130867,-0.3559754988483811,1
0.14259856296086437,0.1318648976737908,1
0.3471823885530106,-0.07402196686651989,1
0.17977058823788566,0.16812085006959393,1
0.568890542161794,0.1989483781980498,1
0.22730464637576803,-0.41527647209620133,1
0.31238684396482547,0.4000030562699359,1
0.16944755510281806,0.17238296526745228,1
0.3670694714221211,0.09348799332011427,1
0.09815657617121595,0.2621682892790829,1
0.30294724363208264,-0.1532943323699181,1
0.232639767415574,0.11747221400965624,1
0.06232885313738602,0.048755379163287434,1
0.562114171981774,0.15635337545613345,1
0.09020622029565055,-0.2670769526936221,1
0.3188128789572762,0.07478171794403711,1
0.33522258461955534,-0.17632470274141018,1
0.23783726982024994,-0.04520459896419855,1
0.17548740415211858,-0.35859881965849866,1
0.06637323148413371,-0.036211256050206836,1
0.12517482772287414,-0.4234718092175516,1
0.14010544371403738,-0.09435725869601774,1
0.3041934790985603,0.3464346886056538,1
0.33646959345089017,0.2540307682910622,1
0.32028787808915443,-0.1719165427451881,1
0.19977263705063808,0.3647475093727263,1
0.1504918909167405,0.2216342832901877,1
0.09855045702275456,-0.1707196427238705,1
0.5345815927094258,0.12197619055903249,1
0.3464175283390458,0.2021164790177173,1
0.1440627114900912,0.22938424225936746,1
0.43096336560592496,0.14374070857211946,1
0.10316379281138736,-0.21234544492279359,1
0.1120450011807846,0.05517093509240208,1
0.11974267315214228,-0.34991119732413106,1
0.2991924617684526,-0.10919351381969364,1
0.6380894665083636,0.1711065628150703,1
0.0012042200314774782,0.24317134241042773,1
0.12121909923635914,-0.3373659825295226,1
0.1254646161156124,-0.27857853748655126,1
0.13231355030182165,0.2888686818422383,1
0.4137309815376879,0.13538310404461718,1
0.2339890059306834,-0.13852497733223523,1
0.1721698545671374,-0.4061906824128566,1
0.37406832118195316,-0.27291991320805054,1
0.1371950674067724,0.1615867965987226,1
0.23938704885781925,-0.2767981597443126,1
0.5994054697546022,-0.11819117892581121,1
0.1237837713345028,0.05065117536087069,1
0.35544243483592236,0.10409480070392252,1
0.5333067285497882,-0.1895738328753215,1
0.3116784615296855,-0.20711234302180173,1
0.33627737465700824,-0.29469041511379135,1
0.06763844797304282,0.05308181136739868,1
0.2996196382965826,0.17760816755335734,1
0.2994352794586486,-0.23924124902797722,1
0.3728270964848107,0.1522441553094141,1
0.07191246340203554,-0.14620074193731433,1
0.4509379935368415,0.024391690123162862,1
0.0927256291559924,-0.023923642842427827,1
0.1744109582168881,0.20787306433592376,1
0.041477492075208136,0.181379014046275,1
0.6012077186210665,-0.07394157662625359,1
0.23089443424747083,0.17039420335855587,1
0.34969362250677927,-0.08022542510427576,1
0.17448995384169885,-0.437720207114918,1
0.060658639451139806,0.3219748406673404,1
0.32100991862231404,-0.3116450604044967,1
0.38460552728642927,0.23875328538502932,1
0.18103719447451913,0.2734483218102398,1
0.3396619903713173,-0.20938842278359074,1
0.25054511743527347,0.21984663408896424,1
0.26903142491786036,-0.06470741537683902,1
0.01678482078248454,0.29534927184141196,1
0.004182934497647141,0.314344978689893,1
0.270290284472396,0.2112459240960658,1
0.6172970219109477,0.015041770741671059,1
0.43856169887519386,0.16162884236593467,1
0.3485346969618555,0.2064647740754227,1
0.5177047939081709,-0.2098031235826827,1
0.3385295387225584,0.24540850769903022,1
0.14234349882379627,0.3068392254335271,1
0.2295722420850072,0.3017688919674998,1
0.10935822564813234,-0.26025231827603,1
0.5862650601504747,0.04471076962351162,1
0.24584269694405358,-0.3829701652021188,1
0.40456077457080986,-0.18381503784774383,1
0.02493858707714866,0.15996663593871757,1
0.0624427274216033,-0.177148818606286,1
0.2266852752035497,0.05675715598412748,1
0.3924535551472776,-0.010404786533256716,1
0.23486645070064438,0.016204850024141945,1
0.4312352682473133,-0.14414087247332766,1
0.012312198413825217,0.21386221013625273,1
0.04003559827946168,0.34158216866697666,1
0.09200490389319183,-0.130835885355033,1
0.11739845099919383,-0.3565812067022039,1
0.23724160092054195,-0.017598443933209064,1
0.20095070383213587,0.28116772994843303,1
0.13650142712583999,0.2918158290072589,1
0.08108496161394346,-0.0016995379859873825,1
0.09751124643935642,-0.2753251589575521,1
0.2543230067643916,-0.04965481229931033,1
0.24245549573131533,0.15389069218633555,1
0.29032096499869114,-0.04978791000282004,1
0.25414372439741867,0.25506427062674225,1
0.5832123668234118,0.03994865639195639,1
0.1667634164704704,-0.4208758357733852,1
0.2230350030866337,-0.045035303186819566,1
0.08275469835248432,0.29919516017001774,1
0.2802006121447241,0.2223354038067092,1
0.09380463318947503,0.3456793318066244,1
0.6014109775032348,0.08580127324676812,1
0.18467949748362958,0.19546707105730715,1
0.14583428312081503,-0.40644275122016504,1
0.4957925195176677,0.14028031029232102,1
0.04627766777087753,0.38377214346700234,1
0.053419414654056904,0.06610570116487727,1
0.1857084327200732,-0.1274276253482544,1
0.48473206327305274,-0.09330645645138343,1
0.17577525324448717,-0.39711118833359826,1
0.1934936942667537,0.11162333256786425,1
0.3232989312595001,0.01758325697235322,1
0.26367531358380214,-0.0072911904868270105,1
0.008246449717244836,0.3884686060795323,1
0.25391826440150006,0.4388994915527087,1
0.12490965566935616,-0.17502435432020716,1
0.09233364378021573,0.09866314927018756,1
0.5036883414980529,-0.09598645096766369,1
0.3396266700359423,-0.3345365841841385,1
0.2687938385290587,0.18938886860172788,1
0.3657042517369421,-0.15559921242712968,1
0.3225325885484507,0.21117692600859275,1
0.34846288349180615,-0.13569767212258835,1
0.4090039348650809,0.2551676897325687,1
0.06625328564213828,0.14578217583920963,1
0.23270697513336325,0.03798051273091029,1
0.3548292064376251,0.03350059684078276,1
0.08845828690749938,0.3855817998075539,1
0.1646172752361623,-0.2233323016264797,1
0.07061346687084448,0.44420194044777417,1
0.4185828766055636,-0.2626061714036194,1
0.11926676089500553,0.21759056862924886,1
0.34831077531911103,-0.11768961950966597,1
0.5009952963192971,-0.10675617434749975,1
0.2755153051173815,0.052229340371797515,1
0.5320379782537823,0.012225756121208034,1
0.12334956093886211,0.33133442677787944,1
0.2303258845955345,-0.27590853014559474,1
0.056018004596721786,0.28967311919269223,1
0.4974277385019698,-0.07614723068543443,1
-0.004857222458154199,0.5035991534271923,1
0.17995946728265874,-0.13405656709324448,1
0.18224983824193747,0.11691135920784075,1
0.3824864013738617,0.03568127670171778,1
0.18168564671746534,0.39193368789093297,1
0.09312131291746653,0.20150203966983735,1
0.24472135463536224,0.07034870263011103,1
0.5644933424967901,-0.118798486949433,1
0.2844576052910483,-0.028566374125704036,1
0.3402212541048239,0.18180723836968163,1
0.6667092491585026,-0.026825874945362125,1
0.2948457811042441,0.20672033592199546,1
0.15796388986067883,-0.005971754898282957,1
0.4873960845753487,0.0073887337504809115,1
0.26218097082017167,0.2012283355396976,1
0.09060558476432183,0.22883561495687768,1
0.3183590741688647,0.015977552349227153,1
0.2869753663196071,-0.021133845310304974,1
0.19584220306149314,-0.4058843566130118,1
0.4075518363484491,0.034024146502993305,1
0.007121068188709196,0.05747850516912566,1
0.5883130092289024,0.04229835385320425,1
0.34847349379508713,-0.24989899858523526,1
0.578785705689759,0.15218404616388864,1
0.6248398645934548,0.09808593675648389,1
0.14984052876976728,0.10056741475036544,1
0.11522343033869993,-0.048314967595557916,1
0.30500467864368863,-0.0949958447582204,1
0.4250402248286327,0.04266360619554521,1
0.3683847484975914,0.17472297038949364,1
0.5777972285556309,-0.09095392950126743,1
0.09167791614033202,0.17167505326363222,1
0.3727223153778506,-0.2723706745153088,1
0.31779005016382467,-0.0487684657883222,1
0.660055346122257,0.07107555883872632,1
0.5404854711691514,0.19802606789905594,1
0.19472433101227396,-0.14559839769490246,1
0.08104835722304975,-0.038296549423979094,1
0.20317831912815792,-0.2571007366784642,1
0.16139176308962808,-0.11122763464842628,1
0.31278071634905447,-0.1654757802834602,1
0.40331224838794955,0.31092438735621075,1
0.10958650503282549,0.39092640913275145,1
0.5178075897384367,-0.07218322571905135,1
0.009597645461448678,0.4963871013377904,1
0.2709002365120207,-0.2651711314038795,1
0.2810310646310735,-0.2580554852036576,1
0.5513711025807269,-0.021410061236130883,1
0.20329309462864426,-0.13668053529372473,1
0.36304000225804983,0.0738651648042135,1
0.14568665980656062,-0.3668442731963667,1
0.27598397497082205,0.3764715170183614,1
0.2955695286030334,0.15759604962028514,1
0.6287244251257261,-0.10292418516925649,1
0.43900411728136857,-0.16133358466002523,1
0.46174902126539663,0.1905293585933027,1
0.24546181602035516,-0.18267535059921078,1
0.41869618351195287,0.04877143679046089,1
0.41947785778782876,-0.22719952157594028,1
0.3624561526585477,0.17883738669716254,1
0.1007213627789299,-0.09298109148982815,1
0.3623117973731717,0.21275752262254388,1
0.17329806866281774,0.26744031024159504,1
0.46065522542139237,-0.10166390147429304,1
0.2128782465627089,-0.09567515255177808,1
0.42387003904114073,0.156809539777481,1
0.32209459636184556,-0.03626014842609792,1
0.30251117590145216,-0.3339500451593329,1
0.2348039446927827,0.12700023449655312,1
0.31631142065033696,0.025892442842158934,1
0.6137338450455933,0.20757529906672983,1
0.1251840161659345,0.021442145543928745,1
0.3179389122438301,-0.25730102145521727,1
0.46648291368336725,-0.054037673428825705,1
0.34255594582338283,0.26527151405223864,1
0.30414429992276676,-0.13100933995275765,1
0.4280752318609631,0.07097294769423115,1
0.0859906352498603,0.405701904237171,1
0.05724476637245814,-0.05252091586063539,1
0.2883614298725476,0.15683235900998949,1
0.2192811355981335,-0.39185156929526305,1
0.10938731296235998,-0.47255679105506115,1
0.10140936393107469,-0.07996502188328278,1
0.10701854231363522,-0.056592023343887014,1
0.14738289421891712,0.14845918559121127,1
0.27072247676355793,0.332778794537889,1
0.29500769983596564,0.3425010813565514,1
0.3086247644166489,0.046838356246261065,1
0.2044460793442122,0.13910441476930505,1
0.09933074340320829,-0.37093367187666637,1
0.3410745910491741,0.16270459627761116,1
0.4575808424961025,0.2106813806884616,1
0.21087900256883155,-0.19161535316968184,1
0.1766692195177746,-0.21045750099122512,1
0.34615254124658157,0.09892577690388252,1
0.37532777022679287,0.3221319937839796,1
0.03514316979130813,0.31265276275365045,1
0.6556070603658014,0.020808925837467015,1
0.21197790262554758,-0.24851780768754583,1
0.4709623819344135,0.09888506255231073,1
0.025759079283610577,0.4012401710152759,1
0.6284569289894016,0.10983784712198641,1
0.24835607465054688,0.4511850663611908,1
0.6690789758963861,0.07415263583262889,1
0.41771569934525904,0.04121721741237372,1
0.4630780961351472,-0.12172762593578813,1
0.2698298588707797,0.33388709949724754,1
0.22747926373093413,0.034290934269061164,1
0.008893982322206487,0.2465070521256022,1
0.1748108068750019,0.048225126107530096,1
0.2249389758030223,-0.41631277899081753,1
0.3979716333191086,-0.12937188900443863,1
0.1292484207714191,-0.215996981082881,1
0.21218594994615905,0.374988657186631,1
0.43867565966534494,-0.1509043660388554,1
0.17155062080634706,-0.24553467373153856,1
0.07286925334125575,-0.08310576508952791,1
0.2744381473250016,-0.1667632202226721,1
0.23207142005227124,0.36619220620239235,1
0.4825374390495763,-0.13453049700206604,1
0.20435781917251208,-0.1980368825667919,1
0.06652294733806394,0.19210937729105532,1
0.4079160844414255,0.04121061054794154,1
0.5093168690598204,0.07294716348302747,1
0.017493400147707863,0.2947112872765048,1
0.21345851990909576,0.28473025955359066,1
0.5775207630069014,0.15073059157781868,1
0.0314371912266714,0.29211959782035907,1
0.35045453531206416,0.026443465223643863,1
0.08811969400583207,0.3559882649779,1
0.11008571120301736,0.41324072945943774,1
0.18343291424760733,-0.05394964656086777,1
0.5101300089435692,0.18787636053727222,1
0.603800194920303,0.10341820668852075,1
0.07123693530937071,0.1334023304511037,1
0.6598039311045034,0.049919406049581734,1
0.31958187611424843,0.04688532249234365,1
0.1671227585227529,0.2699674688839148,1
0.10069741024810556,0.4602449201643241,1
0.41718321330655234,0.05951853216210314,1
0.05754245762644408,-0.01632049915002474,1
0.21318713762937774,-0.15124550699031045,1
0.09857701999044163,0.21976592799270162,1
0.306179626767587,0.31588167682487744,1
0.2299406563142806,-0.026351131872214696,1
0.12046127522670419,-0.27685563159158394,1
0.4807335085963599,0.19914351250113202,1
0.2524865862921794,0.3246609941582042,1
0.0657119537851101,0.09029779206859015,1
0.5057631905049612,-0.006429802930718827,1
0.2285091754600444,-0.054151894590491724,1
0.2510345864449384,0.29218411294710234,1
0.18737143760475944,-0.06583270207096707,1
0.20936433534413834,0.12358075976064464,1
0.12413959882867494,0.3859792310238946,1
0.35292716091818843,-0.30229928954664476,1
0.11586395985919436,0.008546134126111634,1
0.19909807161008033,0.14542997879236963,1
0.24557782935551517,-0.18834148973828285,1
0.315254430140061,-0.1705297156214972,1
0.17048241922551566,0.21296778086747675,1
0.1511130172079097,-0.3660944275993999,1
0.12050203992503959,0.002538997146905929,1
0.05638566657023125,0.17742683319611902,1
0.5755569061553097,0.06143299079046552,1
0.1935275199696414,0.2264930665950747,1
0.3926326869217419,-0.21682128763953654,1
0.09669068007420602,0.1713523056375207,1
0.29664016109091573,0.06664865843602659,1
0.13106815463274302,0.3329510484496929,1
0.13849346342392763,-0.33649642323591683,1
0.38145396015162225,0.15090888461001944,1
0.5376961595268989,-0.06600813560423112,1
0.2376225356492457,0.11633006500078098,1
0.6605574807591288,-0.007469340794261586,1
0.4387593713450077,-0.009415070940976517,1
0.2023518000173355,0.15125088499267386,1
0.3378076243895789,0.07055742337799134,1
0.11627018677810505,-0.033105155708477635,1
0.38541403259505186,0.19975654259251266,1
0.293557491215131,0.2743121302370106,1
0.2082246249534942,0.24711898914241762,1
0.620882386950264,0.08252478607667578,1
0.3596586191297545,0.21508789139293352,1
0.5456181471229133,0.16071677136593351,1
0.6350308832773847,-0.09017078980687195,1
0.5633894556899817,-0.08403017344542042,1
0.40061682330322146,-0.33915958364245563,1
0.42095798391336936,-0.15177480603363416,1
0.20696881801435174,0.07831990106930287,1
0.15708719270307622,-0.3177027585614636,1
0.11799498414020348,-0.31044181450906977,1
0.11688669051329634,0.20969426053933482,1
0.3557541599607666,0.24541233291617548,1
0.24881885401738738,-0.26450095563746034,1
0.17191377877154568,-0.2698451129912478,1
0.4712238006780258,-0.22439127746861506,1
0.3110193681883676,0.0498709193167559,1
0.2788451210469,-0.2394336113698753,1
0.2838583121824119,-0.15678249006876585,1
0.3023081147160261,-0.13552783405445648,1
0.5004174634971973,-0.03383984082819014,1
0.5132310975376498,0.17608142389869402,1
0.41945246951629483,-0.1405948576331007,1
0.2923169036260698,-0.25192096417041154,1
0.20080785258017042,-0.2628839968420358,1
0.6352739341222923,-0.02719553577524003,1
0.10891040275837217,0.36985891332248577,1
0.3217500555133465,-0.1373021919900268,1
0.15064191918178033,0.18670312998561545,1
0.5185162846156188,0.2174254165701727,1
0.1654273402507282,0.3260297228914536,1
0.5211451659524619,0.2506619213537406,1
0.05079778989767293,0.028314634365695885,1
0.3656976805571607,0.17023656481934352,1
0.08453454915768453,0.11066129503994525,1
0.20053602679891389,0.016684122140378635,1
0.446497839348799,0.012460692973125477,1
0.04245074699861929,0.07770922892397542,1
0.2554650163519084,0.053190137206574464,1
0.4368570877209304,-0.2638837221198225,1
0.3224123927093166,0.16659893959195163,1
0.23437334139296848,0.4181900529336812,1
0.4528172787073463,-0.18080074848439392,1
0.05350165541609217,0.3187744398701003,1
0.30790684411707375,-0.1640835298697657,1
0.5296225646277944,0.1353134602280323,1
0.3709642200464714,-0.21418878660892351,1
0.230901937228086,0.2429575924898678,1
0.19487414944909165,0.25210160988903363,1
0.21914813627605523,0.07883179199051805,1
0.4357315601170125,0.0770937294921677,1
0.5468860393896904,-0.11281759477344047,1
0.2628366248306866,-0.061594852211018,1
0.20316495923934466,-0.45921787770859424,1
0.6443161217405216,-0.08314713741897573,1
0.40590968338313593,0.21930464864549298,1
0.4008933935554749,0.3221224190827552,1
0.16991520734254217,0.17638404777675976,1
0.17508004837852656,-0.4167930631158099,1
0.24348974210146435,-0.1552703432761644,1
0.3801840782532496,-0.131617340113728,1
0.08272267805633027,0.18056415026326023,1
0.5774898419544542,0.04999372996396412,1
0.09819331176219746,-0.09975143119779611,1
0.17394543598115655,-0.33920606135159354,1
0.21002307726684616,-0.026962088929689536,1
0.0003612496682801439,0.4042950962392991,1
0.25780593484503306,-0.23059098640107514,1
0.11543306416849006,-0.3222884284935138,1
0.055341158825983526,0.38370539670506615,1
0.15664737767177103,0.09634270085400047,1
0.17696926825267079,-0.409631877814491,1
0.3155031727522346,-0.3553205241048571,1
0.15052948396699434,-0.36819943227239876,1
0.10198185340329055,-0.40435988093087155,1
0.27649698071938666,0.4023900535785472,1
0.26460922599300624,0.25747474446962826,1
0.5244164167589076,0.03394892829900815,1
0.08121745423009616,-0.034049869661734504,1
0.5204559273100987,0.09326703808319663,1
0.5940580498161674,0.17674049076430612,1
0.29087252476695935,0.18391948300776365,1
0.10514795822051722,-0.03143416099051544,1
0.15783164743892653,-0.40540209348633865,1
0.27088691044031876,-0.20379321632995268,1
0.480852428686942,0.2318508354504931,1
0.1517864288627774,0.2575333632227431,1
0.29396265466578037,0.17238409127470086,1
0.38864861729102995,-0.1196121520667547,1
0.07428404616127407,0.43900050102295324,1
0.23961620059539815,-0.1041377199398519,1
0.28299915588963953,-0.027823724929011476,1
0.2856769013433409,-0.08306074339061979,1
0.35034866360367506,-0.2331840751058455,1
0.39758458923186374,-0.025146945182374397,1
0.46985689778181733,-0.04837686107810968,1
0.12636664504507117,0.040747128674007566,1
0.38876877876965943,-0.0667168801769307,1
0.4182414673514476,0.09864669807002356,1
0.08416177834702714,0.3286569844368035,1
0.27725913620067805,0.38874056411578145,1
0.6018309922688534,-0.11866195323322556,1
0.20660680647133153,-0.051959067640954294,1
0.5926454182318875,0.08013767019051724,1
0.2579623850622494,-0.13324260319209963,1
0.25244020435454206,0.037857668937773675,1
0.42645264764198376,0.17801434156098367,1
0.5116423113959974,-0.02544603512992353,1
0.6044493975500166,0.10597306940537932,1
0.262200678015309,-0.3960613204570149,1
0.18107257370463686,-0.11636793108131877,1
0.6575947877436215,-0.13973094825609247,1
0.42758831860331126,-0.09416210100969513,1
0.21030556308587997,-0.09590749095118566,1
0.08643774827396819,-0.16399889644055626,1
0.2927658451886795,0.07267714474868554,1
0.2614141240071112,-0.1996954815263032,1
0.32277418011451714,0.37929796815370975,1
0.45103346273168715,-0.07753464726884969,1
0.22389891687079944,0.0006417340187018501,1
0.07492982511065348,0.42971841662755483,1
0.47210641832471023,-0.07150693878730192,1
0.09580961127187036,0.4594859176222614,1
0.20853752804716774,-0.10393979381331184,1
0.6031804965675399,0.01749374929415676,1
0.3369242146057912,-0.03757141184615277,1
0.10378049406758366,-0.03508533868346149,1
0.5044339586942306,0.15188844470708152,1
0.5641459702932458,-0.05163665911436725,1
0.5162493048599586,0.20612453013806856,1
0.5174073265800772,-0.148849621123442,1
0.3569893174524588,0.31309559327848063,1
0.3064477731478699,0.2712416605148387,1
0.4275927170288739,-0.11076361527648858,1
0.0680631060549337,0.35865341628644676,1
0.19350413482332962,-0.3853022175250345,1
0.18678733420763607,0.3881755690358084,1
0.09378241108627065,0.006637794715035349,1
0.14314280195249732,-0.42187103798821224,1
0.4821005069248285,-0.09178917513122459,1
0.30846484459141366,-0.05487328862544904,1
0.18337687797575392,-0.09395891611295036,1
0.08762572567590092,-0.10088740173016862,1
0.13489598714008427,0.24633271214877453,1
0.2640489321156651,0.15053160959792433,1
0.5159067131170255,0.2289592747240832,1
0.5691331671565684,0.20797769964182838,1
0.48902696359205117,0.21074514119571044,1
0.299314664226032,-0.05663717412248735,1
0.1898257145882809,-0.3203848102222962,1
0.20748266853203493,-0.0017664775633866874,1
0.0937775866623718,0.4183156232486951,1
0.1349607196707469,-0.09973611893253674,1
0.043284156615036554,-0.0012068946708166694,1
0.2845706681274682,-0.16135363715944095,1
0.4570259713029787,0.10244841147920576,1
0.3341814130801122,0.07425494704813625,1
0.17807674954474179,-0.07924766074781091,1
0.3350713156715015,-0.1006079197127292,1
0.40674152591390517,0.20809113367939758,1
0.1894148193834613,-0.02587213159220219,1
0.2537652903162236,-0.3684194898971957,1
0.08336670579751951,0.34106039572287367,1
0.4262836362794027,0.13459926038632003,1
0.42664233475832924,0.006371298085924584,1
0.12194868146839234,-0.3069732499902574,1
0.14681766855992595,-0.38050692685605936,1
0.05776003854647028,-0.02900509853269748,1
0.5161389771396241,0.0012601139341077933,1
0.25097664022893523,0.07998185987159606,1
0.17913184029052706,0.060235946350717315,1
0.5701925409862015,-0.11964320569729939,1
0.6349983309486699,0.008423453547561023,1
0.37835668550815316,-0.004718045835929125,1
0.46207785065946366,-0.21453665738713293,1
0.2133228162539452,0.27155039839612777,1
0.2744364288838424,-0.3642615014013549,1
0.2704874650550775,-0.10151598191229799,1
0.21209422894952093,-0.01611824655734393,1
0.15019665310113034,-0.027331898548636314,1
0.1952414164627124,-0.023532038449348803,1
0.09859815006565985,-0.01716822119104563,1
0.3679212020395212,0.12424704344521555,1
0.390046505319446,-0.1302329389716077,1
0.5632731360609826,0.19006979674145286,1
0.13610954284641943,-0.06924646914477475,1
0.35083325167260326,0.013950357301790926,1
0.29697945484128924,0.1135589496621049,1
0.20135801761933883,-0.1850650843505983,1
0.3330194366794706,0.14203313088422587,1
0.22669977119486537,-0.08021233784120867,1
0.18542588370635177,0.18493809690743307,1
0.12455994577086368,0.22860255197476326,1
0.5211457053991152,-0.009975099546233388,1
0.1369890682311594,-0.4079413660608512,1
0.42145774761069327,0.15504477175460268,1
0.1134338655567243,0.2875115480755475,1
0.2425587450810507,0.2841736579473159,1
0.3387942080847562,0.02831710493245593,1
0.3767105356848745,-0.15698433956691038,1
0.1322571113848385,-0.11661611317232284,1
0.08612193043344303,0.2078554332081694,1
0.46792620036405597,-0.20844439286423577,1
0.25631191236886885,0.24685491571418988,1
0.25652333542441413,-0.0070166858205682634,1
0.22289708841352243,-0.216771681071811,1
0.5403033273614178,-0.18746213767339154,1
0.2942479659818149,-0.10409230148284702,1
0.38797374017916847,0.13161842756486042,1
0.3020561055066919,-0.15340658695168677,1
0.4653968900137542,0.09913220964518192,1
0.32321292929285356,0.11434130563260432,1
0.26641111780207205,0.008390238230163768,1
0.3008420039621066,-0.0462633252807584,1
0.09356290382909711,0.21366279064362168,1
0.28968595648133016,-0.3239797905113277,1
0.3183576159186257,-0.24249934129987566,1
0.22616418039536695,0.16453308254065488,1
0.3374402340973483,0.18700369969290226,1
0.22989404258363108,0.3433708771878323,1
0.0731371939676197,0.08527164392270978,1
0.2505393286290532,0.2465321308664164,1
0.22229386370053195,-0.3193115445554695,1
0.3830183297824407,-0.27698619799409696,1
0.2612800873544577,-0.20416581900779562,1
0.6168078963089645,0.16902148178975962,1
0.25257184076622585,-0.09464577661628266,1
0.23363484388023892,0.03245881369013013,1
0.28590725179461174,0.1712024883422117,1
0.5503942415266411,0.0042240327638600516,1
0.34853274948954255,0.24610183934377725,1
0.2533520982068685,-0.3663879113845611,1
0.03940626832490811,0.2573112347473788,1
0.11295503198224129,0.15240622184167263,1
0.6123982132235777,0.20392805534897648,1
0.0919749573409959,0.015795469981340758,1
0.29328427515994965,-0.08325443950409767,1
0.1461748581061192,-0.36335949919908,1
0.17139458935897106,0.09385581514465194,1
0.2665370695945035,0.21363828372429272,1
0.09153219354510479,0.3949133876865343,1
0.33583037713504843,-0.02666937811271749,1
0.20943969292671238,-0.40003275199654414,1
0.24029168778433752,0.341480833096804,1
0.13252844025061167,-0.4760044966864744,1
0.1817927824500313,0.18313509145831536,1
0.3157386877974649,-0.2876259924841611,1
0.2795029201417839,0.3278488565857767,1
0.45089716540715036,-0.2684556865762487,1
0.22419597214272266,0.12305990849882152,1
0.6263004230121526,0.1736473290782187,1
0.1637166462671663,0.21718826233147243,1
0.22654986784261338,0.27634802909291206,1
0.13349990187925645,-0.17409992099629132,1
0.344199530187969,0.34325127392916577,1
0.2363619100191546,0.05136470757960285,1
0.20321060473407868,-0.3458121196388639,1
0.5279033056366403,0.08903200702390031,1
0.4343942921877473,-0.20030064319610144,1
0.13949192850883685,-0.10232196939597711,1
0.4623561096520311,-0.17841923879250376,1
0.21287795245023997,-0.3421776479392302,1
0.3342695501448245,0.30363415626641266,1
0.11870980341367283,0.15778013161023421,1
0.3824744049876817,0.1379256243804355,1
0.15366432288132625,0.33918386689761304,1
0.30963401615290076,0.2982599964266825,1
0.16279072352016827,0.29250724631621605,1
0.1445276390136923,-0.34688017854665426,1
0.3929058172749421,-0.22660094572277678,1
0.5478935295471627,-0.031628613918549035,1
0.4435105167057281,-0.22255046642992965,1
0.33136041840492375,0.12568006807837312,1
0.5193024704115812,0.050882150878731915,1
0.4304089278580067,-0.2517446247948045,1
0.06230546121244751,0.25345585915572905,1
0.2645878524472953,0.26381597957570735,1
0.35146727985929765,0.009740277256773042,1
0.5610633292568968,0.18885834133399457,1
0.23894066408614004,-0.07883522408306937,1
0.47624936886237007,-0.055870738797634656,1
0.6929807821536486,0.13171656742206228,1
0.3935565955083817,0.2880804984484945,1
0.06782407577017072,0.32349490238598977,1
0.3712502953298255,0.06669228710965111,1
0.4878557899860452,0.13925638748354016,1
0.16767747847487463,0.3877005527502318,1
0.36235000940644396,-0.09161781750349483,1
0.20602447441445862,-0.3615211605515115,1
0.2659224358690985,-0.40571684043761924,1
0.24848617068425755,0.2806185612863976,1
0.15658688443732569,0.22917397148756,1
0.3180190468461362,0.06933682928709387,1
0.09250785005701172,-0.2897657796660149,1
0.4072444124875263,-0.018110872767590536,1
0.28700586933441324,0.058182828539023665,1
0.4680498429795538,-0.3083056363390341,1
0.4246924984874525,-0.077592814298727,1
0.12257163234326589,-0.4251196428038956,1
0.1419740764404003,-0.23449106135785852,1
0.23812038910307598,-0.4872494952295251,1
0.5414476697581232,-0.006168476390818772,1
0.5512933451414844,0.10046121744631173,1
0.10575183530042673,0.33972434756876885,1
0.2891171597685093,-0.13029691676500438,1
0.13359932659693793,0.1801346423349908,1
0.006591566303378978,0.4195281824682704,1
0.48116756714625725,-0.17507511519447175,1
0.1279252594339738,0.06875239802486584,1
0.3596622539116467,-0.009681658341944512,1
0.147920851917815,-0.17002208848603506,1
0.6971260204818853,0.13634584952712192,1
0.28087422519339295,-0.1957466201089162,1
0.1897143151927467,-0.02106517557029256,1
0.4933189183364157,-0.012683759651564095,1
0.08032019708934876,0.17298100082427398,1
0.15018783512846323,-0.16295364853475575,1
0.2028474073388181,0.19464654786411445,1
0.5834845100352538,-0.05281588844106098,1
0.22455510856523792,-0.20388201061583375,1
0.006002016060067002,0.28570861177621565,1
0.2785953316214748,0.0884539098660925,1
0.11630566741971182,-0.08476011961322648,1
0.417608814538442,0.17038948850498267,1
0.2213692678101568,0.39101603651528344,1
0.6118246597347954,0.09286170417897845,1
0.6863327780531394,0.028599558813836762,1
0.3811925632515172,-0.3092698217755589,1
0.41616147863161806,-0.18085153579419966,1
0.27607258517843436,0.23735395427947603,1
0.4088660575127252,0.16273701548896927,1
0.2222719020001187,0.23450215912583053,1
0.09346812275071749,-0.29410082266218335,1
0.3805117912971497,0.10149798456189849,1
0.3120352929163835,-0.2718696541454697,1
0.2565379924583083,0.3471076093002507,1
0.16870854165826887,-0.01176227114029081,1
0.187750889784276,0.32547759080246974,1
0.633486032864557,-0.0017008984408046577,1
0.011961553278038143,0.42763283709337746,1
0.26438076302918917,0.25248622253904834,1
0.24469235035529452,0.26033906667846607,1
0.05591433724262162,-0.1083462791611086,1
0.21001821070361107,-0.06728705833644785,1
0.06443341742377352,-0.01389584144966528,1
0.38444065036418473,0.22022287967297768,1
0.1369589786963916,0.17579267074034532,1
0.557986236414587,0.11108140452237374,1
0.16062001666396516,-0.4056550768459384,1
0.5085448127560634,-0.09830495895566353,1
0.01265563814859537,0.3920900332974413,1
0.06573943946292522,0.38070550434592737,1
0.39959989998344675,0.11766283566815901,1
0.0715558721840991,0.22002331252827603,1
0.25733245599699034,0.08518269899379376,1
0.17887373136612103,-0.46940739536787435,1
0.21978294053540373,0.22426595441868644,1
0.19135378056842123,-0.02635510887660506,1
0.5548516122301151,0.034956070481049734,1
0.2947908603270747,-0.06856504929666471,1
0.49114333493189527,0.007386434233233223,1
0.43391909467707684,0.024155801635733352,1
0.22072887565708368,0.1665970187772188,1
0.23871981947304774,-0.3758295434817448,1
0.4649451293422069,0.17765567218350664,1
0.3421641479130352,0.26326364502528177,1
0.5236620623752661,0.30610793584642293,1
0.271725935522469,0.347690902748859,1
0.2362342182266211,0.1159334285426426,1
0.15740702024541317,-0.1981604618522769,1
0.47251132971329923,0.25730889934435136,1
0.020147399149402848,0.44720599295123104,1
0.35361600736820265,0.003349527114633379,1
0.6875122186716258,-0.005731212725660929,1
0.35011191811465026,-0.009898549235394249,1
-0.007739906144309876,0.4703247075262892,1
0.06192074846250232,0.21665854193367115,1
0.4908507737249471,0.12313707737169269,1
0.12802059625036386,-0.132969691595761,1
0.26059677017841004,-0.07331390098844849,1
0.34544603017350844,-0.1946395447620404,1
0.5893678156941862,0.0002831411557169878,1
0.26078744040292556,0.0895896678930626,1
0.37344540220158595,-0.005650931277751792,1
0.08266615331732186,0.09324128262962787,1
0.48086125731022095,0.2607746947895958,1
0.7244287578979144,-0.025948929568803458,1
0.1051993519233952,0.1559099209080944,1
0.47367864740226673,0.18206607710646375,1
0.26058581442843687,-0.11016327706409285,1
0.044710514633994135,0.34198162272314786,1
0.12933991030449243,0.397377213749868,1
0.22270271991963173,0.12151450363962675,1
0.5432076904587262,-0.028569505180163154,1
0.4861789063915613,-0.2045878988996195,1
0.5964663652520451,0.021220545189292735,1
0.5517071029420096,0.18418768917757533,1
0.3429313350890177,0.12611404853418207,1
0.061379238442435535,0.1039485448460098,1
0.43649973774089523,0.1303976095983415,1
0.2900023263983097,-0.08336507254522159,1
0.24812388212343756,-0.18031389861199998,1
0.5628686720503601,-0.11229194016028511,1
0.15078554525980964,0.10083653091147389,1
0.5099543704303814,0.16087476475836052,1
0.021212857640360943,0.3207254605034087,1
0.47122158380377294,-0.18120625912959237,1
0.18254727747179678,-0.36775831312995155,1
0.2412200280240299,0.35069495132510564,1
0.12082107902214727,0.2790382273633236,1
0.4481241617720786,0.21268601364932643,1
0.39269480463644485,-0.17548298703637522,1
0.19676204277995687,0.20670376365087434,1
0.1935590637169692,0.4188560289546298,1
0.06136619981180413,0.13201216198229507,1
0.5973831875437907,0.11402339867255334,1
0.05374693562468522,0.09034274142522464,1
0.2595233194630472,0.022495257057106227,1
0.3641448109319977,0.19057863352395926,1
0.3242415857668113,0.3887244164867127,1
0.10579558993051036,0.2922437257107149,1
0.6063952868494397,-0.1265543049909916,1
0.2632638535123825,-0.08032387808593942,1
0.3346385771425302,0.17848828755265256,1
0.14546334727950472,-0.3301197873191419,1
0.04229715424114754,0.0029115394074233337,1
0.30409443136430686,-0.17692221509325368,1
0.37956953293067935,-0.16918818249551232,1
0.4516443165036778,0.14793520474772442,1
0.4068890043869532,-0.02619391995005847,1
0.11688206166717754,-0.027030729412915542,1
0.10722064149079823,0.054048896817032885,1
0.33231029802271217,-0.05340805630802128,1
0.09653061665627831,0.1247591068198207,1
0.5251665217488952,0.3023628749042321,1
0.04698820260269189,0.36371552811201574,1
0.4727249361150474,0.05881095716213167,1
0.13237090801682955,-0.2928433534175852,1
0.41325682714965684,0.21622083218395657,1
0.5555368369062265,-0.02613453922689168,1
0.10366985279555355,0.2503215306923468,1
0.13869274547615182,-0.04701944316833341,1
0.4840357765310612,0.23769291501449702,1
0.5680162687847792,0.06992563134580977,1
0.12608432841913567,-0.18337509150163034,1
0.20737650777330632,0.1002106162861086,1
0.19973741508855747,-0.3261505051968111,1
0.030648853843244492,0.35844852524176607,1
0.31563618946121874,0.3180689283587356,1
0.44248494220868934,0.24221174909065565,1
0.11355981875715356,0.18937164003435736,1
0.4294834528974962,0.06794061207387107,1
0.29463469165786094,-0.2900705152894627,1
0.33203125301382996,0.19183564249626742,1
0.36384741992629505,0.11967325311051415,1
0.22820472223592095,0.3616103940801427,1
0.5345865049310455,-0.11316974296535914,1
0.31250670008377274,-0.004496949954482022,1
0.04453923255053951,0.3695289281645347,1
0.3612974164911571,0.052809239809202345,1
0.02228781207144621,0.2130760202482903,1
0.24639278643925522,0.07442042369710598,1
0.5150203901918303,0.1658329356867476,1
0.18560157132807445,-0.16917906600493313,1
0.04250456395174232,0.3493537295654223,1
0.6194323018597306,-0.023506665923257036,1
0.5780839217684642,-0.16633961957046914,1
-0.010630370001511022,0.4712666419351467,1
0.17099965404231746,-0.28597536754421454,1
0.6161178337077126,-0.13896986711759035,1
0.18379327978665957,0.16663212659397195,1
0.5407199842857383,0.04385541722209573,1
0.21257893523460386,-0.08421392539936003,1
0.567650037117964,0.02142952354901031,1
0.6610546684058303,-0.14362596695855412,1
0.430993881160245,-0.264690986407426,1
0.5927518534746726,0.12331591289856987,1
0.031355132132403034,0.29219339113747506,1
0.21108945405815618,0.07080264102267692,1
0.6074395579514315,-0.028023338911792435,1
0.4070497808860523,-0.15672823240325742,1
0.09602728484899775,0.16552871301951572,1
0.3518711305181388,-0.3138509959554436,1
0.09204657187264859,0.37778147747781954,1
0.3425338692187353,-0.02167944561972945,1
0.034197929892865325,0.06544735334866046,1
0.05171663702660721,-0.10205357759067031,1
0.4275387574441922,0.15820520263296872,1
0.2624543042669442,-0.31994264886692175,1
-0.010103782613115949,0.4718292707792067,1
0.57745241678593,-0.18613407506568425,1
0.5971274259485333,0.031234890558896614,1
0.41424840274327723,0.022367347405988048,1
0.08078426482526199,0.13636719111241147,1
0.08231011744763604,0.08209997484054839,1
0.1076828104229788,0.06817568984874721,1
0.06907648821723385,0.15157263665155046,1
0.0430744540975215,0.416469871058859,1
0.35345211642747987,0.08046774501089143,1
0.568609129295257,0.09339388702346732,1
0.31572376544982156,-0.12508735583991426,1
0.24184787542120634,0.05332253687194524,1
0.330800500237946,0.0034053935124954576,1
0.09967690495999193,0.047250243066448906,1
0.11057502605856502,0.06983141988613494,1
0.42225858192461285,-0.11343244011337028,1
0.35513874196551265,-0.08591358954557958,1
0.1262190245798701,-0.44629040636446365,1
0.6915353309241191,0.02695508562276616,1
0.21909388002670624,0.3918318729708083,1
0.5950471667408795,-0.019885853942243414,1
0.17936909904652681,0.08653381727958252,1
0.3015029946509693,0.30564719012810065,1
0.28733649641958375,-0.23380993598654498,1
0.41856176663889416,-0.05223130387353793,1
0.07899485968094767,-0.05294421426646642,1
0.5718740555341822,-0.052694579228460305,1
0.23082477229062803,-0.4198842833470905,1
0.45291825697087335,-0.09305513155945523,1
0.34679274633715523,-0.11202867747745478,1
0.572456209243502,-0.14190769616496793,1
0.2568982293108914,-0.11613396523173534,1
0.19811664815978033,-0.10782835166311747,1
0.08147328723724771,0.32623753324348453,1
0.6855961943787997,0.09142061742391565,1
0.07389575382830935,0.17343004916345045,1
0.23514084461308066,-0.27663077075244225,1
0.2903414745224753,-0.022894713917614568,1
0.3904347293112368,0.020292508659569386,1
0.24497607567300547,0.019070765532704793,1
0.4496551582363594,-0.09254647883919963,1
0.15881757074230204,-0.153305162339751,1
0.3191432475754169,0.21584568353397487,1
0.17715128560985513,-0.45871608490873983,1
0.6096352158819575,-0.150215293245274,1
0.23698551181621508,0.21785869435851749,1
0.6059854924657336,-0.03661411839699751,1
0.28442801646404153,0.07178480590354087,1
0.3599868543168656,0.10214592689639762,1
0.3077576129009874,-0.23523433858599663,1
0.16417421196615903,0.15502012842012833,1
0.1431098128450891,-0.2187649600918036,1
0.05955334244853055,-0.05458934717290264,1
0.3468677659761383,-0.19587210736391397,1
0.07815171235389481,-0.13120723629701878,1
0.2163149965126686,-0.04663358942419264,1
0.2184578113740977,0.23568907118257681,1
0.20624662195111593,-0.4536296927821779,1
0.5722760656676947,-0.05920428192243207,1
0.5424743205140848,0.11140603137670245,1
0.10126432118235026,0.17472998098914846,1
0.5113002820309839,0.2820130987261774,1
0.43849739252666353,0.13876870357412313,1
0.051262342449018866,0.27337189106394144,1
0.08698977971087843,-0.26883986442865127,1
0.3351516686615641,0.06591539559206204,1
0.13306186271521117,-0.04605353022389205,1
0.40485480197615,-0.1875003511145975,1
0.29061051559064777,-0.3710360077368207,1
0.23716328902209208,0.054051148157598046,1
0.10022569041675819,0.36443504930427423,1
0.40594064476467406,-0.04171568033343946,1
0.1490170106479875,-0.3469687455891515,1
0.591847164405467,0.11584723760014137,1
0.3805513591558614,0.30295017803205415,1
0.6133175932181544,-0.1064161261313898,1
0.26335759805599296,-0.0408811200344723,1
0.1633598407822317,0.2562572655864774,1
0.019502734965862446,0.44931064535826293,1
0.5171145449654442,0.017784831600585534,1
0.24526444906856598,0.25525881429055036,1
0.18780590811206171,0.236338204688834,1
0.30812263685872787,0.14867844955932374,1
0.5483262821576217,0.04200127049715332,1
0.5064299101243218,-0.19250154525412258,1
0.033101008170389634,0.06922248866122047,1
0.26046854612272097,-0.20986280600631385,1
0.32763337302040196,-0.03846402560960398,1
0.23936605103186193,0.10041910533368333,1
0.4899968502708439,0.023928502060944563,1
0.22112090823095656,0.2671621043225604,1
0.14329643879973528,-0.39621733422820377,1
0.19885230086727665,0.1502769154856524,1
0.12006563655491048,-0.28297996091385946,1
0.46806054132188724,-0.06487050015281559,1
0.5567820280776646,0.15115220768246587,1
0.0560018780159521,0.03743167902776242,1
0.3742081343498859,0.2823211842740559,1
0.5870383031833614,-0.043909219462525594,1
0.1169192649540394,0.34194549278200276,1
0.5614112347167857,-0.06324235391435375,1
0.18053595109264933,0.21996036624329043,1
0.27494933094646723,0.2824460634459675,1
0.11750957202261501,0.2013661639355685,1
0.15993701024465728,0.31557657532536026,1
0.22540831019932536,-0.2661453650589277,1
0.3150767499678945,-0.32537338238002383,1
0.2192061749823788,-0.31226005140979324,1
0.12315143869824285,-0.11987826224928672,1
0.6513220031124937,0.20060437295218628,1
0.5760353709292401,-0.1444414469597468,1
0.5122474670728396,-0.13750555510102003,1
0.6452420129405158,0.19847934262730405,1
0.184958330721969,-0.2069385732238628,1
0.18283431195675034,-0.4748634704279146,1
0.5216604153853786,0.10356362791213565,1
0.515641692688924,-0.021819146943630706,1
0.17648477959564773,-0.24899971775809934,1
0.07946471916493383,0.17709848491478888,1
0.24591557846521134,-0.41984681843755856,1
0.4340707494786136,0.14738051168074134,1
0.3395371105619314,-0.38277811221351626,1
0.08448032797477276,0.196691064183582,1
0.524227505598358,-0.13396773789327737,1
0.13821106050025977,0.01386418777369631,1
0.6551497096920946,0.11344843525814093,1
0.34016031012523157,0.05706378327320037,1
0.461855910536508,0.19926404759364819,1
0.2926166056619026,-0.08566965322325251,1
0.18718588627937985,-0.4515533052642525,1
0.052651808745405454,-0.029530017165488493,1
0.23722326000940067,0.17361349791828712,1
0.48010741704878596,-0.07906973315404087,1
0.2376411931272561,0.06245965767697247,1
0.1503163474226441,-0.30288788860500554,1
0.40712414532605223,0.1733909849675517,1
0.1642938320948759,0.015691043252511343,1
0.5450708013681776,0.03078460781201856,1
0.4975629790865469,-0.2604292200392706,1
0.24632027262593975,0.2910992055069602,1
0.36217432288393336,-0.051533858331489636,1
0.30093142926788047,-0.1880326642723315,1
0.6517741942034803,0.11157739385990117,1
0.312007420844298,0.022597178425818654,1
0.0657451661394868,0.1601262029712247,1
0.5213196478445158,0.07839712824468698,1
0.2121084922723398,-0.3467506490057569,1
0.3416104293569463,0.11963123658957185,1
0.36528641137798457,0.21595757830377268,1
0.18669438754970713,-0.01752151043260818,1
0.15623969358204245,0.04374033764119483,1
0.34087200024929276,-0.15923273809680255,1
0.05057251644644479,0.36910357126276233,1
0.15311795724244237,-0.281049679395577,1
0.26060797240311634,-0.11043808409878154,1
0.3943923936062563,-0.21408236135360229,1
0.31505019553992275,0.08441314894635572,1
0.20735690913985597,0.05511607775849107,1
0.3635308859032309,0.1340034139318069,1
0.31091566825221734,-0.2086103642630562,1
0.02814422679481855,0.3305870185754818,1
0.1173402740070348,0.008996168087248024,1
0.21155988253742491,0.1787843345387796,1
0.3644428974175345,-0.05858992438707757,1
0.3584412247211134,-0.37583915042561067,1
0.14972091138971086,-0.08488045463979198,1
0.19784605682879897,0.3626537234251868,1
0.19252356067098567,0.08693597793247974,1
0.3278850210967826,0.3827992229231491,1
0.5946007670367759,0.033599129329716704,1
0.3441128162986065,0.2432803102272438,1
0.17816955246213156,-0.10103496601359307,1
0.39833450354377953,0.009015297946270111,1
0.12467768979966312,0.15267618830385227,1
0.5388099152939377,-0.23033146227716184,1
0.3647521787414971,-0.1341034436264772,1
0.32297126317462993,-0.05194863651198818,1
0.42464428309269703,0.11897768540339401,1
0.10767829835491187,0.17004174793952032,1
0.637046008703226,-0.027001248786204517,1
0.4237461230692233,-0.17615661712365396,1
0.5164461259525591,-0.21163549988630406,1
0.32618924811988403,-0.1641140417361582,1
0.1147945819694775,0.39646075808485853,1
0.10016697368333476,-0.4172343449732716,1
0.08689704938372285,0.19604795881576556,1
0.05063892310687826,0.4260047916483449,1
0.6178014716408681,-0.01143593552756963,1
0.0480890489376575,0.05546772238955219,1
0.28088921593671695,0.29234824437172746,1
0.40936508679030065,0.20358533311135224,1
0.00014625928419391697,0.21810293606124304,1
0.4800362358421822,0.05721105410825203,1
0.2150220974545794,-0.13275254821977114,1
0.4021537319290504,-0.09542716178574186,1
0.05728313634812555,0.3917059864173401,1
0.3005444599255867,0.24298761858621884,1
0.13404770509923947,-0.03996961099682853,1
0.46811711036770587,-0.17802116826869918,1
0.1964523790461998,0.3753625265257798,1
0.03722170185405947,0.13104338244448782,1
0.41434168182732584,0.2905602540876945,1
0.49647852093710765,0.04312137273354306,1
0.47562837623568033,0.09750567204279222,1
0.3364838748545641,0.2447588232352948,1
0.2669076406722951,-0.3718289398695163,1
0.16985714370548258,-0.14880785398700971,1
0.27922203511926075,0.004224316779984866,1
0.17266778994268037,-0.157621337772403,1
0.29435775652117013,0.14584219189345407,1
0.1174931503731631,-0.3277331821623054,1
0.36423846696705886,0.07883952788302802,1
0.3582586105608395,0.08916865800312196,1
0.7294583348516928,-0.016079556508173984,1
0.4917311274842567,-0.018008219447920294,1
0.04902138176711028,-0.04225068203858822,1
0.4815938420905734,-0.20759699020198386,1
0.5555322348017071,0.17071129704532567,1
0.23422249595161598,-0.10790626770974505,1
0.04061137882684654,0.2208054969060536,1
0.0778228325990214,0.1907699531058384,1
0.37799851437673504,0.03866445201250743,1
0.6318214047433947,0.014181803399425414,1
0.42473361297057516,-0.06593283161548279,1
0.3325851631043053,0.26964679902403704,1
0.240715403046504,-0.19794172135503232,1
0.47513058835192634,-0.010699778928825182,1
0.05880732615881732,-0.027564173734464667,1
0.4090257591577049,-0.1385162542814736,1
0.15396999242055895,-0.09700412939482057,1
0.38001408774617207,0.07926601855646391,1
0.16915697923446363,0.03860407578112616,1
0.44995097120816424,0.2018013085713277,1
0.3414846929132478,-0.013139328734985157,1
0.025216030132820016,0.21425483995576136,1
0.358891151452133,-0.05601744638454109,1
0.23924384646049493,0.08130539443883662,1
0.5419197295290534,0.19490286467353418,1
0.6322167602024075,0.03495016883568329,1
0.19101968482811651,-0.3159786783811156,1
0.13357732403467262,-0.011408524527159777,1
0.5652793241325869,0.12627118318084476,1
0.4020803373711053,0.060561995301635835,1
0.37073710311664965,-0.03539275313086795,1
0.2572694327019843,0.2581458988000575,1
0.5671512019611568,-0.01070157262924747,1
0.107163544452767,0.38196888927814115,1
0.32175992783640545,-0.21917605128648945,1
0.05913809235622958,-0.04484927324848729,1
0.4919840628177411,0.28624694460979144,1
0.10126912404074265,0.05072034490215616,1
0.18291676507572205,-0.2633465041747246,1
0.2890697475730367,-0.3793508638718121,1
0.42289082036007264,0.2676638001605149,1
0.4060587281123755,0.16748786410437633,1
0.37763653831087723,0.26384408524387537,1
0.1421458355410871,0.10445229385506452,1
0.2388399654075413,-0.24323322721109422,1
0.13209248280175784,-0.10606754883787026,1
0.26702640491120105,0.17938290731404202,1
0.5109637701437898,0.14497655208323773,1
0.48524972481108325,-0.03401323450128661,1
0.18329478307882954,-0.033473621553594055,1
0.27638697515252325,0.04805306701766935,1
0.2152813682315604,0.07725707877969758,1
0.22376205147931713,-0.32191254045056844,1
0.6336221285933011,0.02871583563528439,1
0.28011931761623227,-0.16493761045903368,1
0.222721543384294,-0.35754798543114796,1
0.47389121463899314,0.1287618657686099,1
0.09850969847255604,-0.16222807325407074,1
0.10058612252110899,-0.1925165739194364,1
0.15663881525335321,0.20678465890975448,1
0.18567850609981948,0.20734643500767058,1
0.1693107838028853,0.2546878976895965,1
0.5835155154586,-0.04787847219624933,1
0.4979801867676601,-0.1449332112739105,1
0.14103532575053188,-0.14411382484412727,1
0.6446364125036153,0.10094369737445026,1
0.49896750973353016,-0.10310106767203539,1
0.3304305465650182,0.3890383778183393,1
0.2296248300868151,-0.07048948117521449,1
0.3024267637451008,0.045498958626511876,1
0.48508096557315017,-0.20968222958449048,1
0.2906638658297181,-0.386251527216627,1
0.33796904067154443,-0.007216282790198205,1
0.4633390798323514,-0.044751879835890504,1
0.4717607859009795,-0.3086471380264971,1
0.2244675402140611,0.12950847507391688,1
0.57670860455709,0.25977086009230566,1
0.5251339526001585,0.03082836207258053,1
0.1273400435086054,0.11745811948791147,1
0.21444404451055712,-0.057430638258107305,1
0.44027240954126307,-0.15435197136022882,1
0.13997756425849528,0.0300022528266576,1
0.14763112067839573,0.15244035211754492,1
0.6374012929414672,-0.008003642513087446,1
0.36912264251315424,0.06217762279422459,1
0.3050013475988355,0.22768421358970983,1
0.5748819834560042,-0.153274948254748,1
0.01528420568252977,0.13227576327523977,1
0.2010547746648527,0.004663675651912447,1
0.3717027755862791,-0.285368492277706,1
0.17742588842699933,0.22789040473467553,1
0.072873503732601,0.06987863338127347,1
0.02886782464640823,0.25031334039037106,1
0.5583366133953888,0.0649453421821661,1
0.07236824495769391,0.15109690163417194,1
0.291064503420285,-0.29782270211076795,1
0.3995755032232284,0.1471089034223142,1
0.32816292533788,-0.03533614492160891,1
0.3391145675990383,0.27633659812994743,1
0.18307151777664715,0.05500301150722084,1
0.4235100298715943,-0.1996242599052412,1
0.2830808802946515,-0.08130321794460148,1
0.20344170581588739,0.16100438407613518,1
0.24356440829785972,-0.3888714734370251,1
0.3705356778351507,-0.18135197758064506,1
0.6781837006455951,0.0893029534607131,1
0.24673404340703595,-0.3899575436759826,1
0.1327211839630543,0.23131339854180966,1
0.574984631910081,0.1317648377225554,1
0.2584601888790301,-0.3120176701268984,1
0.28571918425063103,-0.3887023322208748,1
0.09045097668930191,-0.19720473564478497,1
0.37371631694972934,0.2252551117100042,1
0.02161529311660136,0.20601125592078318,1
0.2624239761477286,-0.06089147168522004,1
0.11285411722937592,0.34668042794744863,1
0.17457606498938125,-0.4440981762084388,1
0.27990645234168476,-0.32878485752497644,1
0.14362746142160582,-0.1870896278894222,1
0.15116649086680464,-0.3818384409774638,1
0.43006868423388156,0.20784927823562144,1
0.28075279410162995,-0.2509116201594464,1
0.3208599275702732,0.18421177388070334,1
0.38060954757485144,0.28918694321834054,1
0.0763094728564126,0.18079650857811108,1
0.3553539635674529,-0.15291895234765768,1
0.27395645952271347,-0.33637829732120833,1
0.5145509544950863,-0.03661874311785057,1
0.43022564771723354,0.18525233802147878,1
0.2551856938307635,-0.03436733998309939,1
0.5167118204076447,0.0201478656229574,1
0.09165229389168365,0.023239750810656268,1
0.22120435527484322,0.12238063704324818,1
0.223494861162441,0.26895749682791986,1
0.5994052106637552,0.11196766034784164,1
0.18231420874754178,-0.26701925739399246,1
0.4423004269172474,0.08610954482434241,1
0.18357991619363828,0.4014837274362649,1
0.5304653234745119,0.1253392723872357,1
0.45803153862052365,0.044430410206920394,1
0.10541134280370232,-0.034871236584669146,1
0.42901189424107855,-0.06120373810577001,1
0.4175238616906833,0.07845518999727419,1
0.11740189174498832,0.2699444689070229,1
0.6749570046298194,0.06607110465341005,1
0.14637539420678253,0.4462427888143641,1
0.4519792208902796,0.026017793290354325,1
0.15574005660785833,0.06164496931673691,1
0.22154246582535383,0.11860978423107087,1
0.13736732011420483,-0.06918944992364638,1
0.1841130741755621,-0.14481349522962092,1
0.3576410457700717,0.17780595845365055,1
0.6817558653121875,0.025678198417293085,1
0.5170824920484425,0.02257192109289343,1
0.43543349529903586,0.026811326986889383,1
0.21720920945610192,0.08546160470507198,1
0.1977777467252213,0.21752398346748303,1
0.3543690763396159,0.24338615603580857,1
0.17368832469020734,0.3855012777924469,1
0.0816034644674075,0.34995141350086406,1
0.34777326080987825,-0.18408336369653708,1
0.11401692956085786,0.33976504925444934,1
0.3784938429144895,-0.22790801499095406,1
0.19391054733003787,-0.2780975889890582,1
0.25612841747732923,0.202180846493876,1
0.3739699698611249,0.05984008599048258,1
0.3184862135241569,0.11447475383015863,1
0.43185628888235356,0.09695881714594443,1
0.5851162909214174,0.11718341479466912,1
0.06059068706632209,0.12701880311258731,1
0.26396245776924393,-0.08588381070267839,1
0.5964153655870208,0.08945155298350994,1
0.12494598867960402,0.2267055534708791,1
0.1554225985087263,0.10317276742241706,1
0.12624594550792656,-0.40483230489189065,1
0.31330501379060616,-0.4305696841107398,1
0.2201019243251698,0.34505146138671494,1
0.6867570110633817,-0.010932734476471428,1
0.14549578443089603,-0.3962337566878537,1
0.4097291015850167,0.21964020115515448,1
0.1975509472914247,0.3349356433961333,1
0.6192342340777603,0.21590951753312132,1
0.17152528944201648,0.1466337039031439,1
0.284131381059965,-0.3207947222687749,1
0.16383343203779666,0.18487271729176344,1
0.570430746433511,0.12722681832514138,1
0.17257696016955767,0.18182493372854616,1
0.05396741582746389,0.0950906119313243,1
0.20322480258647468,-0.4670286305989736,1
0.30575995135115214,0.32164467723103185,1
0.6126305079096298,0.048241761997179236,1
0.2970503735504189,-0.04154403161514533,1
0.07389818965531286,0.2797852922005934,1
0.22537971330018333,0.36486524642736834,1
0.30477494393043236,-0.4174163421160002,1
0.1945745202401219,0.17330257197811522,1
0.5518784558170537,0.19200208907883554,1
0.5580150969938121,0.12051777755874318,1
0.33193749670717726,0.32960704973799737,1
0.367059740595948,0.2611643981936574,1
0.020064879641855222,0.4003819014321757,1
0.06486011503288469,0.005339308978379904,1
0.22113113604526974,0.05301443608205701,1
0.4317284479291341,0.1725949131220196,1
0.2525480285530229,-0.3027863262340556,1
0.20173569599452523,0.1430394651315208,1
0.1923041638184681,0.40930040414871016,1
0.26239649234783013,0.29568171557990147,1
0.45925693348827473,-0.11584295208838812,1
0.345246395123556,0.003753396064656906,1
0.32242561610033105,0.17731527222387058,1
0.18681624938334715,0.18657810110873804,1
0.10907536120560155,0.2010743320540921,1
0.3448689451525632,0.07820159820119418,1
0.10058415676199621,-0.11010447278680885,1
0.3616690295719333,-0.058157965687942605,1
0.522195618056374,-0.13440885917965464,1
0.1791228144463446,0.3755536533602149,1
0.2118153974733891,-0.014428709661849313,1
0.5022000055368208,-0.15379846253428503,1
0.44450260941455244,0.22075897681302614,1
0.08585434788103632,-0.025224744423106037,1
0.1447118297574231,0.43952025420660923,1
0.23821995931444095,-0.28918896244853914,1
0.1796902803062236,-0.1341822414539353,1
0.11290341408071508,-0.04605105300286512,1
0.6645232279240119,-0.023273779820889032,1
0.5028331889259685,-0.080984646616187,1
0.49867973134344934,0.07553646531055272,1
0.163402003038719,-0.3766991817420888,1
0.3034154905906811,0.21390811925059242,1
0.5735434066468978,-0.181459122680548,1
0.6176049886619284,-0.1459938966909463,1
0.48696117610186423,-0.20720964639204137,1
0.2685225370891087,0.33108228909403925,1
0.14415869616624094,0.05909535849237165,1
0.6108872401729286,-0.05921650310743883,1
0.5496767188960244,-0.046191358573936143,1
0.5362704225864672,-0.0922243062959544,1
0.13223895466082944,-0.05582103467337208,1
0.3381301855068945,0.2044182265448109,1
0.1404980911028731,-0.21092285778853861,1
0.6821898866342709,0.03755950888042865,1
0.1695072796987427,-0.3841320674330303,1
0.5346873479557136,0.013454835124073151,1
0.5598992726325721,0.0030651490737517106,1
0.4379345942227277,-0.028352612936438808,1
0.4584933911432539,-0.24507068284239578,1
0.2712030423570005,-0.2785046372349568,1
0.4504645598788918,-0.01908365484754732,1
0.429187166869238,-0.0006839708385727088,1
0.18403350949182992,0.3559952878332925,1
0.2611354425835113,0.3406023042360536,1
0.5517162744274702,-0.1307857519922058,1
0.5202560402132215,0.11781699257929117,1
0.530110258558397,0.06595039533537003,1
0.5894515395339797,-0.05012786644170223,1
0.06540358565447113,0.2042816304417945,1
0.14382022734638186,0.12621402845348892,1
0.2385363973749985,0.3669518638406339,1
0.09442210493038426,-0.15441836817708032,1
0.30208917495083676,0.022155312251143904,1
0.12825530713855113,0.23278212946712695,1
0.051580125341341446,-0.033058647449213725,1
0.0753704244475688,0.26857977770845937,1
0.5047014248991009,-0.16359989755070634,1
0.12148680274083949,0.20068071861405817,1
0.37266619444292265,0.1703913574165637,1
0.26442973357723937,-0.25205151457747876,1
0.2212765738780886,-0.1303965265990886,1
0.21296025738327862,-0.08731952483428573,1
0.44657561673520646,-0.042043367098964085,1
0.49731284879289644,0.02545578799890994,1
0.6002266322117263,0.2267380735885227,1
0.5019563318680564,0.15751372193171895,1
0.3596125765957191,-0.375743952954606,1
0.30285696802294404,-0.30414601399732194,1
0.13390410975737846,-0.12280976419134887,1
0.2421229193526156,-0.2708450063784476,1
0.2649740676354768,-0.18408469253604667,1
0.13932878642212887,0.0883978634076833,1
0.1482351866080213,-0.1114148499427384,1
0.3500096378128256,-0.13968495525579222,1
0.17756606962972998,0.2712322317130082,1
0.2269221280430827,-0.29477604271658947,1
0.6048571027035192,0.04085427868722143,1
0.5346455612988156,0.14136127196213824,1
0.31895722002691196,0.036832907311891296,1
0.5695993776229628,0.1363747127881688,1
0.0493181064854179,0.12607386627623005,1
0.2764138462177984,0.0005081794485861218,1
0.1792351316112325,-0.47561232577256496,1
0.4624087770173097,0.08565728678835045,1
0.46643910884388656,0.21020158637852332,1
0.4899438095784867,-0.14463504990169657,1
0.13660538506979947,0.1534923617825246,1
0.480363382185947,0.008283587215984258,1
0.14830526555090762,0.18722485790414303,1
0.5707262937555644,0.21270705161379427,1
0.42290096704854147,0.18789280766076408,1
0.2548959668803348,0.11702982465485608,1
0.12284480419764816,-0.3597941964704236,1
0.14444943196499682,-0.07702847945106261,1
0.18582283917831505,-0.10447570007855407,1
0.31695350907450737,0.3527099798266723,1
0.0014084291297574427,0.42344020672300425,1
0.028298001810428276,0.12428300799696408,1
0.43947513803421834,-0.2676724633099417,1
0.2299111368789579,0.4097354023343382,1
0.29527895923307107,-0.15870259604840228,1
0.0906611590974134,-0.19699032925829837,1
0.5450465956905844,0.16391544650650472,1
0.14300357643205186,0.2913733628774285,1
0.2324920225222632,0.2613167148026478,1
0.29457408728213424,0.3199325269849405,1
0.38151622292818205,-0.21520521941402554,1
0.16565964670811967,-0.16399704059517728,1
0.4042209888822496,-0.08192441260007471,1
0.17354484954636717,0.30889440392945,1
0.23507985759552638,-0.344475064332328,1
0.2781977094868562,-0.09036827401605395,1
0.15072151608005516,-0.19718298832681966,1
0.3641943728902648,0.10282928658522188,1
0.1262515010658232,0.21727377043206855,1
0.24172268683394255,-0.194922492252795,1
0.26514188842506164,0.36271458948351604,1
0.20483192278426493,0.23662527172641376,1
0.2675484723672398,0.25915247593620466,1
0.012960595791186235,0.3149968738134387,1
0.058667134088823146,-0.005649682827792587,1
0.17363352632060816,0.19782885524945007,1
0.2732678806767006,-0.3769498480010641,1
0.2810902426417601,-0.3176510513363806,1
0.35562870222284826,0.24925780556599864,1
0.3460703120840025,-0.20584882110303493,1
0.02115674324452641,0.3666100944076773,1
0.1979881191329104,0.16567015398146923,1
0.27097514057508637,-0.06982658963735396,1
0.09386146226114209,0.21904103125889282,1
0.052322781265871345,0.32105947288045944,1
0.3835442049264939,0.25489654192881045,1
0.5618625176341429,-0.07368360906517195,1
0.5651724410541683,0.20824072106230807,1
0.5495075282518626,0.18713089572310046,1
0.4548643520616655,0.217932091821492,1
0.39005855284473734,-0.2530929136896579,1
0.13943383360342088,-0.27086571963652395,1
0.40511790652044327,-0.18302062004383313,1
-0.0011563902638161696,0.4011758697220931,1
0.1271475897278068,0.18419721388136923,1
0.4066726635272352,-0.2513694745800511,1
0.551732162755423,-0.005842740176140667,1
0.21218509516628623,0.37278412445863984,1
0.47008165731569035,0.1879599774324069,1
0.3764278532690976,-0.20642258678097278,1
0.15705643429350888,-0.25927568497551107,1
0.45608834330450043,0.0743526039965875,1
0.3742600307917791,0.25933042228819736,1
0.292145738649063,0.33601900018640796,1
0.11962966330910803,0.20521980076975394,1
0.26349477374018093,-0.17958069244026187,1
0.33433405299824376,-0.1992094799400576,1
0.12550024453627617,0.18607911299444943,1
0.2691290472813482,-0.4039247778852474,1
0.3507357055721398,-0.2596875789494946,1
0.22163270612169797,-0.42463470472747206,1
0.26504242997648686,-0.14436846000800474,1
0.1063737785078809,-0.019588737518532812,1
0.15741234406139465,-0.4110352157505749,1
0.5844549697683281,-0.0898740272552113,1
0.37343189332873633,-0.21314859959808666,1
0.11283703037230534,0.09054871762957346,1
0.19856704879163903,0.19388681344846395,1
0.20142162874933467,-0.024291259069999748,1
0.621769872163308,0.08636624154130208,1
0.43341207065338033,0.11487287656317388,1
0.3502937596673046,-0.09507446352880522,1
0.29182786554756096,-0.04052396111352077,1
0.5073992729349235,0.1390428279110384,1
0.32270214109211093,0.193350396891124,1
0.44438079367653527,-0.00037794813183956267,1
0.2631358158659833,0.131915820405009,1
0.19317067585292694,0.19710228981947334,1
0.1218632513539656,0.19572076000656902,1
0.35984958690078894,-0.07972190306817334,1
0.43863455935475903,0.08135391173295806,1
0.024638619932887046,0.12510038123741615,1
0.2475449008364195,0.2811766371822185,1
0.307664417690501,0.3550287709887985,1
0.06383372917843692,-0.09715813623905864,1
0.3393936527791374,-0.3832907320399306,1
0.4174625846655191,0.14214948179115972,1
0.46069368434694474,-0.2165452675705836,1
0.4020587189179439,-0.034003129756781734,1
0.5361507739776012,0.15424565217043376,1
0.3539207152512621,-0.006698782542467526,1
-0.011690519701281233,0.27552761937099757,1
0.3585405399625009,0.125813209847505,1
0.32739148484405833,-0.12584778975573954,1
0.23621364493991948,-0.22079230931427926,1
0.426497666119913,0.20155590232482418,1
0.44135318195347334,-0.2925276424569213,1
0.53005885376041,-0.03441843097776164,1
0.32523184456769244,0.19651044584847532,1
0.15231366053968268,-0.16302132939380798,1
0.2171154171948882,-0.26572755139156506,1
0.1376794018824792,0.16800946317233878,1
0.2283688468506874,0.3021089639202587,1
0.6152216292635081,0.1667068012351944,1
0.664270209266051,-0.14084288518650379,1
0.16456209411820208,0.34409008826820353,1
0.26070730499221323,0.16115006469556648,1
0.6025979776357628,0.14532445605654953,1
0.11434045563873566,0.4061885224170081,1
0.2611372680783343,-0.03536886516872432,1
0.1519502185307968,-0.18487384841885088,1
0.14448832266402353,0.2539431050146977,1
0.2331869287989891,-0.26159662729984623,1
0.14827888357474717,-0.3517040688354564,1
0.3217810479525984,-0.24449065378259416,1
0.4388382223911037,-0.12001148569092014,1
0.6454214672923391,0.06008242641789138,1
0.2299652445162986,0.21809146536866483,1
0.13119121473421588,-0.2933370774412235,1
0.4645423524844753,0.017983311200329307,1
0.05583805991870189,0.05075668654429316,1
0.042610745846400074,0.10053432121279972,1
0.5656384320303652,0.2068223476436316,1
0.21535082849337592,0.09880446848135523,1
0.09814899001805993,-0.17794057232158403,1
0.3814602088016636,-0.008390006767890675,1
0.10605776166889222,0.09303867261250699,1
0.2768363986453293,0.2922630153933799,1
0.36431421208510223,0.08497773110854244,1
0.5811225475166419,0.20928407083301073,1
0.5007196138166675,0.09309468260450558,1
0.5784397919131905,0.2626704639771199,1
0.29463585098768125,-0.3416424583531493,1
0.3352248301302132,0.24273187371461374,1
0.41556468058990675,0.28020236624226563,1
0.46930096606963556,-0.06933803818004364,1
0.3302861009701102,0.12067502518005409,1
0.13244373886571442,-0.4755385557581844,1
0.3689058806299398,0.0851457216429027,1
0.30437031504462886,-0.0699550787354681,1
0.3432163976398678,-0.21609447412345964,1
0.315857232042414,-0.41569685855977456,1
0.392900063319406,-0.1914464118351469,1
0.28075859277462434,-0.024801522448179927,1
0.31312111813635335,-0.1932223316898007,1
0.3594366881942727,0.15699519485066504,1
0.24609415117385944,-0.25303738921888475,1
0.27781644507273234,-0.2471438708961372,1
0.49088595180757927,0.09993430879100826,1
0.2370835241125239,0.3369366461654456,1
0.3713809565288559,-0.08816125111757402,1
0.5851850369455162,0.2907785315577085,1
0.09447412705915872,0.4033265187394318,1
0.27340915367356533,-0.3433342495575378,1
0.49346766982397006,-0.007287657629482462,1
0.14028383949072482,-0.06832306029813529,1
0.12171613392757387,-0.25445438079217025,1
0.195063278383671,-0.31866916054506156,1
0.3412294122501101,-0.35051799277997986,1
0.10227709745645046,0.2684406219301508,1
0.2558056051590321,0.13844939152432265,1
0.1416547802624244,-0.14727347843611488,1
0.06849082023985531,0.38743053181320214,1
0.22728851942413228,0.19572572355805337,1
0.1835724561296334,0.019191098731053707,1
0.2212562619465488,0.11898208799400328,1
0.1437883331741767,0.24066193199248723,1
0.2555013017120791,-0.28091149319194325,1
0.6322215884034162,0.061995170595928475,1
0.3473752805931343,0.08048716173613457,1
0.3311324008960288,-0.06662046664492352,1
0.6015216449904301,-0.08097807390083134,1
0.5473845899079233,0.03655742268461298,1
0.3592847460443244,-0.27026388591531486,1
0.30865481332610045,0.15550334882112457,1
0.39084558094196514,-0.2488277116787451,1
0.23943568432079484,-0.24520459082080714,1
0.0736575537891164,0.42262875233065716,1
0.21250697325378645,-0.137244941863971,1
0.11279965300690001,0.2530628090866169,1
0.4934343556314372,0.04153296159816304,1
0.3041919590875596,-0.293285601520513,1
0.20649063815975585,0.22704221598917068,1
0.16537271777196635,-0.014967714058040272,1
0.3685928323444904,-0.15988565141367034,1
0.14494004498137483,0.04083281686201441,1
0.08541565033958258,0.32127936402429974,1
0.22422124952650424,0.34061520340327905,1
0.09495926337332666,0.014517895344426482,1
0.21627590009242803,0.39246080130533295,1
0.0733801676031147,0.40846976054147244,1
0.2433108759443223,-0.35198013237935954,1
0.29917167475222634,0.004453142451139971,1
0.281202280518777,0.04880386914241375,1
0.009221453290588296,0.30137844957564575,1
0.1160896096585348,-0.17257780775176654,1
0.6479109222427143,0.023741716816515046,1
0.3205613982367193,0.20794849765431703,1
0.3680003078109016,-0.1497246178951052,1
0.06530676774842813,0.18830849423178014,1
0.5762390045712952,0.02683170687852417,1
0.42829859592973535,-0.0047434531413267375,1
0.13045012344537313,0.17402769028844026,1
0.26388665272154455,-0.2553170337464339,1
0.05373353109801146,-0.11006013344527195,1
0.1125327648369369,0.15850023742913041,1
0.31010667750954346,0.2612194954585437,1
0.5884933959952927,0.13412931683481846,1
0.6349472683787657,0.05237122372810051,1
0.5693893610239001,-0.0027178561958497707,1
0.2919937816767036,0.08105648470563569,1
0.22922001319249857,0.36964016237919234,1
0.43543964629487664,-0.08639354597638718,1
0.1353188316671019,0.10122446316554583,1
0.5682187067045409,0.12895567524733859,1
0.35299856972260935,-0.0035759309122945044,1
0.08506294777706244,-0.21262923051773286,1
0.07233290890739365,0.4449432910681271,1
0.1685181183234635,-0.36530513648844276,1
0.3330973197437004,-0.062035796125717295,1
0.5100221242106424,0.008456415716974261,1
0.18049981634293846,0.35995857621593,1
0.4577430994454328,-0.11179784569643157,1
0.4785491011596688,-0.12043000508501826,1
0.45070034095129047,-0.010208558723069066,1
0.2567392854268784,-0.17850577596012043,1
0.25281164305313897,-0.21243857204852104,1
0.2939979511523723,-0.21373535616302852,1
0.2002713712527663,0.12882323806002635,1
0.5248612199037179,-0.08559384502879479,1
0.014835910707759378,0.3459573197273785,1
0.6861068951669136,-0.0086689572900613,1
0.21160662175650294,0.26721636919336816,1
0.06392698628850968,0.15269657769404052,1
0.5208982178917569,-0.08306888696819142,1
0.23836271236936618,0.07103373642527865,1
0.09012501806887344,-0.23809811592655178,1
0.07999438852002742,0.31362123289357496,1
0.24580455125838502,-0.3843569815410841,1
0.2395832124340842,-0.10494156295431403,1
0.032492227239769786,0.06413806772785692,1
0.1287001950405256,0.39077816843306656,1
0.0010251063342368281,0.36958248357777906,1
0.0834069581298342,0.08314735148891175,1
0.690884900706383,-0.01833273020116131,1
0.4990382895198737,0.021941834914139355,1
0.5616306672921589,0.15336725229675363,1
0.12716506345259576,-0.06669454476086505,1
0.3474102347650133,-0.037957338612573756,1
0.2053486860209844,0.12426674672928847,1
0.5631088389050116,0.13150804258948484,1
0.35250325220868844,0.06660267363120212,1
0.2617368188298952,-0.13491666561891094,1
0.3450037113756261,-0.031461948932662596,1
0.5000597856563289,0.2811528826395871,1
0.22472684012979413,-0.3068853312007444,1
0.4233330097300022,0.22406468318105777,1
0.26093441550756596,-0.08446686557197608,1
0.12346823071236729,0.4112275291084281,1
0.3438536649410387,0.18904902369736096,1
0.6189385357812545,-0.006912830528657244,1
0.28779211172190866,-0.22184253295808276,1
0.24012023606115135,-0.004538549113503545,1
0.2880175778726157,0.35893572126990325,1
0.13942380291360865,-0.36211939257828096,1
0.11690679925550214,0.17080061439811337,1
0.6518512238754693,0.11504248606319714,1
0.2745353720126969,0.29595427607374286,1
0.2859783174970098,-0.10553412009316293,1
0.4978180595560752,0.05619554290677199,1
0.21820075333025235,0.20672290594371134,1
0.10236781392390444,-0.06204026968032849,1
0.2715206637156527,0.2226993567174185,1
0.5327079874158417,0.01724957829962884,1
0.5081085367960609,-0.06838804037357489,1
0.20441123959006466,-0.18602779155632823,1
0.6315571192556346,-0.09087083006515106,1
0.4733832758886834,-0.013660674311422434,1
0.17201437398432984,0.383136612972095,1
0.4261903490410767,0.19628296361894879,1
0.41264094464743284,-0.020617374358770407,1
0.3918938936542905,0.0037009485815249384,1
0.3983821551920365,0.01194761616646127,1
0.36997316843141204,-0.13037517700039764,1
0.25479051601288266,-0.2805898267846888,1
0.5359613328514626,0.0246728171015812,1
0.42528666341433813,0.2690509947633696,1
0.2043062618225628,0.06041752329932323,1
0.5799571119186737,0.18593418858382907,1
0.19406892015673927,0.008378562407576139,1
0.14963501555698663,-0.02155813497656398,1
0.10792843607433815,0.004559305549579269,1
0.530184022222234,-0.022821543050183902,1
0.5832145850827176,0.14241279580310293,1
0.4932178034286831,0.24466654248292366,1
0.1093753256019858,-0.2295312258712068,1
0.5228733672273255,0.08675799075152912,1
0.3862212536495369,0.21706567014426983,1
0.16230597894125814,-0.46608233911885283,1
0.3201172297320174,0.3808340254469024,1
0.17106039068753306,0.12169529355308656,1
0.46153442634935765,-0.1330581115805955,1
0.28057408676126777,0.08582765711095865,1
0.13180541290612383,-0.21672406561982036,1
0.13064388543083244,0.11519209260486461,1
0.6155733504580861,-0.05974760539549535,1
0.1149450062552877,0.07363058385306012,1
0.6349454427250013,0.048524430154961204,1
0.2275920693779551,0.03276400003041317,1
0.20252852909569533,-0.3979405507355114,1
0.18837202699889366,-0.1459851434915632,1
0.4709016486425859,0.11090056563953339,1
0.04038165882566074,0.08527887155357002,1
0.6864569647501542,0.08272539219753167,1
0.47311644279499837,-0.13124917393103452,1
0.39971563278811534,-0.024318447580477416,1
0.5444708104853289,0.005837889469171985,1
0.6749806461270211,0.07546235187235652,1
0.6038589232524846,0.09169017344951977,1
0.15200498039035587,-0.004306308191588582,1
0.25315547151202233,-0.20526386601104077,1
0.10002777637566891,-0.3813960503169722,1
0.33416416505062085,0.3488913123809694,1
0.17572846832459824,0.19497126531685832,1
0.48807260403914654,-0.09334275576459432,1
0.2457168948599349,0.2608187908251199,1
0.23148873821367075,-0.03775743496836556,1
0.013769167159254993,0.07277230500557823,1
0.2887362556688923,0.22360675453155013,1
0.13215782907438398,0.02126178999131382,1
0.4013037914406632,0.02817753950525493,1
0.32334382623991614,-0.10674909627234623,1
0.19289333882403922,-0.20589126645382247,1
0.25519876400209895,-0.3568051894562189,1
0.3430652190969756,0.07360002250758486,1
0.5852394195544767,-0.08986563580647965,1
0.3195582036566902,-0.16675731466338292,1
0.16238047548421955,-0.42618394747143373,1
0.14656793322420633,-0.07026709722173145,1
0.012977185069870143,0.19088947806011566,1
0.5862898548797385,0.12277061411078743,1
0.03942309595928068,0.21155107693810746,1
0.11550971723156361,0.22592794384305243,1
0.4835111172629234,0.1506843213406302,1
0.2901742649567197,0.027599156312400834,1
0.28462480852433375,-0.168570972501779,1
0.021904419595123414,0.156458627494021,1
0.5212884886714625,0.23380494509039007,1
0.3542955433149897,0.27789772097114107,1
0.3452642544913244,0.22466785582648832,1
0.475038332312358,0.05982505644864623,1
0.43134761065867033,0.08710529163973206,1
0.6895803375142651,0.0803025017789404,1
0.1799834559730493,0.14465698281815023,1
0.3244007347969819,0.05202483301684723,1
0.10926705104889467,-0.06839872274252361,1
0.24290556536312807,0.3697625628012779,1
0.13241259633559263,-0.27174536557066664,1
0.2781327799723911,0.15135254217299846,1
0.22031501278646592,0.268432148961915,1
0.4903632651737699,0.24154492394194346,1
0.5035920875853593,0.0013237005128938731,1
0.6229487684350328,0.01848078728843982,1
0.3698174780348136,0.3144977467620917,1
0.4687566875514646,0.032898694833969615,1
0.016733623205420604,0.2074925703798196,1
0.1458882128163157,-0.2962504359456462,1
0.3288251093821444,0.14574506278629373,1
0.23299507284893692,-0.5003115769389677,1
0.05977931603597517,-0.017250729085483273,1
0.19892950921601055,-0.36664059046813835,1
0.06755864707570731,-0.00976303510594885,1
0.2602531052316903,0.2773906591465175,1
0.08128365327754859,-0.05903207840086033,1
0.29684361359475764,0.03964342806534133,1
0.18598399100591193,-0.203313478280277,1
0.033123034150998217,0.09846486224546676,1
0.11981725375900112,0.23180459237120102,1
0.48783819201059575,0.2964424097439943,1
0.2794844914015237,-0.13833132420214747,1
0.4541325154670791,0.19825874477083494,1
0.5913390053736652,-0.07638612876795259,1
0.4064181370281507,0.27282241579023364,1
0.010016731910450919,0.3242157495527353,1
0.33732333420988203,-0.10795170920419124,1
0.46791358908523506,0.12316932118300727,1
0.44687350432563877,-0.010319705085729238,1
0.1812427797546368,0.3912508924417006,1
0.27588432112113304,0.23006681300692888,1
0.37064442622049054,0.3133380792379834,1
0.28717058253486477,0.16403587405968054,1
0.44530388753352224,0.1620003997331336,1
0.5578008529508466,0.11094581109485717,1
0.01835059828951578,0.1841382897679992,1
0.2912370778113311,0.05451282022602467,1
0.09200851260241966,-0.27874317968148826,1
0.3132589598948948,0.3213186805547115,1
0.44008792914388284,-0.27911684376203205,1
0.5839478644520505,0.07316262373008804,1
0.41298666089163083,-0.026019210952746515,1
0.2509215207465969,-0.08256536472829638,1
0.2631755386182647,-0.12972503043087608,1
0.140629050229657,-0.3445976111360996,1
0.21865935704932207,-0.5085613651327836,1
0.023763899890116236,0.3011066428644174,1
0.1497298764229758,0.08124422186116362,1
0.29046912763927174,-0.0030605938333746964,1
0.24419795297798694,0.00929391574878429,1
0.15851394669749297,-0.44158242325518704,1
0.32326281262749096,-0.07314756017871978,1
0.6887493194071789,0.0884356145276662,1
0.3399016332273364,-0.3010896840882553,1
0.44524532728777433,-0.12312925089263971,1
0.30643001549016324,-0.1774007164186318,1
0.42315328354008513,-0.047551389054053386,1
0.04576825334804825,0.3430141342886426,1
0.16101847071464356,-0.3797934945317519,1
0.28212690958322784,-0.10846217125546362,1
0.3703661835962383,0.26016382227815205,1
0.41290694992510046,0.1813140023722496,1
0.33047081841779075,0.12285208906071877,1
0.4253824774928061,0.18152902795976544,1
0.29569308351496365,-0.04052064529310045,1
0.5857177688515954,0.003262746533910702,1
0.07396972353090325,0.2112745198887326,1
0.28756853191757603,-0.10259599913647723,1
0.39434331734980993,0.16421544777424815,1
0.29035327537707395,0.2572538113205936,1
0.11903969595712251,-0.3675935131003153,1
0.18244289977630704,0.14594290397935453,1
0.4246149797365482,0.20216877244856887,1
0.26437840153972547,-0.1145456917923659,1
0.33206950049141915,-0.14928392767536636,1
0.46987352285651107,0.2608425837105717,1
0.08480955142131452,0.3515775532357698,1
0.36149122707917364,-0.21964906764843328,1
0.143389768363744,0.027201779920481887,1
0.18550966727013402,0.0548737537802476,1
0.07887088967700698,0.08350429708190381,1
0.08761606835928402,-0.028882353621210863,1
0.5484567068986477,-0.0769026789042129,1
0.1230300717138327,0.3256630341356431,1
0.07445309887478432,0.17094678681909273,1
0.32677048934177355,-0.3579468646288562,1
0.1116567697408037,0.24598488081663666,1
0.12865690123938123,-0.2819479084218248,1
0.4979296092167433,0.09071626406427329,1
0.158112110016639,0.22818754174330474,1
0.4361874442188961,-0.028929828178442772,1
0.3894946552078683,-0.0801148499921887,1
0.20021985344450216,0.11244267778341055,1
0.5766283363783095,-0.1749615502783622,1
0.28166681903264795,0.3451829575304718,1
0.0017746695731815977,0.2775032758307279,1
0.42770705213371857,-0.04408163102108658,1
0.3610550114369086,-0.00900494827602475,1
0.26097440935907273,-0.09631755794637349,1
0.11558177635528222,-0.21627482064085288,1
0.16782561363397042,-0.3164402247414955,1
0.5830978622326914,0.025938759462059303,1
0.2271370804978588,0.03340380665237418,1
0.33894818989393877,-0.3041317749779761,1
0.1718236049920911,-0.36301591120630916,1
0.23088391346906445,0.36258653765413285,1
0.41701691263282087,0.02849741927338444,1
0.417426437003285,-0.30487977088167434,1
0.18824215195215013,0.35725172164355107,1
0.2528188517908051,-0.4081865624584486,1
0.20335663485326702,-0.13722404834960858,1
0.17842543905018207,0.24661082249403277,1
0.29138305757700395,-0.0610621808653668,1
0.11227885145308199,0.07147628804981973,1
0.34705258601546357,0.12139847467495381,1
0.28209896206083157,-0.03938671387296883,1
0.3280235536653872,-0.12632669154619983,1
0.32290205052146614,-0.2652692881347932,1
0.18244187552115443,0.08486083299309413,1
0.35442396419238803,0.2604649361547477,1
0.14454964673692905,-0.24233718497838552,1
0.28975343437149054,0.13556272486820262,1
0.09180074115205364,-0.1464029555293485,1
0.5209732683165025,-0.18022199800475594,1
0.2176416250401712,0.3477178499024682,1
0.11873214146645097,0.08053672454522663,1
0.07800242994789944,0.3132949927459729,1
0.43832998316284266,-0.041888366112805095,1
0.3713353192063098,-0.1699934244545716,1
0.38401306120144524,-0.010252136677004274,1
0.23810818924134866,0.13787366279872876,1
0.15449838735057986,-0.39102312555045454,1
0.23082086608241822,0.32362243188031364,1
0.2660343729136303,0.2693842252728846,1
0.2676629269580036,0.11107566568106748,1
0.1698821650026462,-0.350683067448781,1
0.15411555199979057,-0.26930621840803076,1
0.5000299444618788,-0.001486697055602355,1
0.16278556895246074,-0.3515558299414136,1
0.09831241483359758,-0.27944804616969326,1
0.2856589042463268,-0.024734236436555708,1
0.2712936534114458,0.283811873103324,1
0.35557552788182534,-0.27751648830529074,1
0.41240308160549566,-0.05941844009076129,1
0.2149036073396641,0.2679617044712323,1
0.10592940695742702,-0.21794803918376576,1
0.678129480104852,0.09490189557178813,1
0.21402225605967393,-0.17118161567364484,1
0.542693177749449,0.18275367105282755,1
0.008720583698013736,0.42298162757504454,1
0.4346708539937877,0.06268960464210319,1
0.086994720116585,0.05478627651098099,1
0.13082904206450374,-0.23961396082226535,1
0.29133680458146216,0.2880551627879302,1
0.1448919830376787,-0.2983707330737003,1
0.10572186184629696,0.2599536204283896,1
0.24892932882222363,-0.3241155955020294,1
0.0907493203054903,-0.10851777094374855,1
0.2929275643023796,0.11481730592890269,1
0.10921535992706066,-0.3648215176223046,1
0.17779224839953167,0.11243436206807605,1
0.07313446022179042,-0.054644481053148265,1
0.23703992891627104,0.4057488057130277,1
0.5204152112497712,0.2989233410028935,1
0.3019692493525909,0.12108762370480713,1
0.1432500504229655,0.19270457226178295,1
0.5766388438837572,0.2029371005082442,1
0.1705310659230951,0.09935692465629664,1
0.4865898792104127,-0.02950696233567633,1
0.13593034803170972,0.2830335091098928,1
0.23209677641750942,-0.13886429397206101,1
0.462320387397076,-0.21560467885993748,1
0.18417764575183324,-0.20665435574287416,1
0.6061016637194832,0.22474285841484898,1
0.12028542288909258,-0.2570946483260162,1
0.6093470391160194,0.27944965766444735,1
0.0386579790149821,0.299961161329085,1
0.5997021570896077,-0.11919088406036903,1
0.308445918116312,-0.1416688095491985,1
0.43052369613852864,0.27447104546923534,1
0.4973582869700816,0.073393705341777,1
0.1622196981844887,0.08389831211530092,1
0.5184004161087835,-0.11364127953917144,1
0.3173831381665754,0.015708875012095825,1
0.23951902885689294,-0.035928957496483976,1
0.08488980788000505,0.31500096560667096,1
0.16588206047018253,-0.4102188207852178,1
0.25947212924103613,0.0013647444723849395,1
0.2649362647801992,-0.08439070953574891,1
0.1251682816932428,0.04084318801368454,1
0.006302432205674385,0.18528766508960606,1
0.2315365755497864,-0.08294763580967451,1
0.05312119553504309,0.15721127073816685,1
0.13094464321070934,0.20252491499900016,1
0.26339740160331926,-0.0020873994739890565,1
0.3002361352479582,0.11940039013556747,1
0.1557865452246492,-0.2781819865902558,1
0.24206130364905434,-0.07038082027654355,1
0.34691424509032814,0.09820943646678632,1
0.17380435479258713,0.38184394849955317,1
0.3628872736534366,0.12775895695713177,1
0.3841244772924037,0.28914260741861436,1
0.13605587369727387,0.21215559719980165,1
0.41479411951172857,0.1700394023045406,1
0.5479167486612361,-0.07082455174788577,1
0.32593709447478775,0.30336014703999736,1
0.2523228495204661,0.24097811980698064,1
0.12461879619395048,0.37298826689162895,1
0.29206949660321196,-0.2950466954638631,1
